experiment_id,well,job_hash,optuna_trial_number,val_smape_agg,val_smape_cum,architecture_name,feature_kind,use_known_good,data_sample,lag_window,horizon,epochs,patience,batch_size,learning_rate,test_size,val_size,aggregation_method,evaluate_by_slice,aggregation_quantiles,plot,scenario,band,show_components,seed,ensemble_models,physics_strategy,trend_degree,architecture_profile,profile_group,campaign,dataset,architecture,val_smape_cum_norm,val_smape_agg_norm,weighted_score
UNISIM_IV_P11_Seq2Trend_trial_50,P11,0eede9f937f2a7930cecf9a75df9db11,50,5.0125620488373785,0.0982320490214698,Seq2Trend,Normal,False,0.01,300,300,50,20,16,0.05,0.6,0.1,median,True,"[0.25, 0.5, 0.75]",False,P50,,False,42,1,static,5,,default_group,UNISIM_IV_P11_Seq2Trend,UNISIM_IV,Seq2Trend,0.05371900826446281,0.1115702479338843,0.3305785123966942
UNISIM_IV_P11_Seq2Trend_trial_75,P11,05176898ff0ec8cacbe07c28107bcd53,75,4.96007218455385,0.2006352953147586,Seq2Trend,Normal,False,0.01,300,300,200,20,8,0.001,0.6,0.1,median,True,"[0.25, 0.5, 0.75]",False,P50,,False,42,1,exponential,5,,default_group,UNISIM_IV_P11_Seq2Trend,UNISIM_IV,Seq2Trend,0.12396694214876033,0.05867768595041322,0.3652892561983471
UNISIM_IV_P11_Seq2Trend_trial_33,P11,537bc9de12c277cd68e9d9ad103c5fa7,33,5.277380246090633,0.7948905216784186,Seq2Trend,Normal,False,0.25,300,300,100,20,16,0.001,0.6,0.1,median,True,"[0.25, 0.5, 0.75]",False,P50,,False,42,1,exponential,8,,default_group,UNISIM_IV_P11_Seq2Trend,UNISIM_IV,Seq2Trend,0.5582644628099174,0.2409090909090909,1.5983471074380167
UNISIM_IV_P11_Seq2Trend_trial_73,P11,4f15bdbbbef0b3a4350176ffa881c459,73,5.004708102274335,0.5527103797047083,Seq2Trend,Normal,False,0.25,300,300,200,20,16,0.001,0.6,0.1,median,True,"[0.25, 0.5, 0.75]",False,P50,,False,42,1,arps,5,,default_group,UNISIM_IV_P11_Seq2Trend,UNISIM_IV,Seq2Trend,0.40950413223140497,0.10785123966942149,1.034710743801653
UNISIM_IV_P11_Seq2Trend_trial_35,P11,769066ce3813dd7f33e08913a6d9db5a,35,5.11720143688061,0.6222709901870811,Seq2Trend,Normal,False,0.99,300,300,20,20,8,0.005,0.6,0.1,median,True,"[0.25, 0.5, 0.75]",False,P50,,False,42,1,arps,5,,default_group,UNISIM_IV_P11_Seq2Trend,UNISIM_IV,Seq2Trend,0.42644628099173554,0.1305785123966942,1.1140495867768596
UNISIM_IV_P11_Seq2Trend_trial_30,P11,448181998b4587032208ac1a7d72cdb1,30,5.05538322583289,0.1003708314495261,Seq2Trend,Normal,False,0.5,300,300,50,20,8,0.005,0.6,0.1,median,True,"[0.25, 0.5, 0.75]",False,P50,,False,42,1,exponential,5,,default_group,UNISIM_IV_P11_Seq2Trend,UNISIM_IV,Seq2Trend,0.05537190082644628,0.12396694214876033,0.3586776859504132
UNISIM_IV_P11_Seq2Trend_trial_10,P11,509766de1e767d18fa1d9444c6f04851,10,4.924399175992859,0.449880869462907,Seq2Trend,Normal,False,0.5,300,300,200,20,16,0.001,0.6,0.1,median,True,"[0.25, 0.5, 0.75]",False,P50,,False,42,1,arps,4,,default_group,UNISIM_IV_P11_Seq2Trend,UNISIM_IV,Seq2Trend,0.34628099173553717,0.05289256198347107,0.7983471074380165
UNISIM_IV_P11_Seq2Trend_trial_39,P11,0f265b9a99df677d3df75612e05e1836,39,8.104981179456178,1.42670820876161,Seq2Trend,Normal,False,0.99,300,300,200,20,8,0.01,0.6,0.1,median,True,"[0.25, 0.5, 0.75]",False,P50,,False,42,1,pressure_ensemble,5,,default_group,UNISIM_IV_P11_Seq2Trend,UNISIM_IV,Seq2Trend,0.7413223140495868,0.7603305785123967,3.003305785123967
UNISIM_IV_P11_Seq2Trend_trial_91,P11,2453197db4658fbfd808aff8975ffd97,91,5.361773975632212,0.3532775393442825,Seq2Trend,Normal,False,0.5,300,300,200,20,8,0.001,0.6,0.1,median,True,"[0.25, 0.5, 0.75]",False,P50,,False,42,1,arps,8,,default_group,UNISIM_IV_P11_Seq2Trend,UNISIM_IV,Seq2Trend,0.2818181818181818,0.25206611570247933,1.0677685950413223
UNISIM_IV_P11_Seq2Trend_trial_56,P11,143b8e1ccd8264de4fd88bb9923e9826,56,5.277380246090633,0.7948905216784186,Seq2Trend,Normal,False,0.25,300,300,100,20,16,0.001,0.6,0.1,median,True,"[0.25, 0.5, 0.75]",False,P50,,False,42,1,exponential,6,,default_group,UNISIM_IV_P11_Seq2Trend,UNISIM_IV,Seq2Trend,0.5582644628099174,0.2409090909090909,1.5983471074380167
UNISIM_IV_P11_Seq2Trend_trial_9,P11,e0efa39e909fb2332001bfa8253354ef,9,12.798404773322156,3.148668033786844,Seq2Trend,Normal,False,0.99,300,300,20,20,8,0.05,0.6,0.1,median,True,"[0.25, 0.5, 0.75]",False,P50,,False,42,1,static,3,,default_group,UNISIM_IV_P11_Seq2Trend,UNISIM_IV,Seq2Trend,0.8838842975206611,0.8648760330578512,3.497520661157025
UNISIM_IV_P11_Seq2Trend_trial_13,P11,71fea37d8bad2f181c66271eafddb5fa,13,10.84938319732166,2.517001632682493,Seq2Trend,Normal,False,0.5,300,300,50,20,8,0.05,0.6,0.1,median,True,"[0.25, 0.5, 0.75]",False,P50,,False,42,1,static,3,,default_group,UNISIM_IV_P11_Seq2Trend,UNISIM_IV,Seq2Trend,0.8090909090909091,0.8008264462809918,3.2198347107438017
UNISIM_IV_P11_Seq2Trend_trial_89,P11,654f593ae26bf56f6bd621577a1951e9,89,4.931308273622855,0.1224713566571748,Seq2Trend,Normal,False,0.01,300,300,50,20,16,0.01,0.6,0.1,median,True,"[0.25, 0.5, 0.75]",False,P50,,False,42,1,static,2,,default_group,UNISIM_IV_P11_Seq2Trend,UNISIM_IV,Seq2Trend,0.06694214876033058,0.05371900826446281,0.2413223140495868
UNISIM_IV_P11_Seq2Trend_trial_3,P11,220ad4910e867f1fe0ddeeb6b3287346,3,5.053081845718297,0.1103969781452826,Seq2Trend,Normal,False,0.01,300,300,20,20,8,0.05,0.6,0.1,median,True,"[0.25, 0.5, 0.75]",False,P50,,False,42,1,arps,3,,default_group,UNISIM_IV_P11_Seq2Trend,UNISIM_IV,Seq2Trend,0.05785123966942149,0.12148760330578512,0.3586776859504132
UNISIM_IV_P11_Seq2Trend_trial_20,P11,a29219da8efaf1538c187c1e073488f6,20,20.485737880632144,5.6213067972569855,Seq2Trend,Normal,False,0.5,300,300,100,20,8,0.05,0.6,0.1,median,True,"[0.25, 0.5, 0.75]",False,P50,,False,42,1,combined_exp_arps,2,,default_group,UNISIM_IV_P11_Seq2Trend,UNISIM_IV,Seq2Trend,0.9801652892561984,0.9264462809917355,3.813223140495868
UNISIM_IV_P11_Seq2Trend_trial_99,P11,5dcfa62c9a5e94976855eaa8bcc09af9,99,14.919279615595604,4.036392740159027,Seq2Trend,Normal,False,0.99,300,300,200,20,8,0.05,0.6,0.1,median,True,"[0.25, 0.5, 0.75]",False,P50,,False,42,1,exponential,6,,default_group,UNISIM_IV_P11_Seq2Trend,UNISIM_IV,Seq2Trend,0.9095041322314049,0.8880165289256199,3.5950413223140494
UNISIM_IV_P11_Seq2Trend_trial_95,P11,be48ed1e6747567217afff635148ed58,95,12.798404773322156,3.148668033786844,Seq2Trend,Normal,False,0.99,300,300,20,20,8,0.05,0.6,0.1,median,True,"[0.25, 0.5, 0.75]",False,P50,,False,42,1,static,8,,default_group,UNISIM_IV_P11_Seq2Trend,UNISIM_IV,Seq2Trend,0.8838842975206611,0.8648760330578512,3.497520661157025
UNISIM_IV_P11_Seq2Trend_trial_61,P11,d3590e79a2418fc43d8077908eb28c7f,61,5.366343161995181,0.333117632937156,Seq2Trend,Normal,False,0.01,300,300,100,20,8,0.01,0.6,0.1,median,True,"[0.25, 0.5, 0.75]",False,P50,,False,42,1,pressure_ensemble,6,,default_group,UNISIM_IV_P11_Seq2Trend,UNISIM_IV,Seq2Trend,0.2322314049586777,0.2545454545454545,0.9735537190082644
UNISIM_IV_P11_Seq2Trend_trial_52,P11,7dba473bb572a4059c7e11168b3257c7,52,11.87492876950984,2.787838774092418,Seq2Trend,Normal,False,0.99,300,300,200,20,16,0.01,0.6,0.1,median,True,"[0.25, 0.5, 0.75]",False,P50,,False,42,1,arps,2,,default_group,UNISIM_IV_P11_Seq2Trend,UNISIM_IV,Seq2Trend,0.8206611570247934,0.812396694214876,3.266115702479339
UNISIM_IV_P11_Seq2Trend_trial_4,P11,78c234352efa5472849b5e0220ba486c,4,15.183891874852115,3.998756214827288,Seq2Trend,Normal,False,0.99,300,300,50,20,16,0.05,0.6,0.1,median,True,"[0.25, 0.5, 0.75]",False,P50,,False,42,1,pressure_ensemble,4,,default_group,UNISIM_IV_P11_Seq2Trend,UNISIM_IV,Seq2Trend,0.9074380165289256,0.8917355371900827,3.5983471074380167
UNISIM_IV_P11_Seq2Trend_trial_19,P11,6c27e82a3ae9c0a39fd0fd5e29fcdf4a,19,5.129444581927858,0.6476776346688938,Seq2Trend,Normal,False,0.5,300,300,20,20,16,0.005,0.6,0.1,median,True,"[0.25, 0.5, 0.75]",False,P50,,False,42,1,arps,6,,default_group,UNISIM_IV_P11_Seq2Trend,UNISIM_IV,Seq2Trend,0.43636363636363634,0.13553719008264462,1.1438016528925619
UNISIM_IV_P11_Seq2Trend_trial_47,P11,75b80317e49a2e70a7ab4d65f56c9f2e,47,5.59391472096981,0.857440460143404,Seq2Trend,Normal,False,0.5,300,300,20,20,16,0.01,0.6,0.1,median,True,"[0.25, 0.5, 0.75]",False,P50,,False,42,1,static,7,,default_group,UNISIM_IV_P11_Seq2Trend,UNISIM_IV,Seq2Trend,0.5797520661157025,0.2772727272727273,1.7140495867768597
UNISIM_IV_P11_Seq2Trend_trial_70,P11,38d47e505bed2b07495c24f28371568a,70,5.025225787253364,0.0760766569831191,Seq2Trend,Normal,False,0.01,300,300,20,20,16,0.005,0.6,0.1,median,True,"[0.25, 0.5, 0.75]",False,P50,,False,42,1,exponential,7,,default_group,UNISIM_IV_P11_Seq2Trend,UNISIM_IV,Seq2Trend,0.0512396694214876,0.11487603305785124,0.3322314049586777
UNISIM_IV_P11_Seq2Trend_trial_31,P11,8cf108cc2b66e88c6526fa1213baeae2,31,23.021918466205317,6.314368651504708,Seq2Trend,Normal,False,0.99,300,300,100,20,8,0.05,0.6,0.1,median,True,"[0.25, 0.5, 0.75]",False,P50,,False,42,1,arps,8,,default_group,UNISIM_IV_P11_Seq2Trend,UNISIM_IV,Seq2Trend,0.9834710743801653,0.9768595041322314,3.9206611570247936
UNISIM_IV_P11_Seq2Trend_trial_66,P11,12e43f464771fc697a3db683cacd10c4,66,14.919279615595604,4.036392740159027,Seq2Trend,Normal,False,0.99,300,300,200,20,8,0.05,0.6,0.1,median,True,"[0.25, 0.5, 0.75]",False,P50,,False,42,1,exponential,3,,default_group,UNISIM_IV_P11_Seq2Trend,UNISIM_IV,Seq2Trend,0.9095041322314049,0.8880165289256199,3.5950413223140494
UNISIM_IV_P11_Seq2Trend_trial_8,P11,70535ca56e1190db7a5bb7a987ae31ac,8,4.992255045045386,0.3747736297391272,Seq2Trend,Normal,False,0.5,300,300,50,20,16,0.005,0.6,0.1,median,True,"[0.25, 0.5, 0.75]",False,P50,,False,42,1,static,2,,default_group,UNISIM_IV_P11_Seq2Trend,UNISIM_IV,Seq2Trend,0.2892561983471074,0.10495867768595041,0.7884297520661157
UNISIM_IV_P11_Seq2Trend_trial_26,P11,80ceed2749a952bcabe84daaf4043b16,26,5.014807795958185,0.0634421460935031,Seq2Trend,Normal,False,0.01,300,300,50,20,16,0.001,0.6,0.1,median,True,"[0.25, 0.5, 0.75]",False,P50,,False,42,1,exponential,5,,default_group,UNISIM_IV_P11_Seq2Trend,UNISIM_IV,Seq2Trend,0.002892561983471074,0.11363636363636363,0.2330578512396694
UNISIM_IV_P11_Seq2Trend_trial_67,P11,d40e5309cbe321c562687f4f8808a76a,67,5.004708102274335,0.5527103797047083,Seq2Trend,Normal,False,0.25,300,300,200,20,16,0.001,0.6,0.1,median,True,"[0.25, 0.5, 0.75]",False,P50,,False,42,1,arps,5,,default_group,UNISIM_IV_P11_Seq2Trend,UNISIM_IV,Seq2Trend,0.40950413223140497,0.10785123966942149,1.034710743801653
UNISIM_IV_P11_Seq2Trend_trial_29,P11,ea49eca7503b6b2f6643e6f97ebc8c6a,29,5.053081845718297,0.1103969781452826,Seq2Trend,Normal,False,0.01,300,300,20,20,8,0.05,0.6,0.1,median,True,"[0.25, 0.5, 0.75]",False,P50,,False,42,1,arps,5,,default_group,UNISIM_IV_P11_Seq2Trend,UNISIM_IV,Seq2Trend,0.05785123966942149,0.12148760330578512,0.3586776859504132
UNISIM_IV_P11_Seq2Trend_trial_81,P11,22d9bbc0e065739007e0b5354b0f765a,81,8.093759616527837,1.4593062539968968,Seq2Trend,Normal,False,0.99,300,300,50,20,8,0.01,0.6,0.1,median,True,"[0.25, 0.5, 0.75]",False,P50,,False,42,1,arps,6,,default_group,UNISIM_IV_P11_Seq2Trend,UNISIM_IV,Seq2Trend,0.7429752066115702,0.759504132231405,3.0049586776859503
UNISIM_IV_P11_Seq2Trend_trial_86,P11,e6b1e950b731fec6fda1231874b157df,86,4.994502822117894,0.1651236049483552,Seq2Trend,Normal,False,0.01,300,300,200,20,16,0.005,0.6,0.1,median,True,"[0.25, 0.5, 0.75]",False,P50,,False,42,1,combined_exp_arps,7,,default_group,UNISIM_IV_P11_Seq2Trend,UNISIM_IV,Seq2Trend,0.11818181818181818,0.10578512396694215,0.4479338842975207
UNISIM_IV_P11_Seq2Trend_trial_90,P11,565bafe09d62205a3d185a2d621ddeb4,90,7.423335583860953,1.2228153277918028,Seq2Trend,Normal,False,0.5,300,300,100,20,8,0.005,0.6,0.1,median,True,"[0.25, 0.5, 0.75]",False,P50,,False,42,1,static,7,,default_group,UNISIM_IV_P11_Seq2Trend,UNISIM_IV,Seq2Trend,0.7256198347107438,0.6950413223140496,2.8413223140495867
UNISIM_IV_P11_Seq2Trend_trial_76,P11,e48ad38b682feca67428b12206a972ee,76,12.921266643240958,3.1964934394000557,Seq2Trend,Normal,False,0.99,300,300,100,20,8,0.01,0.6,0.1,median,True,"[0.25, 0.5, 0.75]",False,P50,,False,42,1,arps,3,,default_group,UNISIM_IV_P11_Seq2Trend,UNISIM_IV,Seq2Trend,0.8867768595041322,0.8677685950413223,3.509090909090909
UNISIM_IV_P11_Seq2Trend_trial_58,P11,c95718f37b4392e5a7a6a2488a7e9017,58,5.007789259842159,0.0665428009259441,Seq2Trend,Normal,False,0.01,300,300,20,20,8,0.001,0.6,0.1,median,True,"[0.25, 0.5, 0.75]",False,P50,,False,42,1,arps,7,,default_group,UNISIM_IV_P11_Seq2Trend,UNISIM_IV,Seq2Trend,0.004545454545454545,0.1103305785123967,0.22975206611570248
UNISIM_IV_P11_Seq2Trend_trial_21,P11,ce8475a0dee905a8247bbbec4b6e6195,21,5.068381282646765,0.1299929201331185,Seq2Trend,Normal,False,0.25,300,300,50,20,16,0.01,0.6,0.1,median,True,"[0.25, 0.5, 0.75]",False,P50,,False,42,1,pressure_ensemble,4,,default_group,UNISIM_IV_P11_Seq2Trend,UNISIM_IV,Seq2Trend,0.07024793388429752,0.1256198347107438,0.3917355371900827
UNISIM_IV_P11_Seq2Trend_trial_78,P11,825fcf234dc7e345818225cbb89b266f,78,12.554540701204752,3.061687190649756,Seq2Trend,Normal,False,0.99,300,300,50,20,16,0.005,0.6,0.1,median,True,"[0.25, 0.5, 0.75]",False,P50,,False,42,1,combined_exp_arps,3,,default_group,UNISIM_IV_P11_Seq2Trend,UNISIM_IV,Seq2Trend,0.8380165289256198,0.8206611570247934,3.3173553719008266
UNISIM_IV_P11_Seq2Trend_trial_93,P11,6ba0e95de21ae79addd5bec12f6d9d6a,93,13.880341874185298,3.581088197985697,Seq2Trend,Normal,False,0.99,300,300,50,20,8,0.01,0.6,0.1,median,True,"[0.25, 0.5, 0.75]",False,P50,,False,42,1,combined_exp_arps,2,,default_group,UNISIM_IV_P11_Seq2Trend,UNISIM_IV,Seq2Trend,0.8933884297520661,0.8785123966942149,3.543801652892562
UNISIM_IV_P11_Seq2Trend_trial_57,P11,793636ee4ad201ce8a14c095788119dc,57,6.013214276345959,0.6397524405167334,Seq2Trend,Normal,False,0.5,300,300,100,20,16,0.005,0.6,0.1,median,True,"[0.25, 0.5, 0.75]",False,P50,,False,42,1,combined_exp_arps,2,,default_group,UNISIM_IV_P11_Seq2Trend,UNISIM_IV,Seq2Trend,0.43305785123966944,0.4049586776859504,1.6760330578512397
UNISIM_IV_P11_Seq2Trend_trial_48,P11,85faf7fa987736a1f397005ba6ef3166,48,7.0911175484854745,1.084385862906803,Seq2Trend,Normal,False,0.5,300,300,50,20,8,0.01,0.6,0.1,median,True,"[0.25, 0.5, 0.75]",False,P50,,False,42,1,arps,2,,default_group,UNISIM_IV_P11_Seq2Trend,UNISIM_IV,Seq2Trend,0.7119834710743802,0.6805785123966942,2.785123966942149
UNISIM_IV_P11_Seq2Trend_trial_79,P11,1ef72254fc77888da8a2b7b70c2ebd84,79,4.931868477853199,0.3787776256049033,Seq2Trend,Normal,False,0.5,300,300,50,20,16,0.005,0.6,0.1,median,True,"[0.25, 0.5, 0.75]",False,P50,,False,42,1,exponential,2,,default_group,UNISIM_IV_P11_Seq2Trend,UNISIM_IV,Seq2Trend,0.2909090909090909,0.05537190082644628,0.6925619834710743
UNISIM_IV_P11_Seq2Trend_trial_44,P11,6ed1118e659fbd402010508144b37f9d,44,12.673332214964333,3.1426571752217565,Seq2Trend,Normal,False,0.25,300,300,200,20,8,0.01,0.6,0.1,median,True,"[0.25, 0.5, 0.75]",False,P50,,False,42,1,combined_exp_arps,4,,default_group,UNISIM_IV_P11_Seq2Trend,UNISIM_IV,Seq2Trend,0.8818181818181818,0.8636363636363636,3.490909090909091
UNISIM_IV_P11_Seq2Trend_trial_51,P11,38771dbde13a6f3d577fc166d41c1c0a,51,5.277380246090633,0.7948905216784186,Seq2Trend,Normal,False,0.25,300,300,100,20,16,0.001,0.6,0.1,median,True,"[0.25, 0.5, 0.75]",False,P50,,False,42,1,exponential,2,,default_group,UNISIM_IV_P11_Seq2Trend,UNISIM_IV,Seq2Trend,0.5582644628099174,0.2409090909090909,1.5983471074380167
UNISIM_IV_P11_Seq2Trend_trial_92,P11,fad14892d69c26a1229bf8307911ca43,92,12.409627806722993,3.0312851017183107,Seq2Trend,Normal,False,0.5,300,300,200,20,16,0.01,0.6,0.1,median,True,"[0.25, 0.5, 0.75]",False,P50,,False,42,1,exponential,6,,default_group,UNISIM_IV_P11_Seq2Trend,UNISIM_IV,Seq2Trend,0.8347107438016529,0.8181818181818182,3.3057851239669422
UNISIM_IV_P11_Seq2Trend_trial_37,P11,d6293260ec6567a43f1d2bece8782936,37,4.9904573296865,0.0682276650173791,Seq2Trend,Normal,False,0.01,300,300,50,20,16,0.001,0.6,0.1,median,True,"[0.25, 0.5, 0.75]",False,P50,,False,42,1,pressure_ensemble,4,,default_group,UNISIM_IV_P11_Seq2Trend,UNISIM_IV,Seq2Trend,0.02727272727272727,0.08264462809917356,0.21983471074380165
UNISIM_IV_P11_Seq2Trend_trial_11,P11,b004e63ff65558327b200b7bff1bc263,11,5.025231073130641,0.087819797619744,Seq2Trend,Normal,False,0.01,300,300,100,20,8,0.005,0.6,0.1,median,True,"[0.25, 0.5, 0.75]",False,P50,,False,42,1,combined_exp_arps,5,,default_group,UNISIM_IV_P11_Seq2Trend,UNISIM_IV,Seq2Trend,0.05289256198347107,0.11570247933884298,0.33719008264462813
UNISIM_IV_P11_Seq2Trend_trial_0,P11,e779aba50a0ed0b109c82d1d72f9442b,0,5.277380246090633,0.7948905216784186,Seq2Trend,Normal,False,0.25,300,300,100,20,16,0.001,0.6,0.1,median,True,"[0.25, 0.5, 0.75]",False,P50,,False,42,1,exponential,5,,default_group,UNISIM_IV_P11_Seq2Trend,UNISIM_IV,Seq2Trend,0.5582644628099174,0.2409090909090909,1.5983471074380167
UNISIM_IV_P11_Seq2Trend_trial_64,P11,a17fda4f908176a323511847973b1020,64,5.171649080068834,0.6725555656323722,Seq2Trend,Normal,False,0.5,300,300,20,20,8,0.005,0.6,0.1,median,True,"[0.25, 0.5, 0.75]",False,P50,,False,42,1,exponential,8,,default_group,UNISIM_IV_P11_Seq2Trend,UNISIM_IV,Seq2Trend,0.5037190082644628,0.16074380165289257,1.3289256198347108
UNISIM_IV_P11_Seq2Trend_trial_45,P11,da5e36c20d445d6c261464ffa86d786e,45,4.981754976604735,0.4476913760369048,Seq2Trend,Normal,False,0.25,300,300,100,20,8,0.001,0.6,0.1,median,True,"[0.25, 0.5, 0.75]",False,P50,,False,42,1,exponential,6,,default_group,UNISIM_IV_P11_Seq2Trend,UNISIM_IV,Seq2Trend,0.30330578512396694,0.0603305785123967,0.7272727272727273
UNISIM_IV_P11_Seq2Trend_trial_80,P11,b5a0b4d46e65af9f1e6f70c290bf090c,80,7.470302372222043,1.1955410474891075,Seq2Trend,Normal,False,0.25,300,300,50,20,16,0.05,0.6,0.1,median,True,"[0.25, 0.5, 0.75]",False,P50,,False,42,1,exponential,4,,default_group,UNISIM_IV_P11_Seq2Trend,UNISIM_IV,Seq2Trend,0.7239669421487603,0.6966942148760331,2.841322314049587
UNISIM_IV_P11_Seq2Trend_trial_5,P11,5fcd0648c0202e60d5dfcc7e782f8dc1,5,5.043417300760531,0.1068324242014279,Seq2Trend,Normal,False,0.01,300,300,20,20,16,0.05,0.6,0.1,median,True,"[0.25, 0.5, 0.75]",False,P50,,False,42,1,static,5,,default_group,UNISIM_IV_P11_Seq2Trend,UNISIM_IV,Seq2Trend,0.05619834710743802,0.11818181818181818,0.3487603305785124
UNISIM_IV_P11_Seq2Trend_trial_6,P11,f90710f0236c0e10d199e0a3a5c122c5,6,7.169648214474153,1.142592972423233,Seq2Trend,Normal,False,0.99,300,300,100,20,16,0.005,0.6,0.1,median,True,"[0.25, 0.5, 0.75]",False,P50,,False,42,1,static,3,,default_group,UNISIM_IV_P11_Seq2Trend,UNISIM_IV,Seq2Trend,0.7223140495867768,0.6859504132231405,2.816528925619835
UNISIM_IV_P11_Seq2Trend_trial_17,P11,23057956c32f3a3f40005ad2dd969849,17,6.224903319842808,1.2541282758380763,Seq2Trend,Normal,False,0.99,300,300,20,20,16,0.001,0.6,0.1,median,True,"[0.25, 0.5, 0.75]",False,P50,,False,42,1,static,7,,default_group,UNISIM_IV_P11_Seq2Trend,UNISIM_IV,Seq2Trend,0.7289256198347107,0.48512396694214877,2.428099173553719
UNISIM_IV_P11_Seq2Trend_trial_22,P11,7e3d572c2c2a4d3fdba23f9b49782ed9,22,8.437664854511114,1.576464344791256,Seq2Trend,Normal,False,0.25,300,300,100,20,8,0.01,0.6,0.1,median,True,"[0.25, 0.5, 0.75]",False,P50,,False,42,1,exponential,6,,default_group,UNISIM_IV_P11_Seq2Trend,UNISIM_IV,Seq2Trend,0.7528925619834711,0.7694214876033058,3.0446280991735537
UNISIM_IV_P11_Seq2Trend_trial_54,P11,e63d4245bb9de54bc8548a00748ea90f,54,5.069509956663988,0.117310051011651,Seq2Trend,Normal,False,0.01,300,300,200,20,8,0.05,0.6,0.1,median,True,"[0.25, 0.5, 0.75]",False,P50,,False,42,1,pressure_ensemble,2,,default_group,UNISIM_IV_P11_Seq2Trend,UNISIM_IV,Seq2Trend,0.06363636363636363,0.12644628099173555,0.38016528925619836
UNISIM_IV_P11_Seq2Trend_trial_43,P11,6f4c6ee058f30cb4b87004bacca5cdd8,43,5.048378855490606,0.1156789598623079,Seq2Trend,Normal,False,0.01,300,300,20,20,16,0.01,0.6,0.1,median,True,"[0.25, 0.5, 0.75]",False,P50,,False,42,1,combined_exp_arps,4,,default_group,UNISIM_IV_P11_Seq2Trend,UNISIM_IV,Seq2Trend,0.062396694214876036,0.11942148760330579,0.36363636363636365
UNISIM_IV_P11_Seq2Trend_trial_97,P11,fbd6e8edb71b4144f9871b5978341a35,97,5.110519285902,0.5372091043085158,Seq2Trend,Normal,False,0.25,300,300,20,20,8,0.005,0.6,0.1,median,True,"[0.25, 0.5, 0.75]",False,P50,,False,42,1,exponential,2,,default_group,UNISIM_IV_P11_Seq2Trend,UNISIM_IV,Seq2Trend,0.4066115702479339,0.12892561983471074,1.0710743801652893
UNISIM_IV_P11_Seq2Trend_trial_42,P11,08a7bcbe318a9a5266a937f8faa27e74,42,4.902310266120556,0.444282150995528,Seq2Trend,Normal,False,0.25,300,300,200,20,16,0.001,0.6,0.1,median,True,"[0.25, 0.5, 0.75]",False,P50,,False,42,1,pressure_ensemble,3,,default_group,UNISIM_IV_P11_Seq2Trend,UNISIM_IV,Seq2Trend,0.30165289256198347,0.0512396694214876,0.7057851239669422
UNISIM_IV_P11_Seq2Trend_trial_23,P11,e48af4e170ff48eec340e8d537cf2237,23,5.007789259842159,0.0665428009259441,Seq2Trend,Normal,False,0.01,300,300,20,20,8,0.001,0.6,0.1,median,True,"[0.25, 0.5, 0.75]",False,P50,,False,42,1,arps,5,,default_group,UNISIM_IV_P11_Seq2Trend,UNISIM_IV,Seq2Trend,0.004545454545454545,0.1103305785123967,0.22975206611570248
UNISIM_IV_P11_Seq2Trend_trial_14,P11,75ac394262eb58f27c33c5ce4fa67254,14,6.653490246479851,0.9511428652559296,Seq2Trend,Normal,False,0.25,300,300,50,20,16,0.05,0.6,0.1,median,True,"[0.25, 0.5, 0.75]",False,P50,,False,42,1,combined_exp_arps,5,,default_group,UNISIM_IV_P11_Seq2Trend,UNISIM_IV,Seq2Trend,0.6884297520661157,0.6487603305785123,2.6743801652892563
UNISIM_IV_P11_Seq2Trend_trial_12,P11,79fdd2043e60c7b6daa70d3890d68412,12,4.933464776452475,0.4599730613191219,Seq2Trend,Normal,False,0.99,300,300,20,20,16,0.005,0.6,0.1,median,True,"[0.25, 0.5, 0.75]",False,P50,,False,42,1,static,7,,default_group,UNISIM_IV_P11_Seq2Trend,UNISIM_IV,Seq2Trend,0.39008264462809916,0.05619834710743802,0.8925619834710744
UNISIM_IV_P11_Seq2Trend_trial_32,P11,da9d3ea798916b609fe2a2bd662d435d,32,4.9904573296865,0.0682276650173791,Seq2Trend,Normal,False,0.01,300,300,50,20,16,0.001,0.6,0.1,median,True,"[0.25, 0.5, 0.75]",False,P50,,False,42,1,pressure_ensemble,3,,default_group,UNISIM_IV_P11_Seq2Trend,UNISIM_IV,Seq2Trend,0.02727272727272727,0.08264462809917356,0.21983471074380165
UNISIM_IV_P11_Seq2Trend_trial_83,P11,4d6317fd11c59e0b4d318746d7e0c0a7,83,5.053081845718297,0.1103969781452826,Seq2Trend,Normal,False,0.01,300,300,20,20,8,0.05,0.6,0.1,median,True,"[0.25, 0.5, 0.75]",False,P50,,False,42,1,arps,8,,default_group,UNISIM_IV_P11_Seq2Trend,UNISIM_IV,Seq2Trend,0.05785123966942149,0.12148760330578512,0.3586776859504132
UNISIM_IV_P11_Seq2Trend_trial_62,P11,c0350c70f4150c451cba6818cad353b2,62,5.59391472096981,0.857440460143404,Seq2Trend,Normal,False,0.5,300,300,20,20,16,0.01,0.6,0.1,median,True,"[0.25, 0.5, 0.75]",False,P50,,False,42,1,static,8,,default_group,UNISIM_IV_P11_Seq2Trend,UNISIM_IV,Seq2Trend,0.5797520661157025,0.2772727272727273,1.7140495867768597
UNISIM_IV_P11_Seq2Trend_trial_2,P11,3e037f37be9dc4c624b79fea034de263,2,5.219050073380602,0.6871034804928974,Seq2Trend,Normal,False,0.99,300,300,50,20,8,0.001,0.6,0.1,median,True,"[0.25, 0.5, 0.75]",False,P50,,False,42,1,static,2,,default_group,UNISIM_IV_P11_Seq2Trend,UNISIM_IV,Seq2Trend,0.5256198347107438,0.22975206611570248,1.5107438016528927
UNISIM_IV_P11_Seq2Trend_trial_25,P11,582fdb61cc7a40887139440a2a965f54,25,5.369151453344962,0.8030964617881615,Seq2Trend,Normal,False,0.5,300,300,50,20,8,0.001,0.6,0.1,median,True,"[0.25, 0.5, 0.75]",False,P50,,False,42,1,combined_exp_arps,8,,default_group,UNISIM_IV_P11_Seq2Trend,UNISIM_IV,Seq2Trend,0.5611570247933885,0.25702479338842976,1.6363636363636365
UNISIM_IV_P11_Seq2Trend_trial_74,P11,dcb79e3a295539bf5bd6a7341146fa10,74,4.909199180590833,0.4257568509370044,Seq2Trend,Normal,False,0.5,300,300,200,20,16,0.001,0.6,0.1,median,True,"[0.25, 0.5, 0.75]",False,P50,,False,42,1,exponential,4,,default_group,UNISIM_IV_P11_Seq2Trend,UNISIM_IV,Seq2Trend,0.3,0.05206611570247934,0.7041322314049586
UNISIM_IV_P11_Seq2Trend_trial_40,P11,5773e7586291dc18cb4c5f763c20eab7,40,11.916703505874052,2.7690908282176574,Seq2Trend,Normal,False,0.99,300,300,200,20,16,0.01,0.6,0.1,median,True,"[0.25, 0.5, 0.75]",False,P50,,False,42,1,exponential,8,,default_group,UNISIM_IV_P11_Seq2Trend,UNISIM_IV,Seq2Trend,0.8190082644628099,0.8140495867768595,3.266115702479339
UNISIM_IV_P11_Seq2Trend_trial_55,P11,ed808922f8ad6d33bd97c9e9003a8b9b,55,4.934959737420036,0.1802319305248103,Seq2Trend,Normal,False,0.01,300,300,200,20,8,0.005,0.6,0.1,median,True,"[0.25, 0.5, 0.75]",False,P50,,False,42,1,exponential,3,,default_group,UNISIM_IV_P11_Seq2Trend,UNISIM_IV,Seq2Trend,0.1206611570247934,0.05702479338842975,0.3553719008264463
UNISIM_IV_P11_Seq2Trend_trial_77,P11,a76ccdae4d1c49343ee623dd63e66d37,77,15.98233715349244,4.3738212191214885,Seq2Trend,Normal,False,0.5,300,300,200,20,8,0.05,0.6,0.1,median,True,"[0.25, 0.5, 0.75]",False,P50,,False,42,1,combined_exp_arps,7,,default_group,UNISIM_IV_P11_Seq2Trend,UNISIM_IV,Seq2Trend,0.9181818181818182,0.8983471074380165,3.6330578512396694
UNISIM_IV_P11_Seq2Trend_trial_63,P11,66d11fd7ceb581fdf59f7736d70377ea,63,6.437780004585242,0.7650271834443162,Seq2Trend,Normal,False,0.25,300,300,200,20,16,0.005,0.6,0.1,median,True,"[0.25, 0.5, 0.75]",False,P50,,False,42,1,arps,4,,default_group,UNISIM_IV_P11_Seq2Trend,UNISIM_IV,Seq2Trend,0.5479338842975207,0.5801652892561984,2.2561983471074383
UNISIM_IV_P11_Seq2Trend_trial_18,P11,4d445b68cef72b40a8c4905b62cfbe7b,18,5.048378855490606,0.1156789598623079,Seq2Trend,Normal,False,0.01,300,300,20,20,16,0.01,0.6,0.1,median,True,"[0.25, 0.5, 0.75]",False,P50,,False,42,1,combined_exp_arps,6,,default_group,UNISIM_IV_P11_Seq2Trend,UNISIM_IV,Seq2Trend,0.062396694214876036,0.11942148760330579,0.36363636363636365
UNISIM_IV_P11_Seq2Trend_trial_38,P11,6957cd50d1a061c3503d9ba782d8a7c6,38,10.85820874428491,2.461473842470385,Seq2Trend,Normal,False,0.99,300,300,50,20,8,0.005,0.6,0.1,median,True,"[0.25, 0.5, 0.75]",False,P50,,False,42,1,arps,6,,default_group,UNISIM_IV_P11_Seq2Trend,UNISIM_IV,Seq2Trend,0.8041322314049587,0.8016528925619835,3.211570247933884
UNISIM_IV_P11_Seq2Trend_trial_1,P11,163d2b5be43a6e6896e439b311689ab2,1,7.0911175484854745,1.084385862906803,Seq2Trend,Normal,False,0.5,300,300,50,20,8,0.01,0.6,0.1,median,True,"[0.25, 0.5, 0.75]",False,P50,,False,42,1,arps,6,,default_group,UNISIM_IV_P11_Seq2Trend,UNISIM_IV,Seq2Trend,0.7119834710743802,0.6805785123966942,2.785123966942149
UNISIM_IV_P11_Seq2Trend_trial_53,P11,656817165c22c5f9bc36e14b1d043c4c,53,5.619581122178049,0.961379813245806,Seq2Trend,Normal,False,0.5,300,300,50,20,16,0.001,0.6,0.1,median,True,"[0.25, 0.5, 0.75]",False,P50,,False,42,1,exponential,3,,default_group,UNISIM_IV_P11_Seq2Trend,UNISIM_IV,Seq2Trend,0.6892561983471074,0.3247933884297521,2.028099173553719
UNISIM_IV_P11_Seq2Trend_trial_60,P11,cfdd84e667642cff7da94cc5fcd73ccf,60,5.053082128771417,0.1103983743361676,Seq2Trend,Normal,False,0.01,300,300,20,20,8,0.05,0.6,0.1,median,True,"[0.25, 0.5, 0.75]",False,P50,,False,42,1,exponential,8,,default_group,UNISIM_IV_P11_Seq2Trend,UNISIM_IV,Seq2Trend,0.05950413223140496,0.1231404958677686,0.3652892561983471
UNISIM_IV_P11_Seq2Trend_trial_59,P11,42dd6e7d09113a0a41499282e48c2049,59,6.02840708142475,1.143618893035145,Seq2Trend,Normal,False,0.99,300,300,20,20,16,0.001,0.6,0.1,median,True,"[0.25, 0.5, 0.75]",False,P50,,False,42,1,exponential,3,,default_group,UNISIM_IV_P11_Seq2Trend,UNISIM_IV,Seq2Trend,0.7231404958677686,0.4090909090909091,2.2644628099173554
UNISIM_IV_P11_Seq2Trend_trial_16,P11,a1d2fe5bb86cccd572117f95fc8afde2,16,5.038964639068202,0.1132772905546866,Seq2Trend,Normal,False,0.01,300,300,20,20,16,0.05,0.6,0.1,median,True,"[0.25, 0.5, 0.75]",False,P50,,False,42,1,pressure_ensemble,5,,default_group,UNISIM_IV_P11_Seq2Trend,UNISIM_IV,Seq2Trend,0.06115702479338843,0.11735537190082644,0.35702479338842974
UNISIM_IV_P11_Seq2Trend_trial_28,P11,52fdfcb0f34078701424f2b67f536720,28,12.80870016580099,3.1559243549838705,Seq2Trend,Normal,False,0.99,300,300,200,20,16,0.005,0.6,0.1,median,True,"[0.25, 0.5, 0.75]",False,P50,,False,42,1,pressure_ensemble,3,,default_group,UNISIM_IV_P11_Seq2Trend,UNISIM_IV,Seq2Trend,0.8851239669421488,0.8661157024793389,3.502479338842975
UNISIM_IV_P11_Seq2Trend_trial_49,P11,5d2c5c127cf80a0da867626e9d947b86,49,5.583094093694927,0.4723221775801956,Seq2Trend,Normal,False,0.99,300,300,20,20,8,0.001,0.6,0.1,median,True,"[0.25, 0.5, 0.75]",False,P50,,False,42,1,arps,6,,default_group,UNISIM_IV_P11_Seq2Trend,UNISIM_IV,Seq2Trend,0.39545454545454545,0.27479338842975204,1.340495867768595
UNISIM_IV_P11_Seq2Trend_trial_46,P11,39f515f19686ec52407752b1742ddb7c,46,4.954880706897849,0.5342162231027219,Seq2Trend,Normal,False,0.5,300,300,20,20,16,0.005,0.6,0.1,median,True,"[0.25, 0.5, 0.75]",False,P50,,False,42,1,combined_exp_arps,5,,default_group,UNISIM_IV_P11_Seq2Trend,UNISIM_IV,Seq2Trend,0.4041322314049587,0.05785123966942149,0.9239669421487604
UNISIM_IV_P11_Seq2Trend_trial_65,P11,b80990c9cb4abb5ac6b8c021d989123a,65,8.690766885006857,1.6416233270526592,Seq2Trend,Normal,False,0.25,300,300,50,20,16,0.05,0.6,0.1,median,True,"[0.25, 0.5, 0.75]",False,P50,,False,42,1,static,4,,default_group,UNISIM_IV_P11_Seq2Trend,UNISIM_IV,Seq2Trend,0.7582644628099173,0.7747933884297521,3.0661157024793386
UNISIM_IV_P11_Seq2Trend_trial_72,P11,077c20b24049c55822a8397fff8fdc96,72,9.328907813424657,1.887357657123874,Seq2Trend,Normal,False,0.99,300,300,20,20,8,0.05,0.6,0.1,median,True,"[0.25, 0.5, 0.75]",False,P50,,False,42,1,arps,5,,default_group,UNISIM_IV_P11_Seq2Trend,UNISIM_IV,Seq2Trend,0.7727272727272727,0.7867768595041322,3.11900826446281
UNISIM_IV_P11_Seq2Trend_trial_7,P11,4f727d1509c2c44596372864c0b6a56f,7,12.634321321335891,3.041562573167352,Seq2Trend,Normal,False,0.99,300,300,20,20,8,0.05,0.6,0.1,median,True,"[0.25, 0.5, 0.75]",False,P50,,False,42,1,pressure_ensemble,6,,default_group,UNISIM_IV_P11_Seq2Trend,UNISIM_IV,Seq2Trend,0.8355371900826446,0.8628099173553719,3.396694214876033
UNISIM_IV_P11_Seq2Trend_trial_87,P11,0e0e866be97ef48966732de505397471,87,5.128644671659028,0.1522664369113383,Seq2Trend,Normal,False,0.5,300,300,50,20,8,0.005,0.6,0.1,median,True,"[0.25, 0.5, 0.75]",False,P50,,False,42,1,combined_exp_arps,2,,default_group,UNISIM_IV_P11_Seq2Trend,UNISIM_IV,Seq2Trend,0.11570247933884298,0.1347107438016529,0.5008264462809917
UNISIM_IV_P11_Seq2Trend_trial_82,P11,44e2205ae0b1cdf69d643bd132fed8a8,82,8.690766885006857,1.6416233270526592,Seq2Trend,Normal,False,0.25,300,300,50,20,16,0.05,0.6,0.1,median,True,"[0.25, 0.5, 0.75]",False,P50,,False,42,1,static,4,,default_group,UNISIM_IV_P11_Seq2Trend,UNISIM_IV,Seq2Trend,0.7582644628099173,0.7747933884297521,3.0661157024793386
UNISIM_IV_P11_Seq2Trend_trial_68,P11,0cb61ed3a029284df55ceec5482d5c6c,68,12.318488777837096,3.003058434294364,Seq2Trend,Normal,False,0.99,300,300,100,20,8,0.001,0.6,0.1,median,True,"[0.25, 0.5, 0.75]",False,P50,,False,42,1,pressure_ensemble,2,,default_group,UNISIM_IV_P11_Seq2Trend,UNISIM_IV,Seq2Trend,0.8330578512396695,0.8173553719008264,3.3008264462809915
UNISIM_IV_P11_Seq2Trend_trial_94,P11,47052dc61adc80b79351f4dfe4734524,94,4.973978531733136,0.0845758066095407,Seq2Trend,Normal,False,0.01,300,300,50,20,8,0.001,0.6,0.1,median,True,"[0.25, 0.5, 0.75]",False,P50,,False,42,1,pressure_ensemble,2,,default_group,UNISIM_IV_P11_Seq2Trend,UNISIM_IV,Seq2Trend,0.05206611570247934,0.05950413223140496,0.2231404958677686
UNISIM_IV_P11_Seq2Trend_trial_96,P11,39b5eff497aba32bd63834edbae7d448,96,5.294499901120724,0.7499632518127659,Seq2Trend,Normal,False,0.5,300,300,50,20,8,0.001,0.6,0.1,median,True,"[0.25, 0.5, 0.75]",False,P50,,False,42,1,static,8,,default_group,UNISIM_IV_P11_Seq2Trend,UNISIM_IV,Seq2Trend,0.5446280991735537,0.24545454545454545,1.5801652892561984
UNISIM_IV_P11_Seq2Trend_trial_24,P11,e64571a5116ebd9d5186af5a6c9f18ce,24,5.612386244013419,0.4682356320377228,Seq2Trend,Normal,False,0.25,300,300,100,20,8,0.005,0.6,0.1,median,True,"[0.25, 0.5, 0.75]",False,P50,,False,42,1,static,4,,default_group,UNISIM_IV_P11_Seq2Trend,UNISIM_IV,Seq2Trend,0.3933884297520661,0.32231404958677684,1.4314049586776858
UNISIM_IV_P11_Seq2Trend_trial_41,P11,86f1d0a1c488b9518ee06ffe1e2c7b0b,41,17.18379715610104,4.546957818832105,Seq2Trend,Normal,False,0.5,300,300,200,20,16,0.05,0.6,0.1,median,True,"[0.25, 0.5, 0.75]",False,P50,,False,42,1,combined_exp_arps,8,,default_group,UNISIM_IV_P11_Seq2Trend,UNISIM_IV,Seq2Trend,0.9272727272727272,0.9049586776859504,3.6644628099173553
UNISIM_IV_P11_Seq2Trend_trial_15,P11,4f79fbb2e380a67fa8360073bb177ef5,15,5.002822772588274,0.149682622932811,Seq2Trend,Normal,False,0.99,300,300,20,20,16,0.01,0.6,0.1,median,True,"[0.25, 0.5, 0.75]",False,P50,,False,42,1,pressure_ensemble,8,,default_group,UNISIM_IV_P11_Seq2Trend,UNISIM_IV,Seq2Trend,0.11487603305785124,0.10661157024793388,0.44297520661157025
UNISIM_IV_P11_Seq2Trend_trial_34,P11,f4c268b1244e5153e9046f7606ebef89,34,5.100629554078928,0.119358889643588,Seq2Trend,Normal,False,0.01,300,300,50,20,8,0.01,0.6,0.1,median,True,"[0.25, 0.5, 0.75]",False,P50,,False,42,1,exponential,8,,default_group,UNISIM_IV_P11_Seq2Trend,UNISIM_IV,Seq2Trend,0.06611570247933884,0.128099173553719,0.3884297520661157
UNISIM_IV_P11_Seq2Trend_trial_36,P11,ba6117938e4096236dc3fc6d91b2fc14,36,5.007349215400306,0.0729078674665758,Seq2Trend,Normal,False,0.01,300,300,50,20,16,0.005,0.6,0.1,median,True,"[0.25, 0.5, 0.75]",False,P50,,False,42,1,exponential,5,,default_group,UNISIM_IV_P11_Seq2Trend,UNISIM_IV,Seq2Trend,0.050413223140495865,0.10909090909090909,0.3190082644628099
UNISIM_IV_P11_Seq2Trend_trial_88,P11,87b22bb04c8079f7e5c6ae6dc3f64e96,88,5.272623655314895,0.1479568550485991,Seq2Trend,Normal,False,0.25,300,300,20,20,8,0.05,0.6,0.1,median,True,"[0.25, 0.5, 0.75]",False,P50,,False,42,1,arps,7,,default_group,UNISIM_IV_P11_Seq2Trend,UNISIM_IV,Seq2Trend,0.11322314049586776,0.23801652892561984,0.7024793388429752
UNISIM_IV_P11_Seq2Trend_trial_69,P11,0f57ef913d7d96f1f948aac13928a0f4,69,9.231256510889056,1.923668549741363,Seq2Trend,Normal,False,0.25,300,300,20,20,16,0.001,0.6,0.1,median,True,"[0.25, 0.5, 0.75]",False,P50,,False,42,1,arps,7,,default_group,UNISIM_IV_P11_Seq2Trend,UNISIM_IV,Seq2Trend,0.7735537190082644,0.7851239669421488,3.1173553719008265
UNISIM_IV_P11_Seq2Trend_trial_71,P11,baa61800e570c2989e0eacef5f66a0ab,71,8.378590080234673,1.5526467308571108,Seq2Trend,Normal,False,0.99,300,300,200,20,8,0.005,0.6,0.1,median,True,"[0.25, 0.5, 0.75]",False,P50,,False,42,1,pressure_ensemble,8,,default_group,UNISIM_IV_P11_Seq2Trend,UNISIM_IV,Seq2Trend,0.7512396694214876,0.7677685950413223,3.0380165289256196
UNISIM_IV_P11_Seq2Trend_trial_85,P11,6df9b508f9612f0a7ce052ba84e35056,85,5.583094093694927,0.4723221775801956,Seq2Trend,Normal,False,0.99,300,300,20,20,8,0.001,0.6,0.1,median,True,"[0.25, 0.5, 0.75]",False,P50,,False,42,1,arps,7,,default_group,UNISIM_IV_P11_Seq2Trend,UNISIM_IV,Seq2Trend,0.39545454545454545,0.27479338842975204,1.340495867768595
UNISIM_IV_P11_Seq2Trend_trial_84,P11,d42e3ba98a74f840b7db590724972743,84,5.037897623418552,0.1289534413039413,Seq2Trend,Normal,False,0.25,300,300,50,20,8,0.005,0.6,0.1,median,True,"[0.25, 0.5, 0.75]",False,P50,,False,42,1,arps,8,,default_group,UNISIM_IV_P11_Seq2Trend,UNISIM_IV,Seq2Trend,0.06942148760330578,0.11652892561983472,0.371900826446281
UNISIM_IV_P11_Seq2Trend_trial_98,P11,a2f42fa5bdca6831ad40d993e8b708b8,98,5.067689829431062,0.0997545941821169,Seq2Trend,Normal,False,0.01,300,300,200,20,16,0.005,0.6,0.1,median,True,"[0.25, 0.5, 0.75]",False,P50,,False,42,1,arps,6,,default_group,UNISIM_IV_P11_Seq2Trend,UNISIM_IV,Seq2Trend,0.05454545454545454,0.12479338842975207,0.3586776859504132
UNISIM_IV_P11_Seq2Trend_trial_27,P11,64ae6077a8cfce42a5cb0cee4f284ee9,27,5.288774372528823,0.806644157658451,Seq2Trend,Normal,False,0.25,300,300,100,20,16,0.001,0.6,0.1,median,True,"[0.25, 0.5, 0.75]",False,P50,,False,42,1,arps,2,,default_group,UNISIM_IV_P11_Seq2Trend,UNISIM_IV,Seq2Trend,0.5628099173553719,0.24380165289256198,1.6132231404958677
UNISIM_IV_P11_Seq2Trend_trial_139,P11,85e0683df2e1c5284632aa1b242650da,139,4.9904573296865,0.0682276650173791,Seq2Trend,Normal,False,0.01,300,300,50,20,16,0.001,0.6,0.1,median,True,"[0.25, 0.5, 0.75]",False,P50,,False,42,1,pressure_ensemble,5,,default_group,UNISIM_IV_P11_Seq2Trend,UNISIM_IV,Seq2Trend,0.02727272727272727,0.08264462809917356,0.21983471074380165
UNISIM_IV_P11_Seq2Trend_trial_117,P11,0a4dbd8ad87528a3a252d16c98b4288d,117,4.9904573296865,0.0682276650173791,Seq2Trend,Normal,False,0.01,300,300,50,20,16,0.001,0.6,0.1,median,True,"[0.25, 0.5, 0.75]",False,P50,,False,42,1,pressure_ensemble,5,,default_group,UNISIM_IV_P11_Seq2Trend,UNISIM_IV,Seq2Trend,0.02727272727272727,0.08264462809917356,0.21983471074380165
UNISIM_IV_P11_Seq2Trend_trial_104,P11,54d8f9f616bbef15c5ce5f715a3f935b,104,4.9904573296865,0.0682276650173791,Seq2Trend,Normal,False,0.01,300,300,50,20,16,0.001,0.6,0.1,median,True,"[0.25, 0.5, 0.75]",False,P50,,False,42,1,pressure_ensemble,5,,default_group,UNISIM_IV_P11_Seq2Trend,UNISIM_IV,Seq2Trend,0.02727272727272727,0.08264462809917356,0.21983471074380165
UNISIM_IV_P11_Seq2Trend_trial_137,P11,bb9bb40f3bd9dce41156a16854a60a54,137,4.9904573296865,0.0682276650173791,Seq2Trend,Normal,False,0.01,300,300,50,20,16,0.001,0.6,0.1,median,True,"[0.25, 0.5, 0.75]",False,P50,,False,42,1,pressure_ensemble,5,,default_group,UNISIM_IV_P11_Seq2Trend,UNISIM_IV,Seq2Trend,0.02727272727272727,0.08264462809917356,0.21983471074380165
UNISIM_IV_P11_Seq2Trend_trial_124,P11,aa08e41a0ffedf0f4f6ab188604eb216,124,4.9904573296865,0.0682276650173791,Seq2Trend,Normal,False,0.01,300,300,50,20,16,0.001,0.6,0.1,median,True,"[0.25, 0.5, 0.75]",False,P50,,False,42,1,pressure_ensemble,5,,default_group,UNISIM_IV_P11_Seq2Trend,UNISIM_IV,Seq2Trend,0.02727272727272727,0.08264462809917356,0.21983471074380165
UNISIM_IV_P11_Seq2Trend_trial_111,P11,d8e79c9a2a501989b3e06eae7eb120bf,111,4.9904573296865,0.0682276650173791,Seq2Trend,Normal,False,0.01,300,300,50,20,16,0.001,0.6,0.1,median,True,"[0.25, 0.5, 0.75]",False,P50,,False,42,1,pressure_ensemble,5,,default_group,UNISIM_IV_P11_Seq2Trend,UNISIM_IV,Seq2Trend,0.02727272727272727,0.08264462809917356,0.21983471074380165
UNISIM_IV_P11_Seq2Trend_trial_134,P11,d9df997dd27b17708b6a10c9ce32a99b,134,4.9904573296865,0.0682276650173791,Seq2Trend,Normal,False,0.01,300,300,50,20,16,0.001,0.6,0.1,median,True,"[0.25, 0.5, 0.75]",False,P50,,False,42,1,pressure_ensemble,5,,default_group,UNISIM_IV_P11_Seq2Trend,UNISIM_IV,Seq2Trend,0.02727272727272727,0.08264462809917356,0.21983471074380165
UNISIM_IV_P11_Seq2Trend_trial_138,P11,cc73857557c9aff4f14fbe6affb3090a,138,4.9904573296865,0.0682276650173791,Seq2Trend,Normal,False,0.01,300,300,50,20,16,0.001,0.6,0.1,median,True,"[0.25, 0.5, 0.75]",False,P50,,False,42,1,pressure_ensemble,5,,default_group,UNISIM_IV_P11_Seq2Trend,UNISIM_IV,Seq2Trend,0.02727272727272727,0.08264462809917356,0.21983471074380165
UNISIM_IV_P11_Seq2Trend_trial_146,P11,f24d11255d16e4460a22ee5fb49feb8a,146,4.9904573296865,0.0682276650173791,Seq2Trend,Normal,False,0.01,300,300,50,20,16,0.001,0.6,0.1,median,True,"[0.25, 0.5, 0.75]",False,P50,,False,42,1,pressure_ensemble,5,,default_group,UNISIM_IV_P11_Seq2Trend,UNISIM_IV,Seq2Trend,0.02727272727272727,0.08264462809917356,0.21983471074380165
UNISIM_IV_P11_Seq2Trend_trial_109,P11,dc3b933728aeefc99f79f23cdd280dd0,109,4.9904573296865,0.0682276650173791,Seq2Trend,Normal,False,0.01,300,300,50,20,16,0.001,0.6,0.1,median,True,"[0.25, 0.5, 0.75]",False,P50,,False,42,1,pressure_ensemble,5,,default_group,UNISIM_IV_P11_Seq2Trend,UNISIM_IV,Seq2Trend,0.02727272727272727,0.08264462809917356,0.21983471074380165
UNISIM_IV_P11_Seq2Trend_trial_100,P11,86d24303684b170a37b1c8b458e0a553,100,4.9904573296865,0.0682276650173791,Seq2Trend,Normal,False,0.01,300,300,50,20,16,0.001,0.6,0.1,median,True,"[0.25, 0.5, 0.75]",False,P50,,False,42,1,pressure_ensemble,5,,default_group,UNISIM_IV_P11_Seq2Trend,UNISIM_IV,Seq2Trend,0.02727272727272727,0.08264462809917356,0.21983471074380165
UNISIM_IV_P11_Seq2Trend_trial_130,P11,6da37ac42cf2b6ddc650737e97b07ddd,130,4.9904573296865,0.0682276650173791,Seq2Trend,Normal,False,0.01,300,300,50,20,16,0.001,0.6,0.1,median,True,"[0.25, 0.5, 0.75]",False,P50,,False,42,1,pressure_ensemble,5,,default_group,UNISIM_IV_P11_Seq2Trend,UNISIM_IV,Seq2Trend,0.02727272727272727,0.08264462809917356,0.21983471074380165
UNISIM_IV_P11_Seq2Trend_trial_122,P11,415e27cfab4ccc9b05e1bd06ee2565b8,122,4.9904573296865,0.0682276650173791,Seq2Trend,Normal,False,0.01,300,300,50,20,16,0.001,0.6,0.1,median,True,"[0.25, 0.5, 0.75]",False,P50,,False,42,1,pressure_ensemble,5,,default_group,UNISIM_IV_P11_Seq2Trend,UNISIM_IV,Seq2Trend,0.02727272727272727,0.08264462809917356,0.21983471074380165
UNISIM_IV_P11_Seq2Trend_trial_145,P11,d4a0e0dc7950892bf04b8be7aaa28543,145,4.9904573296865,0.0682276650173791,Seq2Trend,Normal,False,0.01,300,300,50,20,16,0.001,0.6,0.1,median,True,"[0.25, 0.5, 0.75]",False,P50,,False,42,1,pressure_ensemble,5,,default_group,UNISIM_IV_P11_Seq2Trend,UNISIM_IV,Seq2Trend,0.02727272727272727,0.08264462809917356,0.21983471074380165
UNISIM_IV_P11_Seq2Trend_trial_121,P11,7e4009f7e7fd66c9ecb118e1ca187a38,121,4.9904573296865,0.0682276650173791,Seq2Trend,Normal,False,0.01,300,300,50,20,16,0.001,0.6,0.1,median,True,"[0.25, 0.5, 0.75]",False,P50,,False,42,1,pressure_ensemble,5,,default_group,UNISIM_IV_P11_Seq2Trend,UNISIM_IV,Seq2Trend,0.02727272727272727,0.08264462809917356,0.21983471074380165
UNISIM_IV_P11_Seq2Trend_trial_129,P11,d987c6ddaffb8afa2bdaff75c8669ead,129,4.9904573296865,0.0682276650173791,Seq2Trend,Normal,False,0.01,300,300,50,20,16,0.001,0.6,0.1,median,True,"[0.25, 0.5, 0.75]",False,P50,,False,42,1,pressure_ensemble,5,,default_group,UNISIM_IV_P11_Seq2Trend,UNISIM_IV,Seq2Trend,0.02727272727272727,0.08264462809917356,0.21983471074380165
UNISIM_IV_P11_Seq2Trend_trial_120,P11,4ecd3dece272a2b920e752b7b8aa35b4,120,4.9904573296865,0.0682276650173791,Seq2Trend,Normal,False,0.01,300,300,50,20,16,0.001,0.6,0.1,median,True,"[0.25, 0.5, 0.75]",False,P50,,False,42,1,pressure_ensemble,5,,default_group,UNISIM_IV_P11_Seq2Trend,UNISIM_IV,Seq2Trend,0.02727272727272727,0.08264462809917356,0.21983471074380165
UNISIM_IV_P11_Seq2Trend_trial_110,P11,186f0097a1a882814bae41cb8328f71b,110,4.9904573296865,0.0682276650173791,Seq2Trend,Normal,False,0.01,300,300,50,20,16,0.001,0.6,0.1,median,True,"[0.25, 0.5, 0.75]",False,P50,,False,42,1,pressure_ensemble,5,,default_group,UNISIM_IV_P11_Seq2Trend,UNISIM_IV,Seq2Trend,0.02727272727272727,0.08264462809917356,0.21983471074380165
UNISIM_IV_P11_Seq2Trend_trial_119,P11,7a6932f4a2f29cb471f8cf7496fa76f3,119,4.9904573296865,0.0682276650173791,Seq2Trend,Normal,False,0.01,300,300,50,20,16,0.001,0.6,0.1,median,True,"[0.25, 0.5, 0.75]",False,P50,,False,42,1,pressure_ensemble,5,,default_group,UNISIM_IV_P11_Seq2Trend,UNISIM_IV,Seq2Trend,0.02727272727272727,0.08264462809917356,0.21983471074380165
UNISIM_IV_P11_Seq2Trend_trial_125,P11,56368ff9d216ce0216f48ea718a62a66,125,4.9904573296865,0.0682276650173791,Seq2Trend,Normal,False,0.01,300,300,50,20,16,0.001,0.6,0.1,median,True,"[0.25, 0.5, 0.75]",False,P50,,False,42,1,pressure_ensemble,5,,default_group,UNISIM_IV_P11_Seq2Trend,UNISIM_IV,Seq2Trend,0.02727272727272727,0.08264462809917356,0.21983471074380165
UNISIM_IV_P11_Seq2Trend_trial_107,P11,358272418c0ca1a0cea74ef36c4f8d8e,107,4.9904573296865,0.0682276650173791,Seq2Trend,Normal,False,0.01,300,300,50,20,16,0.001,0.6,0.1,median,True,"[0.25, 0.5, 0.75]",False,P50,,False,42,1,pressure_ensemble,5,,default_group,UNISIM_IV_P11_Seq2Trend,UNISIM_IV,Seq2Trend,0.02727272727272727,0.08264462809917356,0.21983471074380165
UNISIM_IV_P11_Seq2Trend_trial_141,P11,8b734c0cd2d92fe59839d50839dfa0aa,141,4.9904573296865,0.0682276650173791,Seq2Trend,Normal,False,0.01,300,300,50,20,16,0.001,0.6,0.1,median,True,"[0.25, 0.5, 0.75]",False,P50,,False,42,1,pressure_ensemble,5,,default_group,UNISIM_IV_P11_Seq2Trend,UNISIM_IV,Seq2Trend,0.02727272727272727,0.08264462809917356,0.21983471074380165
UNISIM_IV_P11_Seq2Trend_trial_147,P11,ae316b3ca3a57669ce6fefa63dd56891,147,4.9904573296865,0.0682276650173791,Seq2Trend,Normal,False,0.01,300,300,50,20,16,0.001,0.6,0.1,median,True,"[0.25, 0.5, 0.75]",False,P50,,False,42,1,pressure_ensemble,5,,default_group,UNISIM_IV_P11_Seq2Trend,UNISIM_IV,Seq2Trend,0.02727272727272727,0.08264462809917356,0.21983471074380165
UNISIM_IV_P11_Seq2Trend_trial_131,P11,f16c6bd82b85b69247178dcb7ef7b8bf,131,4.9904573296865,0.0682276650173791,Seq2Trend,Normal,False,0.01,300,300,50,20,16,0.001,0.6,0.1,median,True,"[0.25, 0.5, 0.75]",False,P50,,False,42,1,pressure_ensemble,5,,default_group,UNISIM_IV_P11_Seq2Trend,UNISIM_IV,Seq2Trend,0.02727272727272727,0.08264462809917356,0.21983471074380165
UNISIM_IV_P11_Seq2Trend_trial_126,P11,dc39717b6e5f27828c3beb1c6fc72eb4,126,4.9904573296865,0.0682276650173791,Seq2Trend,Normal,False,0.01,300,300,50,20,16,0.001,0.6,0.1,median,True,"[0.25, 0.5, 0.75]",False,P50,,False,42,1,pressure_ensemble,5,,default_group,UNISIM_IV_P11_Seq2Trend,UNISIM_IV,Seq2Trend,0.02727272727272727,0.08264462809917356,0.21983471074380165
UNISIM_IV_P11_Seq2Trend_trial_144,P11,c6db1716f9177522e616d9fa6e514651,144,4.9904573296865,0.0682276650173791,Seq2Trend,Normal,False,0.01,300,300,50,20,16,0.001,0.6,0.1,median,True,"[0.25, 0.5, 0.75]",False,P50,,False,42,1,pressure_ensemble,5,,default_group,UNISIM_IV_P11_Seq2Trend,UNISIM_IV,Seq2Trend,0.02727272727272727,0.08264462809917356,0.21983471074380165
UNISIM_IV_P11_Seq2Trend_trial_133,P11,db3e49abec51fd51815df1a1e072637b,133,4.9904573296865,0.0682276650173791,Seq2Trend,Normal,False,0.01,300,300,50,20,16,0.001,0.6,0.1,median,True,"[0.25, 0.5, 0.75]",False,P50,,False,42,1,pressure_ensemble,5,,default_group,UNISIM_IV_P11_Seq2Trend,UNISIM_IV,Seq2Trend,0.02727272727272727,0.08264462809917356,0.21983471074380165
UNISIM_IV_P11_Seq2Trend_trial_116,P11,3e2d592d304bd10e01d87e7898634ca7,116,4.9904573296865,0.0682276650173791,Seq2Trend,Normal,False,0.01,300,300,50,20,16,0.001,0.6,0.1,median,True,"[0.25, 0.5, 0.75]",False,P50,,False,42,1,pressure_ensemble,5,,default_group,UNISIM_IV_P11_Seq2Trend,UNISIM_IV,Seq2Trend,0.02727272727272727,0.08264462809917356,0.21983471074380165
UNISIM_IV_P11_Seq2Trend_trial_132,P11,89b3490b01340626062dcfdca8b1be22,132,4.9904573296865,0.0682276650173791,Seq2Trend,Normal,False,0.01,300,300,50,20,16,0.001,0.6,0.1,median,True,"[0.25, 0.5, 0.75]",False,P50,,False,42,1,pressure_ensemble,5,,default_group,UNISIM_IV_P11_Seq2Trend,UNISIM_IV,Seq2Trend,0.02727272727272727,0.08264462809917356,0.21983471074380165
UNISIM_IV_P11_Seq2Trend_trial_148,P11,3eda093c0994de78840e2df428765cee,148,4.9904573296865,0.0682276650173791,Seq2Trend,Normal,False,0.01,300,300,50,20,16,0.001,0.6,0.1,median,True,"[0.25, 0.5, 0.75]",False,P50,,False,42,1,pressure_ensemble,5,,default_group,UNISIM_IV_P11_Seq2Trend,UNISIM_IV,Seq2Trend,0.02727272727272727,0.08264462809917356,0.21983471074380165
UNISIM_IV_P11_Seq2Trend_trial_143,P11,5c3e706b9939e70942b2fbfa00d7233b,143,4.9904573296865,0.0682276650173791,Seq2Trend,Normal,False,0.01,300,300,50,20,16,0.001,0.6,0.1,median,True,"[0.25, 0.5, 0.75]",False,P50,,False,42,1,pressure_ensemble,5,,default_group,UNISIM_IV_P11_Seq2Trend,UNISIM_IV,Seq2Trend,0.02727272727272727,0.08264462809917356,0.21983471074380165
UNISIM_IV_P11_Seq2Trend_trial_118,P11,331b5593c6d292d651497798095de228,118,4.9904573296865,0.0682276650173791,Seq2Trend,Normal,False,0.01,300,300,50,20,16,0.001,0.6,0.1,median,True,"[0.25, 0.5, 0.75]",False,P50,,False,42,1,pressure_ensemble,5,,default_group,UNISIM_IV_P11_Seq2Trend,UNISIM_IV,Seq2Trend,0.02727272727272727,0.08264462809917356,0.21983471074380165
UNISIM_IV_P11_Seq2Trend_trial_114,P11,35fb7f74b4bbc4c8c8b02de87bec8512,114,4.9904573296865,0.0682276650173791,Seq2Trend,Normal,False,0.01,300,300,50,20,16,0.001,0.6,0.1,median,True,"[0.25, 0.5, 0.75]",False,P50,,False,42,1,pressure_ensemble,5,,default_group,UNISIM_IV_P11_Seq2Trend,UNISIM_IV,Seq2Trend,0.02727272727272727,0.08264462809917356,0.21983471074380165
UNISIM_IV_P11_Seq2Trend_trial_128,P11,99d6467e48eead1f7f56ffd95b233dc9,128,4.9904573296865,0.0682276650173791,Seq2Trend,Normal,False,0.01,300,300,50,20,16,0.001,0.6,0.1,median,True,"[0.25, 0.5, 0.75]",False,P50,,False,42,1,pressure_ensemble,5,,default_group,UNISIM_IV_P11_Seq2Trend,UNISIM_IV,Seq2Trend,0.02727272727272727,0.08264462809917356,0.21983471074380165
UNISIM_IV_P11_Seq2Trend_trial_127,P11,8501c64aeabd6902834c5f5ae196e4dd,127,4.9904573296865,0.0682276650173791,Seq2Trend,Normal,False,0.01,300,300,50,20,16,0.001,0.6,0.1,median,True,"[0.25, 0.5, 0.75]",False,P50,,False,42,1,pressure_ensemble,5,,default_group,UNISIM_IV_P11_Seq2Trend,UNISIM_IV,Seq2Trend,0.02727272727272727,0.08264462809917356,0.21983471074380165
UNISIM_IV_P11_Seq2Trend_trial_135,P11,debb5e3eafc30ea0230e1fe54aceb22a,135,4.9904573296865,0.0682276650173791,Seq2Trend,Normal,False,0.01,300,300,50,20,16,0.001,0.6,0.1,median,True,"[0.25, 0.5, 0.75]",False,P50,,False,42,1,pressure_ensemble,5,,default_group,UNISIM_IV_P11_Seq2Trend,UNISIM_IV,Seq2Trend,0.02727272727272727,0.08264462809917356,0.21983471074380165
UNISIM_IV_P11_Seq2Trend_trial_149,P11,b4e8285293356197b1925be1f2b124f6,149,4.9904573296865,0.0682276650173791,Seq2Trend,Normal,False,0.01,300,300,50,20,16,0.001,0.6,0.1,median,True,"[0.25, 0.5, 0.75]",False,P50,,False,42,1,pressure_ensemble,5,,default_group,UNISIM_IV_P11_Seq2Trend,UNISIM_IV,Seq2Trend,0.02727272727272727,0.08264462809917356,0.21983471074380165
UNISIM_IV_P11_Seq2Trend_trial_103,P11,d76c1059c9c2fe42f1e4e3bdc66fac4b,103,4.9904573296865,0.0682276650173791,Seq2Trend,Normal,False,0.01,300,300,50,20,16,0.001,0.6,0.1,median,True,"[0.25, 0.5, 0.75]",False,P50,,False,42,1,pressure_ensemble,5,,default_group,UNISIM_IV_P11_Seq2Trend,UNISIM_IV,Seq2Trend,0.02727272727272727,0.08264462809917356,0.21983471074380165
UNISIM_IV_P11_Seq2Trend_trial_112,P11,38b507403986796269fe6716f2dee110,112,4.9904573296865,0.0682276650173791,Seq2Trend,Normal,False,0.01,300,300,50,20,16,0.001,0.6,0.1,median,True,"[0.25, 0.5, 0.75]",False,P50,,False,42,1,pressure_ensemble,5,,default_group,UNISIM_IV_P11_Seq2Trend,UNISIM_IV,Seq2Trend,0.02727272727272727,0.08264462809917356,0.21983471074380165
UNISIM_IV_P11_Seq2Trend_trial_140,P11,2cfec142b25fca466ce4a17d6368e4dd,140,4.9904573296865,0.0682276650173791,Seq2Trend,Normal,False,0.01,300,300,50,20,16,0.001,0.6,0.1,median,True,"[0.25, 0.5, 0.75]",False,P50,,False,42,1,pressure_ensemble,5,,default_group,UNISIM_IV_P11_Seq2Trend,UNISIM_IV,Seq2Trend,0.02727272727272727,0.08264462809917356,0.21983471074380165
UNISIM_IV_P11_Seq2Trend_trial_123,P11,de5599ca08a990e2afec379dafa985d6,123,4.9904573296865,0.0682276650173791,Seq2Trend,Normal,False,0.01,300,300,50,20,16,0.001,0.6,0.1,median,True,"[0.25, 0.5, 0.75]",False,P50,,False,42,1,pressure_ensemble,5,,default_group,UNISIM_IV_P11_Seq2Trend,UNISIM_IV,Seq2Trend,0.02727272727272727,0.08264462809917356,0.21983471074380165
UNISIM_IV_P11_Seq2Trend_trial_105,P11,9cc505a9558ce73742be9dd109f97d3f,105,4.9904573296865,0.0682276650173791,Seq2Trend,Normal,False,0.01,300,300,50,20,16,0.001,0.6,0.1,median,True,"[0.25, 0.5, 0.75]",False,P50,,False,42,1,pressure_ensemble,5,,default_group,UNISIM_IV_P11_Seq2Trend,UNISIM_IV,Seq2Trend,0.02727272727272727,0.08264462809917356,0.21983471074380165
UNISIM_IV_P11_Seq2Trend_trial_101,P11,73549f0648500e0271f884f62ab8e761,101,4.9904573296865,0.0682276650173791,Seq2Trend,Normal,False,0.01,300,300,50,20,16,0.001,0.6,0.1,median,True,"[0.25, 0.5, 0.75]",False,P50,,False,42,1,pressure_ensemble,5,,default_group,UNISIM_IV_P11_Seq2Trend,UNISIM_IV,Seq2Trend,0.02727272727272727,0.08264462809917356,0.21983471074380165
UNISIM_IV_P11_Seq2Trend_trial_113,P11,7bb1ba2771795358eb5ce65d24a462e2,113,4.9904573296865,0.0682276650173791,Seq2Trend,Normal,False,0.01,300,300,50,20,16,0.001,0.6,0.1,median,True,"[0.25, 0.5, 0.75]",False,P50,,False,42,1,pressure_ensemble,5,,default_group,UNISIM_IV_P11_Seq2Trend,UNISIM_IV,Seq2Trend,0.02727272727272727,0.08264462809917356,0.21983471074380165
UNISIM_IV_P11_Seq2Trend_trial_102,P11,86b5254652e47a6d0c49ac73d55eba2a,102,4.9904573296865,0.0682276650173791,Seq2Trend,Normal,False,0.01,300,300,50,20,16,0.001,0.6,0.1,median,True,"[0.25, 0.5, 0.75]",False,P50,,False,42,1,pressure_ensemble,5,,default_group,UNISIM_IV_P11_Seq2Trend,UNISIM_IV,Seq2Trend,0.02727272727272727,0.08264462809917356,0.21983471074380165
UNISIM_IV_P11_Seq2Trend_trial_106,P11,896a3dd185fd97cf7f9b4c3d251f936e,106,4.9904573296865,0.0682276650173791,Seq2Trend,Normal,False,0.01,300,300,50,20,16,0.001,0.6,0.1,median,True,"[0.25, 0.5, 0.75]",False,P50,,False,42,1,pressure_ensemble,5,,default_group,UNISIM_IV_P11_Seq2Trend,UNISIM_IV,Seq2Trend,0.02727272727272727,0.08264462809917356,0.21983471074380165
UNISIM_IV_P11_Seq2Trend_trial_142,P11,fd5bcdce80c111dc0c245afabd81763e,142,4.9904573296865,0.0682276650173791,Seq2Trend,Normal,False,0.01,300,300,50,20,16,0.001,0.6,0.1,median,True,"[0.25, 0.5, 0.75]",False,P50,,False,42,1,pressure_ensemble,5,,default_group,UNISIM_IV_P11_Seq2Trend,UNISIM_IV,Seq2Trend,0.02727272727272727,0.08264462809917356,0.21983471074380165
UNISIM_IV_P11_Seq2Trend_trial_136,P11,8e19ef74ec3e63b5bd72dfcbf3ca5463,136,4.9904573296865,0.0682276650173791,Seq2Trend,Normal,False,0.01,300,300,50,20,16,0.001,0.6,0.1,median,True,"[0.25, 0.5, 0.75]",False,P50,,False,42,1,pressure_ensemble,5,,default_group,UNISIM_IV_P11_Seq2Trend,UNISIM_IV,Seq2Trend,0.02727272727272727,0.08264462809917356,0.21983471074380165
UNISIM_IV_P11_Seq2Trend_trial_108,P11,16173f3bf2c811ef77ace8757ef0fd9e,108,4.9904573296865,0.0682276650173791,Seq2Trend,Normal,False,0.01,300,300,50,20,16,0.001,0.6,0.1,median,True,"[0.25, 0.5, 0.75]",False,P50,,False,42,1,pressure_ensemble,5,,default_group,UNISIM_IV_P11_Seq2Trend,UNISIM_IV,Seq2Trend,0.02727272727272727,0.08264462809917356,0.21983471074380165
UNISIM_IV_P11_Seq2Trend_trial_115,P11,5a9e2c17d45b3442a388d5e75b718bcf,115,4.9904573296865,0.0682276650173791,Seq2Trend,Normal,False,0.01,300,300,50,20,16,0.001,0.6,0.1,median,True,"[0.25, 0.5, 0.75]",False,P50,,False,42,1,pressure_ensemble,5,,default_group,UNISIM_IV_P11_Seq2Trend,UNISIM_IV,Seq2Trend,0.02727272727272727,0.08264462809917356,0.21983471074380165
UNISIM_IV_P11_Seq2Trend_trial_159,P11,9a661abc118afff98ca010544b9d0e63,159,5.171649080068834,0.6725555656323722,Seq2Trend,Normal,False,0.5,300,300,20,20,8,0.005,0.6,0.1,median,True,"[0.25, 0.5, 0.75]",False,P50,,False,42,1,exponential,3,,default_group,UNISIM_IV_P11_Seq2Trend,UNISIM_IV,Seq2Trend,0.5037190082644628,0.16074380165289257,1.3289256198347108
UNISIM_IV_P11_Seq2Trend_trial_155,P11,21a9c931a0f17c7167449e895cdb6ba4,155,5.171649080068834,0.6725555656323722,Seq2Trend,Normal,False,0.5,300,300,20,20,8,0.005,0.6,0.1,median,True,"[0.25, 0.5, 0.75]",False,P50,,False,42,1,exponential,3,,default_group,UNISIM_IV_P11_Seq2Trend,UNISIM_IV,Seq2Trend,0.5037190082644628,0.16074380165289257,1.3289256198347108
UNISIM_IV_P11_Seq2Trend_trial_185,P11,c18bff25411129365e3c4dda0b6c3a1e,185,5.171649080068834,0.6725555656323722,Seq2Trend,Normal,False,0.5,300,300,20,20,8,0.005,0.6,0.1,median,True,"[0.25, 0.5, 0.75]",False,P50,,False,42,1,exponential,3,,default_group,UNISIM_IV_P11_Seq2Trend,UNISIM_IV,Seq2Trend,0.5037190082644628,0.16074380165289257,1.3289256198347108
UNISIM_IV_P11_Seq2Trend_trial_183,P11,09af59f984ffa976ae3ff79650bc3a4a,183,5.171649080068834,0.6725555656323722,Seq2Trend,Normal,False,0.5,300,300,20,20,8,0.005,0.6,0.1,median,True,"[0.25, 0.5, 0.75]",False,P50,,False,42,1,exponential,3,,default_group,UNISIM_IV_P11_Seq2Trend,UNISIM_IV,Seq2Trend,0.5037190082644628,0.16074380165289257,1.3289256198347108
UNISIM_IV_P11_Seq2Trend_trial_152,P11,45ff6414c0efa0c07bcec543613edc00,152,5.171649080068834,0.6725555656323722,Seq2Trend,Normal,False,0.5,300,300,20,20,8,0.005,0.6,0.1,median,True,"[0.25, 0.5, 0.75]",False,P50,,False,42,1,exponential,3,,default_group,UNISIM_IV_P11_Seq2Trend,UNISIM_IV,Seq2Trend,0.5037190082644628,0.16074380165289257,1.3289256198347108
UNISIM_IV_P11_Seq2Trend_trial_188,P11,abb2cb325e1135c9cc016c8e0dc239f6,188,5.171649080068834,0.6725555656323722,Seq2Trend,Normal,False,0.5,300,300,20,20,8,0.005,0.6,0.1,median,True,"[0.25, 0.5, 0.75]",False,P50,,False,42,1,exponential,3,,default_group,UNISIM_IV_P11_Seq2Trend,UNISIM_IV,Seq2Trend,0.5037190082644628,0.16074380165289257,1.3289256198347108
UNISIM_IV_P11_Seq2Trend_trial_176,P11,d28ac6cab8cba1168b8fad8795083977,176,5.171649080068834,0.6725555656323722,Seq2Trend,Normal,False,0.5,300,300,20,20,8,0.005,0.6,0.1,median,True,"[0.25, 0.5, 0.75]",False,P50,,False,42,1,exponential,3,,default_group,UNISIM_IV_P11_Seq2Trend,UNISIM_IV,Seq2Trend,0.5037190082644628,0.16074380165289257,1.3289256198347108
UNISIM_IV_P11_Seq2Trend_trial_175,P11,ce88b40a0e456cb3169c2498ef6f37f1,175,5.171649080068834,0.6725555656323722,Seq2Trend,Normal,False,0.5,300,300,20,20,8,0.005,0.6,0.1,median,True,"[0.25, 0.5, 0.75]",False,P50,,False,42,1,exponential,3,,default_group,UNISIM_IV_P11_Seq2Trend,UNISIM_IV,Seq2Trend,0.5037190082644628,0.16074380165289257,1.3289256198347108
UNISIM_IV_P11_Seq2Trend_trial_196,P11,8af14b299397ce1abc2469a39daa7d1f,196,5.171649080068834,0.6725555656323722,Seq2Trend,Normal,False,0.5,300,300,20,20,8,0.005,0.6,0.1,median,True,"[0.25, 0.5, 0.75]",False,P50,,False,42,1,exponential,3,,default_group,UNISIM_IV_P11_Seq2Trend,UNISIM_IV,Seq2Trend,0.5037190082644628,0.16074380165289257,1.3289256198347108
UNISIM_IV_P11_Seq2Trend_trial_194,P11,09a372efae2ae02aeae1c5a5d02f66b6,194,5.171649080068834,0.6725555656323722,Seq2Trend,Normal,False,0.5,300,300,20,20,8,0.005,0.6,0.1,median,True,"[0.25, 0.5, 0.75]",False,P50,,False,42,1,exponential,3,,default_group,UNISIM_IV_P11_Seq2Trend,UNISIM_IV,Seq2Trend,0.5037190082644628,0.16074380165289257,1.3289256198347108
UNISIM_IV_P11_Seq2Trend_trial_189,P11,c57e8e51ef323e3bcdd84a81fa2b0150,189,5.014553011215985,0.0707708016228017,Seq2Trend,Normal,False,0.01,300,300,20,20,8,0.005,0.6,0.1,median,True,"[0.25, 0.5, 0.75]",False,P50,,False,42,1,exponential,3,,default_group,UNISIM_IV_P11_Seq2Trend,UNISIM_IV,Seq2Trend,0.049586776859504134,0.11239669421487604,0.3239669421487603
UNISIM_IV_P11_Seq2Trend_trial_177,P11,e4b0e495a1de30dfc43d90770877576d,177,5.171649080068834,0.6725555656323722,Seq2Trend,Normal,False,0.5,300,300,20,20,8,0.005,0.6,0.1,median,True,"[0.25, 0.5, 0.75]",False,P50,,False,42,1,exponential,3,,default_group,UNISIM_IV_P11_Seq2Trend,UNISIM_IV,Seq2Trend,0.5037190082644628,0.16074380165289257,1.3289256198347108
UNISIM_IV_P11_Seq2Trend_trial_151,P11,1ded05791ebfe636cdce86d5c15bc40a,151,5.171649080068834,0.6725555656323722,Seq2Trend,Normal,False,0.5,300,300,20,20,8,0.005,0.6,0.1,median,True,"[0.25, 0.5, 0.75]",False,P50,,False,42,1,exponential,3,,default_group,UNISIM_IV_P11_Seq2Trend,UNISIM_IV,Seq2Trend,0.5037190082644628,0.16074380165289257,1.3289256198347108
UNISIM_IV_P11_Seq2Trend_trial_199,P11,2615c3c1b75c6a1888ca0db4f10b4c7d,199,5.171649080068834,0.6725555656323722,Seq2Trend,Normal,False,0.5,300,300,20,20,8,0.005,0.6,0.1,median,True,"[0.25, 0.5, 0.75]",False,P50,,False,42,1,exponential,3,,default_group,UNISIM_IV_P11_Seq2Trend,UNISIM_IV,Seq2Trend,0.5037190082644628,0.16074380165289257,1.3289256198347108
UNISIM_IV_P11_Seq2Trend_trial_174,P11,dca51d25b57e52dde85a2c3f313b17c1,174,5.171649080068834,0.6725555656323722,Seq2Trend,Normal,False,0.5,300,300,20,20,8,0.005,0.6,0.1,median,True,"[0.25, 0.5, 0.75]",False,P50,,False,42,1,exponential,3,,default_group,UNISIM_IV_P11_Seq2Trend,UNISIM_IV,Seq2Trend,0.5037190082644628,0.16074380165289257,1.3289256198347108
UNISIM_IV_P11_Seq2Trend_trial_178,P11,0e3e939423c71a2af839f6482c1481a9,178,5.171649080068834,0.6725555656323722,Seq2Trend,Normal,False,0.5,300,300,20,20,8,0.005,0.6,0.1,median,True,"[0.25, 0.5, 0.75]",False,P50,,False,42,1,exponential,3,,default_group,UNISIM_IV_P11_Seq2Trend,UNISIM_IV,Seq2Trend,0.5037190082644628,0.16074380165289257,1.3289256198347108
UNISIM_IV_P11_Seq2Trend_trial_165,P11,abe291388a30a4598529324fb90bd5f1,165,5.171649080068834,0.6725555656323722,Seq2Trend,Normal,False,0.5,300,300,20,20,8,0.005,0.6,0.1,median,True,"[0.25, 0.5, 0.75]",False,P50,,False,42,1,exponential,3,,default_group,UNISIM_IV_P11_Seq2Trend,UNISIM_IV,Seq2Trend,0.5037190082644628,0.16074380165289257,1.3289256198347108
UNISIM_IV_P11_Seq2Trend_trial_190,P11,fae61f7b102ae1e571785e1320cebdf9,190,5.171649080068834,0.6725555656323722,Seq2Trend,Normal,False,0.5,300,300,20,20,8,0.005,0.6,0.1,median,True,"[0.25, 0.5, 0.75]",False,P50,,False,42,1,exponential,3,,default_group,UNISIM_IV_P11_Seq2Trend,UNISIM_IV,Seq2Trend,0.5037190082644628,0.16074380165289257,1.3289256198347108
UNISIM_IV_P11_Seq2Trend_trial_179,P11,0aa0c90ed600d8ac1f91f73a578c20fa,179,5.171649080068834,0.6725555656323722,Seq2Trend,Normal,False,0.5,300,300,20,20,8,0.005,0.6,0.1,median,True,"[0.25, 0.5, 0.75]",False,P50,,False,42,1,exponential,3,,default_group,UNISIM_IV_P11_Seq2Trend,UNISIM_IV,Seq2Trend,0.5037190082644628,0.16074380165289257,1.3289256198347108
UNISIM_IV_P11_Seq2Trend_trial_193,P11,71f6414526dfec442907d6e586233133,193,5.171649080068834,0.6725555656323722,Seq2Trend,Normal,False,0.5,300,300,20,20,8,0.005,0.6,0.1,median,True,"[0.25, 0.5, 0.75]",False,P50,,False,42,1,exponential,3,,default_group,UNISIM_IV_P11_Seq2Trend,UNISIM_IV,Seq2Trend,0.5037190082644628,0.16074380165289257,1.3289256198347108
UNISIM_IV_P11_Seq2Trend_trial_170,P11,d0aa044b063c06a0258ee8acb3026022,170,5.171649080068834,0.6725555656323722,Seq2Trend,Normal,False,0.5,300,300,20,20,8,0.005,0.6,0.1,median,True,"[0.25, 0.5, 0.75]",False,P50,,False,42,1,exponential,3,,default_group,UNISIM_IV_P11_Seq2Trend,UNISIM_IV,Seq2Trend,0.5037190082644628,0.16074380165289257,1.3289256198347108
UNISIM_IV_P11_Seq2Trend_trial_150,P11,25511b7e42ead1ee85c6ebd0148768f2,150,5.171649080068834,0.6725555656323722,Seq2Trend,Normal,False,0.5,300,300,20,20,8,0.005,0.6,0.1,median,True,"[0.25, 0.5, 0.75]",False,P50,,False,42,1,exponential,3,,default_group,UNISIM_IV_P11_Seq2Trend,UNISIM_IV,Seq2Trend,0.5037190082644628,0.16074380165289257,1.3289256198347108
UNISIM_IV_P11_Seq2Trend_trial_198,P11,70c40976d89b5ff093e50ee9dbbb779e,198,5.171649080068834,0.6725555656323722,Seq2Trend,Normal,False,0.5,300,300,20,20,8,0.005,0.6,0.1,median,True,"[0.25, 0.5, 0.75]",False,P50,,False,42,1,exponential,3,,default_group,UNISIM_IV_P11_Seq2Trend,UNISIM_IV,Seq2Trend,0.5037190082644628,0.16074380165289257,1.3289256198347108
UNISIM_IV_P11_Seq2Trend_trial_154,P11,2bc19a856816982fd064a47db78912b0,154,5.171649080068834,0.6725555656323722,Seq2Trend,Normal,False,0.5,300,300,20,20,8,0.005,0.6,0.1,median,True,"[0.25, 0.5, 0.75]",False,P50,,False,42,1,exponential,3,,default_group,UNISIM_IV_P11_Seq2Trend,UNISIM_IV,Seq2Trend,0.5037190082644628,0.16074380165289257,1.3289256198347108
UNISIM_IV_P11_Seq2Trend_trial_181,P11,488f1292430e50563d26cf09373e5994,181,5.171649080068834,0.6725555656323722,Seq2Trend,Normal,False,0.5,300,300,20,20,8,0.005,0.6,0.1,median,True,"[0.25, 0.5, 0.75]",False,P50,,False,42,1,exponential,3,,default_group,UNISIM_IV_P11_Seq2Trend,UNISIM_IV,Seq2Trend,0.5037190082644628,0.16074380165289257,1.3289256198347108
UNISIM_IV_P11_Seq2Trend_trial_168,P11,15ad80c5a15fec9c867b3fe9d0c636c4,168,5.171649080068834,0.6725555656323722,Seq2Trend,Normal,False,0.5,300,300,20,20,8,0.005,0.6,0.1,median,True,"[0.25, 0.5, 0.75]",False,P50,,False,42,1,exponential,3,,default_group,UNISIM_IV_P11_Seq2Trend,UNISIM_IV,Seq2Trend,0.5037190082644628,0.16074380165289257,1.3289256198347108
UNISIM_IV_P11_Seq2Trend_trial_169,P11,3f01fe194006d9791971bf18c2da81eb,169,5.171649080068834,0.6725555656323722,Seq2Trend,Normal,False,0.5,300,300,20,20,8,0.005,0.6,0.1,median,True,"[0.25, 0.5, 0.75]",False,P50,,False,42,1,exponential,3,,default_group,UNISIM_IV_P11_Seq2Trend,UNISIM_IV,Seq2Trend,0.5037190082644628,0.16074380165289257,1.3289256198347108
UNISIM_IV_P11_Seq2Trend_trial_195,P11,da9f81e5a0b3620d16c7b005ac292545,195,5.171649080068834,0.6725555656323722,Seq2Trend,Normal,False,0.5,300,300,20,20,8,0.005,0.6,0.1,median,True,"[0.25, 0.5, 0.75]",False,P50,,False,42,1,exponential,3,,default_group,UNISIM_IV_P11_Seq2Trend,UNISIM_IV,Seq2Trend,0.5037190082644628,0.16074380165289257,1.3289256198347108
UNISIM_IV_P11_Seq2Trend_trial_163,P11,c3414ade515120ef20a8abeffb38a6e9,163,5.171649080068834,0.6725555656323722,Seq2Trend,Normal,False,0.5,300,300,20,20,8,0.005,0.6,0.1,median,True,"[0.25, 0.5, 0.75]",False,P50,,False,42,1,exponential,3,,default_group,UNISIM_IV_P11_Seq2Trend,UNISIM_IV,Seq2Trend,0.5037190082644628,0.16074380165289257,1.3289256198347108
UNISIM_IV_P11_Seq2Trend_trial_180,P11,e163804c11c595612fd0ab1ce51e107e,180,5.171649080068834,0.6725555656323722,Seq2Trend,Normal,False,0.5,300,300,20,20,8,0.005,0.6,0.1,median,True,"[0.25, 0.5, 0.75]",False,P50,,False,42,1,exponential,3,,default_group,UNISIM_IV_P11_Seq2Trend,UNISIM_IV,Seq2Trend,0.5037190082644628,0.16074380165289257,1.3289256198347108
UNISIM_IV_P11_Seq2Trend_trial_172,P11,7b781bb18cf843c59d96e80206258787,172,5.171649080068834,0.6725555656323722,Seq2Trend,Normal,False,0.5,300,300,20,20,8,0.005,0.6,0.1,median,True,"[0.25, 0.5, 0.75]",False,P50,,False,42,1,exponential,3,,default_group,UNISIM_IV_P11_Seq2Trend,UNISIM_IV,Seq2Trend,0.5037190082644628,0.16074380165289257,1.3289256198347108
UNISIM_IV_P11_Seq2Trend_trial_191,P11,db24ad945415a62815927dff4bc21470,191,5.171649080068834,0.6725555656323722,Seq2Trend,Normal,False,0.5,300,300,20,20,8,0.005,0.6,0.1,median,True,"[0.25, 0.5, 0.75]",False,P50,,False,42,1,exponential,3,,default_group,UNISIM_IV_P11_Seq2Trend,UNISIM_IV,Seq2Trend,0.5037190082644628,0.16074380165289257,1.3289256198347108
UNISIM_IV_P11_Seq2Trend_trial_187,P11,c40d9fb053ef252f31fa4bbaead00645,187,5.171649080068834,0.6725555656323722,Seq2Trend,Normal,False,0.5,300,300,20,20,8,0.005,0.6,0.1,median,True,"[0.25, 0.5, 0.75]",False,P50,,False,42,1,exponential,3,,default_group,UNISIM_IV_P11_Seq2Trend,UNISIM_IV,Seq2Trend,0.5037190082644628,0.16074380165289257,1.3289256198347108
UNISIM_IV_P11_Seq2Trend_trial_167,P11,3d8d41ab289f6d0cbcf4bcf855e107c8,167,5.171649080068834,0.6725555656323722,Seq2Trend,Normal,False,0.5,300,300,20,20,8,0.005,0.6,0.1,median,True,"[0.25, 0.5, 0.75]",False,P50,,False,42,1,exponential,3,,default_group,UNISIM_IV_P11_Seq2Trend,UNISIM_IV,Seq2Trend,0.5037190082644628,0.16074380165289257,1.3289256198347108
UNISIM_IV_P11_Seq2Trend_trial_160,P11,184a04e236a96acf2b6a09c597b5a164,160,5.171649080068834,0.6725555656323722,Seq2Trend,Normal,False,0.5,300,300,20,20,8,0.005,0.6,0.1,median,True,"[0.25, 0.5, 0.75]",False,P50,,False,42,1,exponential,3,,default_group,UNISIM_IV_P11_Seq2Trend,UNISIM_IV,Seq2Trend,0.5037190082644628,0.16074380165289257,1.3289256198347108
UNISIM_IV_P11_Seq2Trend_trial_192,P11,a5925bc8e4b0a27a01f2a6286eaee7d6,192,5.171649080068834,0.6725555656323722,Seq2Trend,Normal,False,0.5,300,300,20,20,8,0.005,0.6,0.1,median,True,"[0.25, 0.5, 0.75]",False,P50,,False,42,1,exponential,3,,default_group,UNISIM_IV_P11_Seq2Trend,UNISIM_IV,Seq2Trend,0.5037190082644628,0.16074380165289257,1.3289256198347108
UNISIM_IV_P11_Seq2Trend_trial_164,P11,c932c22041caf4649757ae13eb783683,164,5.171649080068834,0.6725555656323722,Seq2Trend,Normal,False,0.5,300,300,20,20,8,0.005,0.6,0.1,median,True,"[0.25, 0.5, 0.75]",False,P50,,False,42,1,exponential,3,,default_group,UNISIM_IV_P11_Seq2Trend,UNISIM_IV,Seq2Trend,0.5037190082644628,0.16074380165289257,1.3289256198347108
UNISIM_IV_P11_Seq2Trend_trial_186,P11,44a35b34a6a5c28b75a65e9456e675e3,186,5.171649080068834,0.6725555656323722,Seq2Trend,Normal,False,0.5,300,300,20,20,8,0.005,0.6,0.1,median,True,"[0.25, 0.5, 0.75]",False,P50,,False,42,1,exponential,3,,default_group,UNISIM_IV_P11_Seq2Trend,UNISIM_IV,Seq2Trend,0.5037190082644628,0.16074380165289257,1.3289256198347108
UNISIM_IV_P11_Seq2Trend_trial_161,P11,eeb271a11c55479bfe08435e05ee5bc9,161,5.171649080068834,0.6725555656323722,Seq2Trend,Normal,False,0.5,300,300,20,20,8,0.005,0.6,0.1,median,True,"[0.25, 0.5, 0.75]",False,P50,,False,42,1,exponential,3,,default_group,UNISIM_IV_P11_Seq2Trend,UNISIM_IV,Seq2Trend,0.5037190082644628,0.16074380165289257,1.3289256198347108
UNISIM_IV_P11_Seq2Trend_trial_157,P11,86e2a09e1c8dd1e569c5ba7a3643c9d8,157,5.171649080068834,0.6725555656323722,Seq2Trend,Normal,False,0.5,300,300,20,20,8,0.005,0.6,0.1,median,True,"[0.25, 0.5, 0.75]",False,P50,,False,42,1,exponential,3,,default_group,UNISIM_IV_P11_Seq2Trend,UNISIM_IV,Seq2Trend,0.5037190082644628,0.16074380165289257,1.3289256198347108
UNISIM_IV_P11_Seq2Trend_trial_182,P11,19def375e64888b4d687697459ace1df,182,5.171649080068834,0.6725555656323722,Seq2Trend,Normal,False,0.5,300,300,20,20,8,0.005,0.6,0.1,median,True,"[0.25, 0.5, 0.75]",False,P50,,False,42,1,exponential,3,,default_group,UNISIM_IV_P11_Seq2Trend,UNISIM_IV,Seq2Trend,0.5037190082644628,0.16074380165289257,1.3289256198347108
UNISIM_IV_P11_Seq2Trend_trial_171,P11,a3a70da3fe9d37678af09a9855136290,171,5.171649080068834,0.6725555656323722,Seq2Trend,Normal,False,0.5,300,300,20,20,8,0.005,0.6,0.1,median,True,"[0.25, 0.5, 0.75]",False,P50,,False,42,1,exponential,3,,default_group,UNISIM_IV_P11_Seq2Trend,UNISIM_IV,Seq2Trend,0.5037190082644628,0.16074380165289257,1.3289256198347108
UNISIM_IV_P11_Seq2Trend_trial_156,P11,00c4a3f27b5310cdbb50b23aeae2a41d,156,5.171649080068834,0.6725555656323722,Seq2Trend,Normal,False,0.5,300,300,20,20,8,0.005,0.6,0.1,median,True,"[0.25, 0.5, 0.75]",False,P50,,False,42,1,exponential,3,,default_group,UNISIM_IV_P11_Seq2Trend,UNISIM_IV,Seq2Trend,0.5037190082644628,0.16074380165289257,1.3289256198347108
UNISIM_IV_P11_Seq2Trend_trial_197,P11,dcfdb6c99eff0b9bc3a54d1fde63a8a6,197,5.171649080068834,0.6725555656323722,Seq2Trend,Normal,False,0.5,300,300,20,20,8,0.005,0.6,0.1,median,True,"[0.25, 0.5, 0.75]",False,P50,,False,42,1,exponential,3,,default_group,UNISIM_IV_P11_Seq2Trend,UNISIM_IV,Seq2Trend,0.5037190082644628,0.16074380165289257,1.3289256198347108
UNISIM_IV_P11_Seq2Trend_trial_162,P11,c760c64894def2a80e6edc6099c906e4,162,5.171649080068834,0.6725555656323722,Seq2Trend,Normal,False,0.5,300,300,20,20,8,0.005,0.6,0.1,median,True,"[0.25, 0.5, 0.75]",False,P50,,False,42,1,exponential,3,,default_group,UNISIM_IV_P11_Seq2Trend,UNISIM_IV,Seq2Trend,0.5037190082644628,0.16074380165289257,1.3289256198347108
UNISIM_IV_P11_Seq2Trend_trial_153,P11,57e82569e05a8864dcd032cd1c0dcac5,153,5.171649080068834,0.6725555656323722,Seq2Trend,Normal,False,0.5,300,300,20,20,8,0.005,0.6,0.1,median,True,"[0.25, 0.5, 0.75]",False,P50,,False,42,1,exponential,3,,default_group,UNISIM_IV_P11_Seq2Trend,UNISIM_IV,Seq2Trend,0.5037190082644628,0.16074380165289257,1.3289256198347108
UNISIM_IV_P11_Seq2Trend_trial_166,P11,39a532a6165786e15cb02a8b96829c99,166,5.171649080068834,0.6725555656323722,Seq2Trend,Normal,False,0.5,300,300,20,20,8,0.005,0.6,0.1,median,True,"[0.25, 0.5, 0.75]",False,P50,,False,42,1,exponential,3,,default_group,UNISIM_IV_P11_Seq2Trend,UNISIM_IV,Seq2Trend,0.5037190082644628,0.16074380165289257,1.3289256198347108
UNISIM_IV_P11_Seq2Trend_trial_184,P11,21ead26bd5ce092e7323a8af1a4507b8,184,5.171649080068834,0.6725555656323722,Seq2Trend,Normal,False,0.5,300,300,20,20,8,0.005,0.6,0.1,median,True,"[0.25, 0.5, 0.75]",False,P50,,False,42,1,exponential,3,,default_group,UNISIM_IV_P11_Seq2Trend,UNISIM_IV,Seq2Trend,0.5037190082644628,0.16074380165289257,1.3289256198347108
UNISIM_IV_P11_Seq2Trend_trial_158,P11,6fcad270ed568397c3fb669a177a6577,158,5.171649080068834,0.6725555656323722,Seq2Trend,Normal,False,0.5,300,300,20,20,8,0.005,0.6,0.1,median,True,"[0.25, 0.5, 0.75]",False,P50,,False,42,1,exponential,3,,default_group,UNISIM_IV_P11_Seq2Trend,UNISIM_IV,Seq2Trend,0.5037190082644628,0.16074380165289257,1.3289256198347108
UNISIM_IV_P11_Seq2Trend_trial_173,P11,54d03072be017f040a8ccf1946fa3456,173,5.171649080068834,0.6725555656323722,Seq2Trend,Normal,False,0.5,300,300,20,20,8,0.005,0.6,0.1,median,True,"[0.25, 0.5, 0.75]",False,P50,,False,42,1,exponential,3,,default_group,UNISIM_IV_P11_Seq2Trend,UNISIM_IV,Seq2Trend,0.5037190082644628,0.16074380165289257,1.3289256198347108
UNISIM_IV_P12_Seq2Trend_trial_111,P12,f8c543692e675101785b47d613c474c4,111,4.726203403951818,0.3530916794717177,Seq2Trend,Normal,False,0.01,300,300,20,20,8,0.001,0.6,0.1,median,True,"[0.25, 0.5, 0.75]",False,P50,,False,42,1,combined_exp_arps,5,,default_group,UNISIM_IV_P12_Seq2Trend,UNISIM_IV,Seq2Trend,0.26074380165289257,0.023553719008264463,0.5685950413223141
UNISIM_IV_P12_Seq2Trend_trial_133,P12,2aa5756dc2a4e80fac4b639bb1bdac20,133,4.726203403951818,0.3530916794717177,Seq2Trend,Normal,False,0.01,300,300,20,20,8,0.001,0.6,0.1,median,True,"[0.25, 0.5, 0.75]",False,P50,,False,42,1,combined_exp_arps,5,,default_group,UNISIM_IV_P12_Seq2Trend,UNISIM_IV,Seq2Trend,0.26074380165289257,0.023553719008264463,0.5685950413223141
UNISIM_IV_P12_Seq2Trend_trial_101,P12,a50081503ad6273364aa17cd0447c634,101,4.726203403951818,0.3530916794717177,Seq2Trend,Normal,False,0.01,300,300,20,20,8,0.001,0.6,0.1,median,True,"[0.25, 0.5, 0.75]",False,P50,,False,42,1,combined_exp_arps,5,,default_group,UNISIM_IV_P12_Seq2Trend,UNISIM_IV,Seq2Trend,0.26074380165289257,0.023553719008264463,0.5685950413223141
UNISIM_IV_P12_Seq2Trend_trial_149,P12,20d4eab6fc476f5cc73f281849c380f9,149,4.726203403951818,0.3530916794717177,Seq2Trend,Normal,False,0.01,300,300,20,20,8,0.001,0.6,0.1,median,True,"[0.25, 0.5, 0.75]",False,P50,,False,42,1,combined_exp_arps,5,,default_group,UNISIM_IV_P12_Seq2Trend,UNISIM_IV,Seq2Trend,0.26074380165289257,0.023553719008264463,0.5685950413223141
UNISIM_IV_P12_Seq2Trend_trial_105,P12,b4b40e6a0a1bc2ca997a875bd4f03953,105,4.726203403951818,0.3530916794717177,Seq2Trend,Normal,False,0.01,300,300,20,20,8,0.001,0.6,0.1,median,True,"[0.25, 0.5, 0.75]",False,P50,,False,42,1,combined_exp_arps,5,,default_group,UNISIM_IV_P12_Seq2Trend,UNISIM_IV,Seq2Trend,0.26074380165289257,0.023553719008264463,0.5685950413223141
UNISIM_IV_P12_Seq2Trend_trial_114,P12,09b915aa047d93ff8525546ba0146a74,114,4.726203403951818,0.3530916794717177,Seq2Trend,Normal,False,0.01,300,300,20,20,8,0.001,0.6,0.1,median,True,"[0.25, 0.5, 0.75]",False,P50,,False,42,1,combined_exp_arps,5,,default_group,UNISIM_IV_P12_Seq2Trend,UNISIM_IV,Seq2Trend,0.26074380165289257,0.023553719008264463,0.5685950413223141
UNISIM_IV_P12_Seq2Trend_trial_109,P12,f60d082267537a28a8c5a449a4926529,109,4.726203403951818,0.3530916794717177,Seq2Trend,Normal,False,0.01,300,300,20,20,8,0.001,0.6,0.1,median,True,"[0.25, 0.5, 0.75]",False,P50,,False,42,1,combined_exp_arps,5,,default_group,UNISIM_IV_P12_Seq2Trend,UNISIM_IV,Seq2Trend,0.26074380165289257,0.023553719008264463,0.5685950413223141
UNISIM_IV_P12_Seq2Trend_trial_127,P12,22dbf880ea53e419b70afc3a2e58f0d3,127,4.726203403951818,0.3530916794717177,Seq2Trend,Normal,False,0.01,300,300,20,20,8,0.001,0.6,0.1,median,True,"[0.25, 0.5, 0.75]",False,P50,,False,42,1,combined_exp_arps,5,,default_group,UNISIM_IV_P12_Seq2Trend,UNISIM_IV,Seq2Trend,0.26074380165289257,0.023553719008264463,0.5685950413223141
UNISIM_IV_P12_Seq2Trend_trial_142,P12,622dff23b6c4ed88e9488ac757c650aa,142,4.726203403951818,0.3530916794717177,Seq2Trend,Normal,False,0.01,300,300,20,20,8,0.001,0.6,0.1,median,True,"[0.25, 0.5, 0.75]",False,P50,,False,42,1,combined_exp_arps,5,,default_group,UNISIM_IV_P12_Seq2Trend,UNISIM_IV,Seq2Trend,0.26074380165289257,0.023553719008264463,0.5685950413223141
UNISIM_IV_P12_Seq2Trend_trial_108,P12,babe33ac63209293889a8ccbaaef18a6,108,4.726203403951818,0.3530916794717177,Seq2Trend,Normal,False,0.01,300,300,20,20,8,0.001,0.6,0.1,median,True,"[0.25, 0.5, 0.75]",False,P50,,False,42,1,combined_exp_arps,5,,default_group,UNISIM_IV_P12_Seq2Trend,UNISIM_IV,Seq2Trend,0.26074380165289257,0.023553719008264463,0.5685950413223141
UNISIM_IV_P12_Seq2Trend_trial_123,P12,bbf8c4da2feb0d38bdc39fe91c71d64c,123,4.726203403951818,0.3530916794717177,Seq2Trend,Normal,False,0.01,300,300,20,20,8,0.001,0.6,0.1,median,True,"[0.25, 0.5, 0.75]",False,P50,,False,42,1,combined_exp_arps,5,,default_group,UNISIM_IV_P12_Seq2Trend,UNISIM_IV,Seq2Trend,0.26074380165289257,0.023553719008264463,0.5685950413223141
UNISIM_IV_P12_Seq2Trend_trial_113,P12,00359f801d87f68a6bc3bd5973714b6b,113,4.726203403951818,0.3530916794717177,Seq2Trend,Normal,False,0.01,300,300,20,20,8,0.001,0.6,0.1,median,True,"[0.25, 0.5, 0.75]",False,P50,,False,42,1,combined_exp_arps,5,,default_group,UNISIM_IV_P12_Seq2Trend,UNISIM_IV,Seq2Trend,0.26074380165289257,0.023553719008264463,0.5685950413223141
UNISIM_IV_P12_Seq2Trend_trial_126,P12,5c2587266ad54eca38fdb8692bdb2cf7,126,4.726203403951818,0.3530916794717177,Seq2Trend,Normal,False,0.01,300,300,20,20,8,0.001,0.6,0.1,median,True,"[0.25, 0.5, 0.75]",False,P50,,False,42,1,combined_exp_arps,5,,default_group,UNISIM_IV_P12_Seq2Trend,UNISIM_IV,Seq2Trend,0.26074380165289257,0.023553719008264463,0.5685950413223141
UNISIM_IV_P12_Seq2Trend_trial_135,P12,e3e060df156b3713f981b02d977d7088,135,4.726203403951818,0.3530916794717177,Seq2Trend,Normal,False,0.01,300,300,20,20,8,0.001,0.6,0.1,median,True,"[0.25, 0.5, 0.75]",False,P50,,False,42,1,combined_exp_arps,5,,default_group,UNISIM_IV_P12_Seq2Trend,UNISIM_IV,Seq2Trend,0.26074380165289257,0.023553719008264463,0.5685950413223141
UNISIM_IV_P12_Seq2Trend_trial_112,P12,e9c0e27114632067a90f6052b1f57af8,112,4.726203403951818,0.3530916794717177,Seq2Trend,Normal,False,0.01,300,300,20,20,8,0.001,0.6,0.1,median,True,"[0.25, 0.5, 0.75]",False,P50,,False,42,1,combined_exp_arps,5,,default_group,UNISIM_IV_P12_Seq2Trend,UNISIM_IV,Seq2Trend,0.26074380165289257,0.023553719008264463,0.5685950413223141
UNISIM_IV_P12_Seq2Trend_trial_128,P12,2ee40e672c722b31ae7c2d6000553ea3,128,4.726203403951818,0.3530916794717177,Seq2Trend,Normal,False,0.01,300,300,20,20,8,0.001,0.6,0.1,median,True,"[0.25, 0.5, 0.75]",False,P50,,False,42,1,combined_exp_arps,5,,default_group,UNISIM_IV_P12_Seq2Trend,UNISIM_IV,Seq2Trend,0.26074380165289257,0.023553719008264463,0.5685950413223141
UNISIM_IV_P12_Seq2Trend_trial_115,P12,c4655f8304c4f5650eef366f07887164,115,4.726203403951818,0.3530916794717177,Seq2Trend,Normal,False,0.01,300,300,20,20,8,0.001,0.6,0.1,median,True,"[0.25, 0.5, 0.75]",False,P50,,False,42,1,combined_exp_arps,5,,default_group,UNISIM_IV_P12_Seq2Trend,UNISIM_IV,Seq2Trend,0.26074380165289257,0.023553719008264463,0.5685950413223141
UNISIM_IV_P12_Seq2Trend_trial_103,P12,ad61530d4977c1fd7ea6f3a4c33a21cf,103,4.726203403951818,0.3530916794717177,Seq2Trend,Normal,False,0.01,300,300,20,20,8,0.001,0.6,0.1,median,True,"[0.25, 0.5, 0.75]",False,P50,,False,42,1,combined_exp_arps,5,,default_group,UNISIM_IV_P12_Seq2Trend,UNISIM_IV,Seq2Trend,0.26074380165289257,0.023553719008264463,0.5685950413223141
UNISIM_IV_P12_Seq2Trend_trial_107,P12,985ae53d0aa28d0d7cdd62211810a471,107,4.726203403951818,0.3530916794717177,Seq2Trend,Normal,False,0.01,300,300,20,20,8,0.001,0.6,0.1,median,True,"[0.25, 0.5, 0.75]",False,P50,,False,42,1,combined_exp_arps,5,,default_group,UNISIM_IV_P12_Seq2Trend,UNISIM_IV,Seq2Trend,0.26074380165289257,0.023553719008264463,0.5685950413223141
UNISIM_IV_P12_Seq2Trend_trial_147,P12,8ec6804ed2fdc0d717f59ae902307836,147,4.726203403951818,0.3530916794717177,Seq2Trend,Normal,False,0.01,300,300,20,20,8,0.001,0.6,0.1,median,True,"[0.25, 0.5, 0.75]",False,P50,,False,42,1,combined_exp_arps,5,,default_group,UNISIM_IV_P12_Seq2Trend,UNISIM_IV,Seq2Trend,0.26074380165289257,0.023553719008264463,0.5685950413223141
UNISIM_IV_P12_Seq2Trend_trial_139,P12,e72d833a24b4edc370c3f20cb0089ea1,139,4.726203403951818,0.3530916794717177,Seq2Trend,Normal,False,0.01,300,300,20,20,8,0.001,0.6,0.1,median,True,"[0.25, 0.5, 0.75]",False,P50,,False,42,1,combined_exp_arps,5,,default_group,UNISIM_IV_P12_Seq2Trend,UNISIM_IV,Seq2Trend,0.26074380165289257,0.023553719008264463,0.5685950413223141
UNISIM_IV_P12_Seq2Trend_trial_132,P12,d7ec2892843313e87afb075bb3b16b34,132,4.726203403951818,0.3530916794717177,Seq2Trend,Normal,False,0.01,300,300,20,20,8,0.001,0.6,0.1,median,True,"[0.25, 0.5, 0.75]",False,P50,,False,42,1,combined_exp_arps,5,,default_group,UNISIM_IV_P12_Seq2Trend,UNISIM_IV,Seq2Trend,0.26074380165289257,0.023553719008264463,0.5685950413223141
UNISIM_IV_P12_Seq2Trend_trial_118,P12,454988bdc41f4f14e2269c3c4be554d2,118,4.726203403951818,0.3530916794717177,Seq2Trend,Normal,False,0.01,300,300,20,20,8,0.001,0.6,0.1,median,True,"[0.25, 0.5, 0.75]",False,P50,,False,42,1,combined_exp_arps,5,,default_group,UNISIM_IV_P12_Seq2Trend,UNISIM_IV,Seq2Trend,0.26074380165289257,0.023553719008264463,0.5685950413223141
UNISIM_IV_P12_Seq2Trend_trial_146,P12,dae3fccb6c9d032751dc29077c24e564,146,4.726203403951818,0.3530916794717177,Seq2Trend,Normal,False,0.01,300,300,20,20,8,0.001,0.6,0.1,median,True,"[0.25, 0.5, 0.75]",False,P50,,False,42,1,combined_exp_arps,5,,default_group,UNISIM_IV_P12_Seq2Trend,UNISIM_IV,Seq2Trend,0.26074380165289257,0.023553719008264463,0.5685950413223141
UNISIM_IV_P12_Seq2Trend_trial_143,P12,ed325a06d9ea23f6e753c552fbf73447,143,4.726203403951818,0.3530916794717177,Seq2Trend,Normal,False,0.01,300,300,20,20,8,0.001,0.6,0.1,median,True,"[0.25, 0.5, 0.75]",False,P50,,False,42,1,combined_exp_arps,5,,default_group,UNISIM_IV_P12_Seq2Trend,UNISIM_IV,Seq2Trend,0.26074380165289257,0.023553719008264463,0.5685950413223141
UNISIM_IV_P12_Seq2Trend_trial_124,P12,137e017f1f9689189e2071ea9c7d65f5,124,4.726203403951818,0.3530916794717177,Seq2Trend,Normal,False,0.01,300,300,20,20,8,0.001,0.6,0.1,median,True,"[0.25, 0.5, 0.75]",False,P50,,False,42,1,combined_exp_arps,5,,default_group,UNISIM_IV_P12_Seq2Trend,UNISIM_IV,Seq2Trend,0.26074380165289257,0.023553719008264463,0.5685950413223141
UNISIM_IV_P12_Seq2Trend_trial_141,P12,bf21ff4f337aa47d0f37870068b893e9,141,4.726203403951818,0.3530916794717177,Seq2Trend,Normal,False,0.01,300,300,20,20,8,0.001,0.6,0.1,median,True,"[0.25, 0.5, 0.75]",False,P50,,False,42,1,combined_exp_arps,5,,default_group,UNISIM_IV_P12_Seq2Trend,UNISIM_IV,Seq2Trend,0.26074380165289257,0.023553719008264463,0.5685950413223141
UNISIM_IV_P12_Seq2Trend_trial_100,P12,67080f156cc2101b2a9a5993dafc4563,100,4.726203403951818,0.3530916794717177,Seq2Trend,Normal,False,0.01,300,300,20,20,8,0.001,0.6,0.1,median,True,"[0.25, 0.5, 0.75]",False,P50,,False,42,1,combined_exp_arps,5,,default_group,UNISIM_IV_P12_Seq2Trend,UNISIM_IV,Seq2Trend,0.26074380165289257,0.023553719008264463,0.5685950413223141
UNISIM_IV_P12_Seq2Trend_trial_121,P12,4b03e9e5d9ce3bfe3c5f85ad7a279c7a,121,4.726203403951818,0.3530916794717177,Seq2Trend,Normal,False,0.01,300,300,20,20,8,0.001,0.6,0.1,median,True,"[0.25, 0.5, 0.75]",False,P50,,False,42,1,combined_exp_arps,5,,default_group,UNISIM_IV_P12_Seq2Trend,UNISIM_IV,Seq2Trend,0.26074380165289257,0.023553719008264463,0.5685950413223141
UNISIM_IV_P12_Seq2Trend_trial_122,P12,ae1eddc65f7aba19d89999271408bffb,122,4.726203403951818,0.3530916794717177,Seq2Trend,Normal,False,0.01,300,300,20,20,8,0.001,0.6,0.1,median,True,"[0.25, 0.5, 0.75]",False,P50,,False,42,1,combined_exp_arps,5,,default_group,UNISIM_IV_P12_Seq2Trend,UNISIM_IV,Seq2Trend,0.26074380165289257,0.023553719008264463,0.5685950413223141
UNISIM_IV_P12_Seq2Trend_trial_120,P12,39e1fcfc1e208b519709018ee463353b,120,4.726203403951818,0.3530916794717177,Seq2Trend,Normal,False,0.01,300,300,20,20,8,0.001,0.6,0.1,median,True,"[0.25, 0.5, 0.75]",False,P50,,False,42,1,combined_exp_arps,5,,default_group,UNISIM_IV_P12_Seq2Trend,UNISIM_IV,Seq2Trend,0.26074380165289257,0.023553719008264463,0.5685950413223141
UNISIM_IV_P12_Seq2Trend_trial_148,P12,d07ec429a470b4a04d9dd6a0cddd31a9,148,4.726203403951818,0.3530916794717177,Seq2Trend,Normal,False,0.01,300,300,20,20,8,0.001,0.6,0.1,median,True,"[0.25, 0.5, 0.75]",False,P50,,False,42,1,combined_exp_arps,5,,default_group,UNISIM_IV_P12_Seq2Trend,UNISIM_IV,Seq2Trend,0.26074380165289257,0.023553719008264463,0.5685950413223141
UNISIM_IV_P12_Seq2Trend_trial_129,P12,772699e40bac6588475e93aac40ecc0f,129,4.726203403951818,0.3530916794717177,Seq2Trend,Normal,False,0.01,300,300,20,20,8,0.001,0.6,0.1,median,True,"[0.25, 0.5, 0.75]",False,P50,,False,42,1,combined_exp_arps,5,,default_group,UNISIM_IV_P12_Seq2Trend,UNISIM_IV,Seq2Trend,0.26074380165289257,0.023553719008264463,0.5685950413223141
UNISIM_IV_P12_Seq2Trend_trial_110,P12,7116201c3ec310e44f5b8c4d1fc404e5,110,4.726203403951818,0.3530916794717177,Seq2Trend,Normal,False,0.01,300,300,20,20,8,0.001,0.6,0.1,median,True,"[0.25, 0.5, 0.75]",False,P50,,False,42,1,combined_exp_arps,5,,default_group,UNISIM_IV_P12_Seq2Trend,UNISIM_IV,Seq2Trend,0.26074380165289257,0.023553719008264463,0.5685950413223141
UNISIM_IV_P12_Seq2Trend_trial_116,P12,6522c8845291ff7eddad7927a7c02c2d,116,4.726203403951818,0.3530916794717177,Seq2Trend,Normal,False,0.01,300,300,20,20,8,0.001,0.6,0.1,median,True,"[0.25, 0.5, 0.75]",False,P50,,False,42,1,combined_exp_arps,5,,default_group,UNISIM_IV_P12_Seq2Trend,UNISIM_IV,Seq2Trend,0.26074380165289257,0.023553719008264463,0.5685950413223141
UNISIM_IV_P12_Seq2Trend_trial_104,P12,9d6f04a0c2c0b4171ab5dc1aa4ceb1d9,104,4.726203403951818,0.3530916794717177,Seq2Trend,Normal,False,0.01,300,300,20,20,8,0.001,0.6,0.1,median,True,"[0.25, 0.5, 0.75]",False,P50,,False,42,1,combined_exp_arps,5,,default_group,UNISIM_IV_P12_Seq2Trend,UNISIM_IV,Seq2Trend,0.26074380165289257,0.023553719008264463,0.5685950413223141
UNISIM_IV_P12_Seq2Trend_trial_138,P12,0eec0c21f41912a2b5a4e83a1cb8fa7f,138,4.726203403951818,0.3530916794717177,Seq2Trend,Normal,False,0.01,300,300,20,20,8,0.001,0.6,0.1,median,True,"[0.25, 0.5, 0.75]",False,P50,,False,42,1,combined_exp_arps,5,,default_group,UNISIM_IV_P12_Seq2Trend,UNISIM_IV,Seq2Trend,0.26074380165289257,0.023553719008264463,0.5685950413223141
UNISIM_IV_P12_Seq2Trend_trial_144,P12,2f772db5ff2ecc4ade8250df8c1c5258,144,4.726203403951818,0.3530916794717177,Seq2Trend,Normal,False,0.01,300,300,20,20,8,0.001,0.6,0.1,median,True,"[0.25, 0.5, 0.75]",False,P50,,False,42,1,combined_exp_arps,5,,default_group,UNISIM_IV_P12_Seq2Trend,UNISIM_IV,Seq2Trend,0.26074380165289257,0.023553719008264463,0.5685950413223141
UNISIM_IV_P12_Seq2Trend_trial_119,P12,393e6ed7700360eeca9b89e140fbd37c,119,4.726203403951818,0.3530916794717177,Seq2Trend,Normal,False,0.01,300,300,20,20,8,0.001,0.6,0.1,median,True,"[0.25, 0.5, 0.75]",False,P50,,False,42,1,combined_exp_arps,5,,default_group,UNISIM_IV_P12_Seq2Trend,UNISIM_IV,Seq2Trend,0.26074380165289257,0.023553719008264463,0.5685950413223141
UNISIM_IV_P12_Seq2Trend_trial_140,P12,16cca0b809c61d86ad1e7e7302292f66,140,4.726203403951818,0.3530916794717177,Seq2Trend,Normal,False,0.01,300,300,20,20,8,0.001,0.6,0.1,median,True,"[0.25, 0.5, 0.75]",False,P50,,False,42,1,combined_exp_arps,5,,default_group,UNISIM_IV_P12_Seq2Trend,UNISIM_IV,Seq2Trend,0.26074380165289257,0.023553719008264463,0.5685950413223141
UNISIM_IV_P12_Seq2Trend_trial_125,P12,f660027d6f97dc9d65c7b5a4e25ad06d,125,4.726203403951818,0.3530916794717177,Seq2Trend,Normal,False,0.01,300,300,20,20,8,0.001,0.6,0.1,median,True,"[0.25, 0.5, 0.75]",False,P50,,False,42,1,combined_exp_arps,5,,default_group,UNISIM_IV_P12_Seq2Trend,UNISIM_IV,Seq2Trend,0.26074380165289257,0.023553719008264463,0.5685950413223141
UNISIM_IV_P12_Seq2Trend_trial_117,P12,766e2f4f2f41efccef6a6eb69126eb8a,117,4.726203403951818,0.3530916794717177,Seq2Trend,Normal,False,0.01,300,300,20,20,8,0.001,0.6,0.1,median,True,"[0.25, 0.5, 0.75]",False,P50,,False,42,1,combined_exp_arps,5,,default_group,UNISIM_IV_P12_Seq2Trend,UNISIM_IV,Seq2Trend,0.26074380165289257,0.023553719008264463,0.5685950413223141
UNISIM_IV_P12_Seq2Trend_trial_130,P12,845fb047ed81217cc60c808e8e910409,130,4.726203403951818,0.3530916794717177,Seq2Trend,Normal,False,0.01,300,300,20,20,8,0.001,0.6,0.1,median,True,"[0.25, 0.5, 0.75]",False,P50,,False,42,1,combined_exp_arps,5,,default_group,UNISIM_IV_P12_Seq2Trend,UNISIM_IV,Seq2Trend,0.26074380165289257,0.023553719008264463,0.5685950413223141
UNISIM_IV_P12_Seq2Trend_trial_137,P12,85d8393d8972175037a3e219fca6a40b,137,4.726203403951818,0.3530916794717177,Seq2Trend,Normal,False,0.01,300,300,20,20,8,0.001,0.6,0.1,median,True,"[0.25, 0.5, 0.75]",False,P50,,False,42,1,combined_exp_arps,5,,default_group,UNISIM_IV_P12_Seq2Trend,UNISIM_IV,Seq2Trend,0.26074380165289257,0.023553719008264463,0.5685950413223141
UNISIM_IV_P12_Seq2Trend_trial_131,P12,48761cce7ab725cef5ffadb65845ca41,131,4.726203403951818,0.3530916794717177,Seq2Trend,Normal,False,0.01,300,300,20,20,8,0.001,0.6,0.1,median,True,"[0.25, 0.5, 0.75]",False,P50,,False,42,1,combined_exp_arps,5,,default_group,UNISIM_IV_P12_Seq2Trend,UNISIM_IV,Seq2Trend,0.26074380165289257,0.023553719008264463,0.5685950413223141
UNISIM_IV_P12_Seq2Trend_trial_136,P12,f059b2ccf013a4f989c6907f7bc3a889,136,4.726203403951818,0.3530916794717177,Seq2Trend,Normal,False,0.01,300,300,20,20,8,0.001,0.6,0.1,median,True,"[0.25, 0.5, 0.75]",False,P50,,False,42,1,combined_exp_arps,5,,default_group,UNISIM_IV_P12_Seq2Trend,UNISIM_IV,Seq2Trend,0.26074380165289257,0.023553719008264463,0.5685950413223141
UNISIM_IV_P12_Seq2Trend_trial_134,P12,32a6dbf21ccfdb7308a8f74e3c10c724,134,4.726203403951818,0.3530916794717177,Seq2Trend,Normal,False,0.01,300,300,20,20,8,0.001,0.6,0.1,median,True,"[0.25, 0.5, 0.75]",False,P50,,False,42,1,combined_exp_arps,5,,default_group,UNISIM_IV_P12_Seq2Trend,UNISIM_IV,Seq2Trend,0.26074380165289257,0.023553719008264463,0.5685950413223141
UNISIM_IV_P12_Seq2Trend_trial_106,P12,76d608e64cb1cbe3f75c1757a23b7faf,106,4.726203403951818,0.3530916794717177,Seq2Trend,Normal,False,0.01,300,300,20,20,8,0.001,0.6,0.1,median,True,"[0.25, 0.5, 0.75]",False,P50,,False,42,1,combined_exp_arps,5,,default_group,UNISIM_IV_P12_Seq2Trend,UNISIM_IV,Seq2Trend,0.26074380165289257,0.023553719008264463,0.5685950413223141
UNISIM_IV_P12_Seq2Trend_trial_102,P12,b37533751e06b8f7d137debff3fc6213,102,4.726203403951818,0.3530916794717177,Seq2Trend,Normal,False,0.01,300,300,20,20,8,0.001,0.6,0.1,median,True,"[0.25, 0.5, 0.75]",False,P50,,False,42,1,combined_exp_arps,5,,default_group,UNISIM_IV_P12_Seq2Trend,UNISIM_IV,Seq2Trend,0.26074380165289257,0.023553719008264463,0.5685950413223141
UNISIM_IV_P12_Seq2Trend_trial_145,P12,b269d94e6fdbd3d85353e2073d63004e,145,4.726203403951818,0.3530916794717177,Seq2Trend,Normal,False,0.01,300,300,20,20,8,0.001,0.6,0.1,median,True,"[0.25, 0.5, 0.75]",False,P50,,False,42,1,combined_exp_arps,5,,default_group,UNISIM_IV_P12_Seq2Trend,UNISIM_IV,Seq2Trend,0.26074380165289257,0.023553719008264463,0.5685950413223141
UNISIM_IV_P12_Seq2Trend_trial_182,P12,4b2cc7a1a78fe37c85fa498e0c822274,182,4.866217671353909,0.1193360726214645,Seq2Trend,Normal,False,0.99,300,300,50,20,16,0.01,0.6,0.1,median,True,"[0.25, 0.5, 0.75]",False,P50,,False,42,1,pressure_ensemble,8,,default_group,UNISIM_IV_P12_Seq2Trend,UNISIM_IV,Seq2Trend,0.06487603305785124,0.049173553719008264,0.228099173553719
UNISIM_IV_P12_Seq2Trend_trial_159,P12,c55e9044608c7cfd7f664798ae71598a,159,12.60713190248493,3.1035714271700976,Seq2Trend,Normal,False,0.99,300,300,50,20,16,0.05,0.6,0.1,median,True,"[0.25, 0.5, 0.75]",False,P50,,False,42,1,pressure_ensemble,8,,default_group,UNISIM_IV_P12_Seq2Trend,UNISIM_IV,Seq2Trend,0.8607438016528925,0.8417355371900826,3.4049586776859506
UNISIM_IV_P12_Seq2Trend_trial_167,P12,45ccfd174a0663c12b641d3e7beb6d3a,167,12.60713190248493,3.1035714271700976,Seq2Trend,Normal,False,0.99,300,300,50,20,16,0.05,0.6,0.1,median,True,"[0.25, 0.5, 0.75]",False,P50,,False,42,1,pressure_ensemble,8,,default_group,UNISIM_IV_P12_Seq2Trend,UNISIM_IV,Seq2Trend,0.8607438016528925,0.8417355371900826,3.4049586776859506
UNISIM_IV_P12_Seq2Trend_trial_154,P12,03c3e6eaa615637b66c5a40f4993ccaf,154,12.60713190248493,3.1035714271700976,Seq2Trend,Normal,False,0.99,300,300,50,20,16,0.05,0.6,0.1,median,True,"[0.25, 0.5, 0.75]",False,P50,,False,42,1,pressure_ensemble,8,,default_group,UNISIM_IV_P12_Seq2Trend,UNISIM_IV,Seq2Trend,0.8607438016528925,0.8417355371900826,3.4049586776859506
UNISIM_IV_P12_Seq2Trend_trial_158,P12,a849356b37ac8ee4b5505c147f6c1cbc,158,12.60713190248493,3.1035714271700976,Seq2Trend,Normal,False,0.99,300,300,50,20,16,0.05,0.6,0.1,median,True,"[0.25, 0.5, 0.75]",False,P50,,False,42,1,pressure_ensemble,8,,default_group,UNISIM_IV_P12_Seq2Trend,UNISIM_IV,Seq2Trend,0.8607438016528925,0.8417355371900826,3.4049586776859506
UNISIM_IV_P12_Seq2Trend_trial_198,P12,f4fa4d1f0a7c957f7398560550465cc9,198,12.60713190248493,3.1035714271700976,Seq2Trend,Normal,False,0.99,300,300,50,20,16,0.05,0.6,0.1,median,True,"[0.25, 0.5, 0.75]",False,P50,,False,42,1,pressure_ensemble,8,,default_group,UNISIM_IV_P12_Seq2Trend,UNISIM_IV,Seq2Trend,0.8607438016528925,0.8417355371900826,3.4049586776859506
UNISIM_IV_P12_Seq2Trend_trial_164,P12,a8345ac0b25db07a6e14d5eb4d5427f2,164,12.60713190248493,3.1035714271700976,Seq2Trend,Normal,False,0.99,300,300,50,20,16,0.05,0.6,0.1,median,True,"[0.25, 0.5, 0.75]",False,P50,,False,42,1,pressure_ensemble,8,,default_group,UNISIM_IV_P12_Seq2Trend,UNISIM_IV,Seq2Trend,0.8607438016528925,0.8417355371900826,3.4049586776859506
UNISIM_IV_P12_Seq2Trend_trial_190,P12,3a5c61c5806e0e491479113240fd7417,190,12.60713190248493,3.1035714271700976,Seq2Trend,Normal,False,0.99,300,300,50,20,16,0.05,0.6,0.1,median,True,"[0.25, 0.5, 0.75]",False,P50,,False,42,1,pressure_ensemble,8,,default_group,UNISIM_IV_P12_Seq2Trend,UNISIM_IV,Seq2Trend,0.8607438016528925,0.8417355371900826,3.4049586776859506
UNISIM_IV_P12_Seq2Trend_trial_178,P12,0c5155f0073de720a4b8d3aa6f63932d,178,12.60713190248493,3.1035714271700976,Seq2Trend,Normal,False,0.99,300,300,50,20,16,0.05,0.6,0.1,median,True,"[0.25, 0.5, 0.75]",False,P50,,False,42,1,pressure_ensemble,8,,default_group,UNISIM_IV_P12_Seq2Trend,UNISIM_IV,Seq2Trend,0.8607438016528925,0.8417355371900826,3.4049586776859506
UNISIM_IV_P12_Seq2Trend_trial_174,P12,0c05e2796462d4745bb58ab4e3f405f7,174,12.60713190248493,3.1035714271700976,Seq2Trend,Normal,False,0.99,300,300,50,20,16,0.05,0.6,0.1,median,True,"[0.25, 0.5, 0.75]",False,P50,,False,42,1,pressure_ensemble,8,,default_group,UNISIM_IV_P12_Seq2Trend,UNISIM_IV,Seq2Trend,0.8607438016528925,0.8417355371900826,3.4049586776859506
UNISIM_IV_P12_Seq2Trend_trial_199,P12,23c09a8abad3d2504aa23055e1f577b2,199,12.60713190248493,3.1035714271700976,Seq2Trend,Normal,False,0.99,300,300,50,20,16,0.05,0.6,0.1,median,True,"[0.25, 0.5, 0.75]",False,P50,,False,42,1,pressure_ensemble,8,,default_group,UNISIM_IV_P12_Seq2Trend,UNISIM_IV,Seq2Trend,0.8607438016528925,0.8417355371900826,3.4049586776859506
UNISIM_IV_P12_Seq2Trend_trial_170,P12,3102b7239bafc48455a2f0fcaa82e455,170,12.60713190248493,3.1035714271700976,Seq2Trend,Normal,False,0.99,300,300,50,20,16,0.05,0.6,0.1,median,True,"[0.25, 0.5, 0.75]",False,P50,,False,42,1,pressure_ensemble,8,,default_group,UNISIM_IV_P12_Seq2Trend,UNISIM_IV,Seq2Trend,0.8607438016528925,0.8417355371900826,3.4049586776859506
UNISIM_IV_P12_Seq2Trend_trial_187,P12,0dfef73b5a615c23a779dddffd01071c,187,12.60713190248493,3.1035714271700976,Seq2Trend,Normal,False,0.99,300,300,50,20,16,0.05,0.6,0.1,median,True,"[0.25, 0.5, 0.75]",False,P50,,False,42,1,pressure_ensemble,8,,default_group,UNISIM_IV_P12_Seq2Trend,UNISIM_IV,Seq2Trend,0.8607438016528925,0.8417355371900826,3.4049586776859506
UNISIM_IV_P12_Seq2Trend_trial_163,P12,38ccd07daf58ed59437e8f0be396efaa,163,12.60713190248493,3.1035714271700976,Seq2Trend,Normal,False,0.99,300,300,50,20,16,0.05,0.6,0.1,median,True,"[0.25, 0.5, 0.75]",False,P50,,False,42,1,pressure_ensemble,8,,default_group,UNISIM_IV_P12_Seq2Trend,UNISIM_IV,Seq2Trend,0.8607438016528925,0.8417355371900826,3.4049586776859506
UNISIM_IV_P12_Seq2Trend_trial_150,P12,506364aac4d50a0f5e52f18021267c38,150,12.60713190248493,3.1035714271700976,Seq2Trend,Normal,False,0.99,300,300,50,20,16,0.05,0.6,0.1,median,True,"[0.25, 0.5, 0.75]",False,P50,,False,42,1,pressure_ensemble,8,,default_group,UNISIM_IV_P12_Seq2Trend,UNISIM_IV,Seq2Trend,0.8607438016528925,0.8417355371900826,3.4049586776859506
UNISIM_IV_P12_Seq2Trend_trial_165,P12,661c1f50a73fe06a114a857ed75b5e30,165,12.60713190248493,3.1035714271700976,Seq2Trend,Normal,False,0.99,300,300,50,20,16,0.05,0.6,0.1,median,True,"[0.25, 0.5, 0.75]",False,P50,,False,42,1,pressure_ensemble,8,,default_group,UNISIM_IV_P12_Seq2Trend,UNISIM_IV,Seq2Trend,0.8607438016528925,0.8417355371900826,3.4049586776859506
UNISIM_IV_P12_Seq2Trend_trial_169,P12,2f98ff4b299c02937695acada6419d4a,169,12.60713190248493,3.1035714271700976,Seq2Trend,Normal,False,0.99,300,300,50,20,16,0.05,0.6,0.1,median,True,"[0.25, 0.5, 0.75]",False,P50,,False,42,1,pressure_ensemble,8,,default_group,UNISIM_IV_P12_Seq2Trend,UNISIM_IV,Seq2Trend,0.8607438016528925,0.8417355371900826,3.4049586776859506
UNISIM_IV_P12_Seq2Trend_trial_161,P12,1264b20914e4085dddfcfab7cd11b7ce,161,12.60713190248493,3.1035714271700976,Seq2Trend,Normal,False,0.99,300,300,50,20,16,0.05,0.6,0.1,median,True,"[0.25, 0.5, 0.75]",False,P50,,False,42,1,pressure_ensemble,8,,default_group,UNISIM_IV_P12_Seq2Trend,UNISIM_IV,Seq2Trend,0.8607438016528925,0.8417355371900826,3.4049586776859506
UNISIM_IV_P12_Seq2Trend_trial_177,P12,fdef072a1cb1794022d3aa59e91eefce,177,12.60713190248493,3.1035714271700976,Seq2Trend,Normal,False,0.99,300,300,50,20,16,0.05,0.6,0.1,median,True,"[0.25, 0.5, 0.75]",False,P50,,False,42,1,pressure_ensemble,8,,default_group,UNISIM_IV_P12_Seq2Trend,UNISIM_IV,Seq2Trend,0.8607438016528925,0.8417355371900826,3.4049586776859506
UNISIM_IV_P12_Seq2Trend_trial_185,P12,9ec16001e1491c641ed5098c4bff2bed,185,12.60713190248493,3.1035714271700976,Seq2Trend,Normal,False,0.99,300,300,50,20,16,0.05,0.6,0.1,median,True,"[0.25, 0.5, 0.75]",False,P50,,False,42,1,pressure_ensemble,8,,default_group,UNISIM_IV_P12_Seq2Trend,UNISIM_IV,Seq2Trend,0.8607438016528925,0.8417355371900826,3.4049586776859506
UNISIM_IV_P12_Seq2Trend_trial_183,P12,f1b37d5966c5b22dd9a39060c4225bcf,183,12.60713190248493,3.1035714271700976,Seq2Trend,Normal,False,0.99,300,300,50,20,16,0.05,0.6,0.1,median,True,"[0.25, 0.5, 0.75]",False,P50,,False,42,1,pressure_ensemble,8,,default_group,UNISIM_IV_P12_Seq2Trend,UNISIM_IV,Seq2Trend,0.8607438016528925,0.8417355371900826,3.4049586776859506
UNISIM_IV_P12_Seq2Trend_trial_151,P12,e888000edaeb2005130c453243c69852,151,12.60713190248493,3.1035714271700976,Seq2Trend,Normal,False,0.99,300,300,50,20,16,0.05,0.6,0.1,median,True,"[0.25, 0.5, 0.75]",False,P50,,False,42,1,pressure_ensemble,8,,default_group,UNISIM_IV_P12_Seq2Trend,UNISIM_IV,Seq2Trend,0.8607438016528925,0.8417355371900826,3.4049586776859506
UNISIM_IV_P12_Seq2Trend_trial_152,P12,02969548c3f2b3c10c98061bed1d6891,152,12.60713190248493,3.1035714271700976,Seq2Trend,Normal,False,0.99,300,300,50,20,16,0.05,0.6,0.1,median,True,"[0.25, 0.5, 0.75]",False,P50,,False,42,1,pressure_ensemble,8,,default_group,UNISIM_IV_P12_Seq2Trend,UNISIM_IV,Seq2Trend,0.8607438016528925,0.8417355371900826,3.4049586776859506
UNISIM_IV_P12_Seq2Trend_trial_172,P12,3c559f8c56987665898e61fb5c4430f7,172,12.60713190248493,3.1035714271700976,Seq2Trend,Normal,False,0.99,300,300,50,20,16,0.05,0.6,0.1,median,True,"[0.25, 0.5, 0.75]",False,P50,,False,42,1,pressure_ensemble,8,,default_group,UNISIM_IV_P12_Seq2Trend,UNISIM_IV,Seq2Trend,0.8607438016528925,0.8417355371900826,3.4049586776859506
UNISIM_IV_P12_Seq2Trend_trial_186,P12,7133a3036463ba392f9aece2764d1e19,186,12.60713190248493,3.1035714271700976,Seq2Trend,Normal,False,0.99,300,300,50,20,16,0.05,0.6,0.1,median,True,"[0.25, 0.5, 0.75]",False,P50,,False,42,1,pressure_ensemble,8,,default_group,UNISIM_IV_P12_Seq2Trend,UNISIM_IV,Seq2Trend,0.8607438016528925,0.8417355371900826,3.4049586776859506
UNISIM_IV_P12_Seq2Trend_trial_156,P12,00db85b81cf5b892f7a74654cfb1609b,156,12.60713190248493,3.1035714271700976,Seq2Trend,Normal,False,0.99,300,300,50,20,16,0.05,0.6,0.1,median,True,"[0.25, 0.5, 0.75]",False,P50,,False,42,1,pressure_ensemble,8,,default_group,UNISIM_IV_P12_Seq2Trend,UNISIM_IV,Seq2Trend,0.8607438016528925,0.8417355371900826,3.4049586776859506
UNISIM_IV_P12_Seq2Trend_trial_153,P12,fc5ca557813546d88f8ad11012a4bf07,153,12.60713190248493,3.1035714271700976,Seq2Trend,Normal,False,0.99,300,300,50,20,16,0.05,0.6,0.1,median,True,"[0.25, 0.5, 0.75]",False,P50,,False,42,1,pressure_ensemble,8,,default_group,UNISIM_IV_P12_Seq2Trend,UNISIM_IV,Seq2Trend,0.8607438016528925,0.8417355371900826,3.4049586776859506
UNISIM_IV_P12_Seq2Trend_trial_180,P12,8a279bd8f8e0af1b1921f6236c4a9644,180,12.60713190248493,3.1035714271700976,Seq2Trend,Normal,False,0.99,300,300,50,20,16,0.05,0.6,0.1,median,True,"[0.25, 0.5, 0.75]",False,P50,,False,42,1,pressure_ensemble,8,,default_group,UNISIM_IV_P12_Seq2Trend,UNISIM_IV,Seq2Trend,0.8607438016528925,0.8417355371900826,3.4049586776859506
UNISIM_IV_P12_Seq2Trend_trial_160,P12,2712b025c19716c41d5b0858e94ae307,160,12.60713190248493,3.1035714271700976,Seq2Trend,Normal,False,0.99,300,300,50,20,16,0.05,0.6,0.1,median,True,"[0.25, 0.5, 0.75]",False,P50,,False,42,1,pressure_ensemble,8,,default_group,UNISIM_IV_P12_Seq2Trend,UNISIM_IV,Seq2Trend,0.8607438016528925,0.8417355371900826,3.4049586776859506
UNISIM_IV_P12_Seq2Trend_trial_171,P12,268eceb803d28f284d9dea3fcc80ca0e,171,12.60713190248493,3.1035714271700976,Seq2Trend,Normal,False,0.99,300,300,50,20,16,0.05,0.6,0.1,median,True,"[0.25, 0.5, 0.75]",False,P50,,False,42,1,pressure_ensemble,8,,default_group,UNISIM_IV_P12_Seq2Trend,UNISIM_IV,Seq2Trend,0.8607438016528925,0.8417355371900826,3.4049586776859506
UNISIM_IV_P12_Seq2Trend_trial_162,P12,351b9c89c7a404f62f3fddfc95aee286,162,12.60713190248493,3.1035714271700976,Seq2Trend,Normal,False,0.99,300,300,50,20,16,0.05,0.6,0.1,median,True,"[0.25, 0.5, 0.75]",False,P50,,False,42,1,pressure_ensemble,8,,default_group,UNISIM_IV_P12_Seq2Trend,UNISIM_IV,Seq2Trend,0.8607438016528925,0.8417355371900826,3.4049586776859506
UNISIM_IV_P12_Seq2Trend_trial_176,P12,1d9796244878ddd21546364ab3d12ba8,176,12.60713190248493,3.1035714271700976,Seq2Trend,Normal,False,0.99,300,300,50,20,16,0.05,0.6,0.1,median,True,"[0.25, 0.5, 0.75]",False,P50,,False,42,1,pressure_ensemble,8,,default_group,UNISIM_IV_P12_Seq2Trend,UNISIM_IV,Seq2Trend,0.8607438016528925,0.8417355371900826,3.4049586776859506
UNISIM_IV_P12_Seq2Trend_trial_173,P12,91fc46cea4739b7ee8aceed5e15bf120,173,12.60713190248493,3.1035714271700976,Seq2Trend,Normal,False,0.99,300,300,50,20,16,0.05,0.6,0.1,median,True,"[0.25, 0.5, 0.75]",False,P50,,False,42,1,pressure_ensemble,8,,default_group,UNISIM_IV_P12_Seq2Trend,UNISIM_IV,Seq2Trend,0.8607438016528925,0.8417355371900826,3.4049586776859506
UNISIM_IV_P12_Seq2Trend_trial_192,P12,c7f78c28cb34fe8b27811fcda879862d,192,12.60713190248493,3.1035714271700976,Seq2Trend,Normal,False,0.99,300,300,50,20,16,0.05,0.6,0.1,median,True,"[0.25, 0.5, 0.75]",False,P50,,False,42,1,pressure_ensemble,8,,default_group,UNISIM_IV_P12_Seq2Trend,UNISIM_IV,Seq2Trend,0.8607438016528925,0.8417355371900826,3.4049586776859506
UNISIM_IV_P12_Seq2Trend_trial_166,P12,488efdd0cc727d82e4ae6fc75710219e,166,12.60713190248493,3.1035714271700976,Seq2Trend,Normal,False,0.99,300,300,50,20,16,0.05,0.6,0.1,median,True,"[0.25, 0.5, 0.75]",False,P50,,False,42,1,pressure_ensemble,8,,default_group,UNISIM_IV_P12_Seq2Trend,UNISIM_IV,Seq2Trend,0.8607438016528925,0.8417355371900826,3.4049586776859506
UNISIM_IV_P12_Seq2Trend_trial_157,P12,d85a027636de2ab55e40145c52712b46,157,12.60713190248493,3.1035714271700976,Seq2Trend,Normal,False,0.99,300,300,50,20,16,0.05,0.6,0.1,median,True,"[0.25, 0.5, 0.75]",False,P50,,False,42,1,pressure_ensemble,8,,default_group,UNISIM_IV_P12_Seq2Trend,UNISIM_IV,Seq2Trend,0.8607438016528925,0.8417355371900826,3.4049586776859506
UNISIM_IV_P12_Seq2Trend_trial_184,P12,fa68d1c451d4f9fd1a44038f0e3a6cb3,184,12.60713190248493,3.1035714271700976,Seq2Trend,Normal,False,0.99,300,300,50,20,16,0.05,0.6,0.1,median,True,"[0.25, 0.5, 0.75]",False,P50,,False,42,1,pressure_ensemble,8,,default_group,UNISIM_IV_P12_Seq2Trend,UNISIM_IV,Seq2Trend,0.8607438016528925,0.8417355371900826,3.4049586776859506
UNISIM_IV_P12_Seq2Trend_trial_168,P12,d213a696f288876fd6e7139916a6d4ea,168,12.60713190248493,3.1035714271700976,Seq2Trend,Normal,False,0.99,300,300,50,20,16,0.05,0.6,0.1,median,True,"[0.25, 0.5, 0.75]",False,P50,,False,42,1,pressure_ensemble,8,,default_group,UNISIM_IV_P12_Seq2Trend,UNISIM_IV,Seq2Trend,0.8607438016528925,0.8417355371900826,3.4049586776859506
UNISIM_IV_P12_Seq2Trend_trial_196,P12,4ec7aebe2858633de2ca63e7458ea2b4,196,12.60713190248493,3.1035714271700976,Seq2Trend,Normal,False,0.99,300,300,50,20,16,0.05,0.6,0.1,median,True,"[0.25, 0.5, 0.75]",False,P50,,False,42,1,pressure_ensemble,8,,default_group,UNISIM_IV_P12_Seq2Trend,UNISIM_IV,Seq2Trend,0.8607438016528925,0.8417355371900826,3.4049586776859506
UNISIM_IV_P12_Seq2Trend_trial_194,P12,f8d61fdd6ccf8c1a3b50f26e090f68da,194,12.60713190248493,3.1035714271700976,Seq2Trend,Normal,False,0.99,300,300,50,20,16,0.05,0.6,0.1,median,True,"[0.25, 0.5, 0.75]",False,P50,,False,42,1,pressure_ensemble,8,,default_group,UNISIM_IV_P12_Seq2Trend,UNISIM_IV,Seq2Trend,0.8607438016528925,0.8417355371900826,3.4049586776859506
UNISIM_IV_P12_Seq2Trend_trial_175,P12,754e923f6c08745cf231d15e9639c182,175,12.60713190248493,3.1035714271700976,Seq2Trend,Normal,False,0.99,300,300,50,20,16,0.05,0.6,0.1,median,True,"[0.25, 0.5, 0.75]",False,P50,,False,42,1,pressure_ensemble,8,,default_group,UNISIM_IV_P12_Seq2Trend,UNISIM_IV,Seq2Trend,0.8607438016528925,0.8417355371900826,3.4049586776859506
UNISIM_IV_P12_Seq2Trend_trial_191,P12,128a321ff4b59bca72e3045f39715c98,191,12.60713190248493,3.1035714271700976,Seq2Trend,Normal,False,0.99,300,300,50,20,16,0.05,0.6,0.1,median,True,"[0.25, 0.5, 0.75]",False,P50,,False,42,1,pressure_ensemble,8,,default_group,UNISIM_IV_P12_Seq2Trend,UNISIM_IV,Seq2Trend,0.8607438016528925,0.8417355371900826,3.4049586776859506
UNISIM_IV_P12_Seq2Trend_trial_189,P12,2fbbd79406f71a6cf0b5dcae2b9ad071,189,12.60713190248493,3.1035714271700976,Seq2Trend,Normal,False,0.99,300,300,50,20,16,0.05,0.6,0.1,median,True,"[0.25, 0.5, 0.75]",False,P50,,False,42,1,pressure_ensemble,8,,default_group,UNISIM_IV_P12_Seq2Trend,UNISIM_IV,Seq2Trend,0.8607438016528925,0.8417355371900826,3.4049586776859506
UNISIM_IV_P12_Seq2Trend_trial_197,P12,a3d944aaf9e71bcc80723a1a739bf057,197,12.60713190248493,3.1035714271700976,Seq2Trend,Normal,False,0.99,300,300,50,20,16,0.05,0.6,0.1,median,True,"[0.25, 0.5, 0.75]",False,P50,,False,42,1,pressure_ensemble,8,,default_group,UNISIM_IV_P12_Seq2Trend,UNISIM_IV,Seq2Trend,0.8607438016528925,0.8417355371900826,3.4049586776859506
UNISIM_IV_P12_Seq2Trend_trial_188,P12,30ca16e66238b157e967587935ab1ba3,188,12.60713190248493,3.1035714271700976,Seq2Trend,Normal,False,0.99,300,300,50,20,16,0.05,0.6,0.1,median,True,"[0.25, 0.5, 0.75]",False,P50,,False,42,1,pressure_ensemble,8,,default_group,UNISIM_IV_P12_Seq2Trend,UNISIM_IV,Seq2Trend,0.8607438016528925,0.8417355371900826,3.4049586776859506
UNISIM_IV_P12_Seq2Trend_trial_195,P12,176c4896e9e220951efb2861de639e34,195,12.60713190248493,3.1035714271700976,Seq2Trend,Normal,False,0.99,300,300,50,20,16,0.05,0.6,0.1,median,True,"[0.25, 0.5, 0.75]",False,P50,,False,42,1,pressure_ensemble,8,,default_group,UNISIM_IV_P12_Seq2Trend,UNISIM_IV,Seq2Trend,0.8607438016528925,0.8417355371900826,3.4049586776859506
UNISIM_IV_P12_Seq2Trend_trial_193,P12,330bb4efe58716106061eecad2e7a29f,193,12.60713190248493,3.1035714271700976,Seq2Trend,Normal,False,0.99,300,300,50,20,16,0.05,0.6,0.1,median,True,"[0.25, 0.5, 0.75]",False,P50,,False,42,1,pressure_ensemble,8,,default_group,UNISIM_IV_P12_Seq2Trend,UNISIM_IV,Seq2Trend,0.8607438016528925,0.8417355371900826,3.4049586776859506
UNISIM_IV_P12_Seq2Trend_trial_155,P12,4661fc7141cdbe895d6977cf78579f79,155,12.60713190248493,3.1035714271700976,Seq2Trend,Normal,False,0.99,300,300,50,20,16,0.05,0.6,0.1,median,True,"[0.25, 0.5, 0.75]",False,P50,,False,42,1,pressure_ensemble,8,,default_group,UNISIM_IV_P12_Seq2Trend,UNISIM_IV,Seq2Trend,0.8607438016528925,0.8417355371900826,3.4049586776859506
UNISIM_IV_P12_Seq2Trend_trial_179,P12,cf6a5cad02981b6dfd3fa58d308779cc,179,12.60713190248493,3.1035714271700976,Seq2Trend,Normal,False,0.99,300,300,50,20,16,0.05,0.6,0.1,median,True,"[0.25, 0.5, 0.75]",False,P50,,False,42,1,pressure_ensemble,8,,default_group,UNISIM_IV_P12_Seq2Trend,UNISIM_IV,Seq2Trend,0.8607438016528925,0.8417355371900826,3.4049586776859506
UNISIM_IV_P12_Seq2Trend_trial_181,P12,b2752d04283d36568eeefa10b7b09820,181,12.60713190248493,3.1035714271700976,Seq2Trend,Normal,False,0.99,300,300,50,20,16,0.05,0.6,0.1,median,True,"[0.25, 0.5, 0.75]",False,P50,,False,42,1,pressure_ensemble,8,,default_group,UNISIM_IV_P12_Seq2Trend,UNISIM_IV,Seq2Trend,0.8607438016528925,0.8417355371900826,3.4049586776859506
UNISIM_IV_P12_Seq2Trend_trial_7,P12,6d7de868cd2a3590a1852d068ad9ad74,7,18.62093762099521,4.486561524463198,Seq2Trend,Normal,False,0.25,300,300,50,20,8,0.05,0.6,0.1,median,True,"[0.25, 0.5, 0.75]",False,P50,,False,42,1,pressure_ensemble,6,,default_group,UNISIM_IV_P12_Seq2Trend,UNISIM_IV,Seq2Trend,0.9260330578512397,0.9152892561983471,3.6826446280991734
UNISIM_IV_P12_Seq2Trend_trial_88,P12,f68ebd0647c1906239ec8f9c3d84b7ab,88,7.182684060991374,1.8355563405632185,Seq2Trend,Normal,False,0.01,300,300,200,20,8,0.001,0.6,0.1,median,True,"[0.25, 0.5, 0.75]",False,P50,,False,42,1,exponential,4,,default_group,UNISIM_IV_P12_Seq2Trend,UNISIM_IV,Seq2Trend,0.7702479338842976,0.6867768595041323,2.9140495867768594
UNISIM_IV_P12_Seq2Trend_trial_16,P12,5ff649be9f5ba8eda6c4c41ee3ab9326,16,15.91570055334269,3.796412594499484,Seq2Trend,Normal,False,0.99,300,300,200,20,16,0.005,0.6,0.1,median,True,"[0.25, 0.5, 0.75]",False,P50,,False,42,1,static,3,,default_group,UNISIM_IV_P12_Seq2Trend,UNISIM_IV,Seq2Trend,0.903305785123967,0.8975206611570248,3.6016528925619835
UNISIM_IV_P12_Seq2Trend_trial_18,P12,dac012da66d45fb71233ac8b5864a487,18,8.318103067115015,2.0048083489636,Seq2Trend,Normal,False,0.25,300,300,50,20,8,0.01,0.6,0.1,median,True,"[0.25, 0.5, 0.75]",False,P50,,False,42,1,pressure_ensemble,4,,default_group,UNISIM_IV_P12_Seq2Trend,UNISIM_IV,Seq2Trend,0.7822314049586777,0.765702479338843,3.095867768595041
UNISIM_IV_P12_Seq2Trend_trial_92,P12,276506b07bf36fa3bac0d9f186e5cc3c,92,12.989173510210671,2.953615918876132,Seq2Trend,Normal,False,0.01,300,300,100,20,8,0.05,0.6,0.1,median,True,"[0.25, 0.5, 0.75]",False,P50,,False,42,1,arps,8,,default_group,UNISIM_IV_P12_Seq2Trend,UNISIM_IV,Seq2Trend,0.8305785123966942,0.8694214876033057,3.4
UNISIM_IV_P12_Seq2Trend_trial_45,P12,eb5c7606064008c9f29cf39bf7b6700b,45,7.866455516611133,1.994461658127686,Seq2Trend,Normal,False,0.01,300,300,50,20,16,0.01,0.6,0.1,median,True,"[0.25, 0.5, 0.75]",False,P50,,False,42,1,static,4,,default_group,UNISIM_IV_P12_Seq2Trend,UNISIM_IV,Seq2Trend,0.7789256198347108,0.7516528925619834,3.0611570247933884
UNISIM_IV_P12_Seq2Trend_trial_44,P12,0b831e181fadf0bb0b2204a73ae3065d,44,87.26259037874473,16.924878004054076,Seq2Trend,Normal,False,0.25,300,300,20,20,8,0.05,0.6,0.1,median,True,"[0.25, 0.5, 0.75]",False,P50,,False,42,1,combined_exp_arps,4,,default_group,UNISIM_IV_P12_Seq2Trend,UNISIM_IV,Seq2Trend,0.9991735537190083,0.9991735537190083,3.996694214876033
UNISIM_IV_P12_Seq2Trend_trial_43,P12,2a5251c8ee9062050818c0faf7e3396c,43,11.725551185762598,2.830010358200307,Seq2Trend,Normal,False,0.99,300,300,20,20,8,0.01,0.6,0.1,median,True,"[0.25, 0.5, 0.75]",False,P50,,False,42,1,arps,4,,default_group,UNISIM_IV_P12_Seq2Trend,UNISIM_IV,Seq2Trend,0.8239669421487603,0.8099173553719008,3.267768595041322
UNISIM_IV_P12_Seq2Trend_trial_91,P12,c53b54f73bee62ce2884e24257e2805b,91,4.70302102894277,0.3423694757648666,Seq2Trend,Normal,False,0.01,300,300,50,20,8,0.001,0.6,0.1,median,True,"[0.25, 0.5, 0.75]",False,P50,,False,42,1,combined_exp_arps,5,,default_group,UNISIM_IV_P12_Seq2Trend,UNISIM_IV,Seq2Trend,0.23553719008264462,0.0008264462809917355,0.4727272727272727
UNISIM_IV_P12_Seq2Trend_trial_1,P12,41db0064b6f5484caa48614fecde8a09,1,9.882225919759726,2.434206084701158,Seq2Trend,Normal,False,0.25,300,300,200,20,8,0.05,0.6,0.1,median,True,"[0.25, 0.5, 0.75]",False,P50,,False,42,1,static,8,,default_group,UNISIM_IV_P12_Seq2Trend,UNISIM_IV,Seq2Trend,0.8024793388429752,0.7925619834710744,3.190082644628099
UNISIM_IV_P12_Seq2Trend_trial_71,P12,f2e0e5dcac93c8ff6135aa0548bbbc79,71,6.16469381785072,1.4638219753968371,Seq2Trend,Normal,False,0.25,300,300,100,20,8,0.001,0.6,0.1,median,True,"[0.25, 0.5, 0.75]",False,P50,,False,42,1,pressure_ensemble,2,,default_group,UNISIM_IV_P12_Seq2Trend,UNISIM_IV,Seq2Trend,0.743801652892562,0.47024793388429753,2.428099173553719
UNISIM_IV_P12_Seq2Trend_trial_22,P12,934509693f81217da089dc7bc01a7d1c,22,4.706105525026045,0.3496172480191964,Seq2Trend,Normal,False,0.01,300,300,50,20,16,0.001,0.6,0.1,median,True,"[0.25, 0.5, 0.75]",False,P50,,False,42,1,combined_exp_arps,8,,default_group,UNISIM_IV_P12_Seq2Trend,UNISIM_IV,Seq2Trend,0.2371900826446281,0.001652892561983471,0.47768595041322315
UNISIM_IV_P12_Seq2Trend_trial_3,P12,41054bb5853cc9f46844655491661053,3,10.980382877694357,2.693645789014126,Seq2Trend,Normal,False,0.5,300,300,20,20,16,0.05,0.6,0.1,median,True,"[0.25, 0.5, 0.75]",False,P50,,False,42,1,exponential,6,,default_group,UNISIM_IV_P12_Seq2Trend,UNISIM_IV,Seq2Trend,0.8148760330578513,0.8024793388429752,3.234710743801653
UNISIM_IV_P12_Seq2Trend_trial_77,P12,48bd879a3a099a6e528497f376c8309f,77,6.546089223307675,1.6134190021027297,Seq2Trend,Normal,False,0.5,300,300,200,20,16,0.001,0.6,0.1,median,True,"[0.25, 0.5, 0.75]",False,P50,,False,42,1,combined_exp_arps,4,,default_group,UNISIM_IV_P12_Seq2Trend,UNISIM_IV,Seq2Trend,0.7570247933884298,0.6355371900826446,2.785123966942149
UNISIM_IV_P12_Seq2Trend_trial_81,P12,c1e8dc740a9c1e55faf0363cf55ebb07,81,7.785867586554762,1.9801044550006248,Seq2Trend,Normal,False,0.5,300,300,20,20,16,0.01,0.6,0.1,median,True,"[0.25, 0.5, 0.75]",False,P50,,False,42,1,arps,8,,default_group,UNISIM_IV_P12_Seq2Trend,UNISIM_IV,Seq2Trend,0.7768595041322314,0.7479338842975206,3.049586776859504
UNISIM_IV_P12_Seq2Trend_trial_98,P12,6fb2356192008831b95c13d3eeaf9a60,98,7.64798902864829,1.954222993908448,Seq2Trend,Normal,False,0.01,300,300,200,20,16,0.005,0.6,0.1,median,True,"[0.25, 0.5, 0.75]",False,P50,,False,42,1,exponential,4,,default_group,UNISIM_IV_P12_Seq2Trend,UNISIM_IV,Seq2Trend,0.775206611570248,0.7454545454545455,3.041322314049587
UNISIM_IV_P12_Seq2Trend_trial_37,P12,713fd168675949e0099914aef04e983e,37,7.631919230015563,1.8626480055717825,Seq2Trend,Normal,False,0.01,300,300,100,20,16,0.005,0.6,0.1,median,True,"[0.25, 0.5, 0.75]",False,P50,,False,42,1,arps,4,,default_group,UNISIM_IV_P12_Seq2Trend,UNISIM_IV,Seq2Trend,0.7710743801652893,0.743801652892562,3.0297520661157025
UNISIM_IV_P12_Seq2Trend_trial_79,P12,606dba6d7929c14e7602ff35840c8196,79,6.724656508790694,1.7321606449424982,Seq2Trend,Normal,False,0.01,300,300,100,20,8,0.005,0.6,0.1,median,True,"[0.25, 0.5, 0.75]",False,P50,,False,42,1,static,3,,default_group,UNISIM_IV_P12_Seq2Trend,UNISIM_IV,Seq2Trend,0.7632231404958678,0.6574380165289256,2.841322314049587
UNISIM_IV_P12_Seq2Trend_trial_32,P12,805caafae520926772924bf69b61f6e6,32,11.194623123160431,2.5112817237214733,Seq2Trend,Normal,False,0.99,300,300,50,20,16,0.001,0.6,0.1,median,True,"[0.25, 0.5, 0.75]",False,P50,,False,42,1,arps,6,,default_group,UNISIM_IV_P12_Seq2Trend,UNISIM_IV,Seq2Trend,0.8082644628099174,0.8049586776859504,3.226446280991736
UNISIM_IV_P12_Seq2Trend_trial_55,P12,2df28209cc53db0ea1f3e490e25cd44c,55,8.221378158190037,2.0503843636358003,Seq2Trend,Normal,False,0.5,300,300,50,20,16,0.01,0.6,0.1,median,True,"[0.25, 0.5, 0.75]",False,P50,,False,42,1,static,3,,default_group,UNISIM_IV_P12_Seq2Trend,UNISIM_IV,Seq2Trend,0.7884297520661157,0.7619834710743801,3.1008264462809914
UNISIM_IV_P12_Seq2Trend_trial_36,P12,a43e782a71eb8995f5530120545926a8,36,13.48113290334335,3.2328684166203083,Seq2Trend,Normal,False,0.25,300,300,200,20,8,0.01,0.6,0.1,median,True,"[0.25, 0.5, 0.75]",False,P50,,False,42,1,pressure_ensemble,7,,default_group,UNISIM_IV_P12_Seq2Trend,UNISIM_IV,Seq2Trend,0.8892561983471075,0.8743801652892562,3.5272727272727273
UNISIM_IV_P12_Seq2Trend_trial_29,P12,283e37c680c527b01680e2fd812b681c,29,8.840669662672227,2.241085460015318,Seq2Trend,Normal,False,0.25,300,300,20,20,8,0.05,0.6,0.1,median,True,"[0.25, 0.5, 0.75]",False,P50,,False,42,1,exponential,7,,default_group,UNISIM_IV_P12_Seq2Trend,UNISIM_IV,Seq2Trend,0.7942148760330578,0.7785123966942149,3.1454545454545455
UNISIM_IV_P12_Seq2Trend_trial_94,P12,cd9097d6a925b33548ab0345b83e233d,94,4.931340804829511,0.8396499000130015,Seq2Trend,Normal,False,0.01,300,300,100,20,8,0.001,0.6,0.1,median,True,"[0.25, 0.5, 0.75]",False,P50,,False,42,1,pressure_ensemble,7,,default_group,UNISIM_IV_P12_Seq2Trend,UNISIM_IV,Seq2Trend,0.5768595041322314,0.05454545454545454,1.262809917355372
UNISIM_IV_P12_Seq2Trend_trial_15,P12,8b68cfeaf7cc57e5c2558cd1e56b647d,15,11.405577975054229,2.8305276557097865,Seq2Trend,Normal,False,0.99,300,300,50,20,8,0.005,0.6,0.1,median,True,"[0.25, 0.5, 0.75]",False,P50,,False,42,1,static,2,,default_group,UNISIM_IV_P12_Seq2Trend,UNISIM_IV,Seq2Trend,0.824793388429752,0.8057851239669421,3.2611570247933885
UNISIM_IV_P12_Seq2Trend_trial_49,P12,df264ab67ac74944efa06b4fafbbb895,49,6.724656508790694,1.7321606449424982,Seq2Trend,Normal,False,0.01,300,300,100,20,8,0.005,0.6,0.1,median,True,"[0.25, 0.5, 0.75]",False,P50,,False,42,1,static,2,,default_group,UNISIM_IV_P12_Seq2Trend,UNISIM_IV,Seq2Trend,0.7632231404958678,0.6574380165289256,2.841322314049587
UNISIM_IV_P12_Seq2Trend_trial_14,P12,09e90dfe73f5d7755815e5d17821aec7,14,28.17626959346321,6.460971256562718,Seq2Trend,Normal,False,0.99,300,300,200,20,8,0.01,0.6,0.1,median,True,"[0.25, 0.5, 0.75]",False,P50,,False,42,1,combined_exp_arps,3,,default_group,UNISIM_IV_P12_Seq2Trend,UNISIM_IV,Seq2Trend,0.9851239669421488,0.984297520661157,3.9388429752066116
UNISIM_IV_P12_Seq2Trend_trial_62,P12,aa697d27f2beb14ad64ac54c3dfcbeaf,62,7.866455516611133,1.994461658127686,Seq2Trend,Normal,False,0.01,300,300,50,20,16,0.01,0.6,0.1,median,True,"[0.25, 0.5, 0.75]",False,P50,,False,42,1,static,5,,default_group,UNISIM_IV_P12_Seq2Trend,UNISIM_IV,Seq2Trend,0.7789256198347108,0.7516528925619834,3.0611570247933884
UNISIM_IV_P12_Seq2Trend_trial_54,P12,76ae09da302b058bff0ac3103b500d90,54,8.29254277212502,2.078297050498029,Seq2Trend,Normal,False,0.01,300,300,200,20,16,0.01,0.6,0.1,median,True,"[0.25, 0.5, 0.75]",False,P50,,False,42,1,exponential,5,,default_group,UNISIM_IV_P12_Seq2Trend,UNISIM_IV,Seq2Trend,0.7900826446280992,0.7644628099173554,3.1090909090909093
UNISIM_IV_P12_Seq2Trend_trial_30,P12,ea586f732048aa4e8d6a08363b93a17b,30,5.981863857556133,1.3802147824617057,Seq2Trend,Normal,False,0.25,300,300,200,20,16,0.001,0.6,0.1,median,True,"[0.25, 0.5, 0.75]",False,P50,,False,42,1,exponential,7,,default_group,UNISIM_IV_P12_Seq2Trend,UNISIM_IV,Seq2Trend,0.7396694214876033,0.40082644628099173,2.28099173553719
UNISIM_IV_P12_Seq2Trend_trial_2,P12,9bc8fe4751e0c803d7f144b50b33c103,2,15.542812749166185,3.712987783555117,Seq2Trend,Normal,False,0.25,300,300,100,20,16,0.05,0.6,0.1,median,True,"[0.25, 0.5, 0.75]",False,P50,,False,42,1,pressure_ensemble,4,,default_group,UNISIM_IV_P12_Seq2Trend,UNISIM_IV,Seq2Trend,0.8991735537190083,0.8958677685950414,3.590082644628099
UNISIM_IV_P12_Seq2Trend_trial_33,P12,97692ec300729c97e28ecf4ed6c510c5,33,16.53024908069782,4.000144781794898,Seq2Trend,Normal,False,0.5,300,300,200,20,16,0.01,0.6,0.1,median,True,"[0.25, 0.5, 0.75]",False,P50,,False,42,1,combined_exp_arps,2,,default_group,UNISIM_IV_P12_Seq2Trend,UNISIM_IV,Seq2Trend,0.9082644628099174,0.9016528925619834,3.6198347107438016
UNISIM_IV_P12_Seq2Trend_trial_82,P12,f6155e517427fa967f7dd95dcb8b0fb0,82,9.4207461294678,2.342929457869746,Seq2Trend,Normal,False,0.25,300,300,200,20,8,0.005,0.6,0.1,median,True,"[0.25, 0.5, 0.75]",False,P50,,False,42,1,pressure_ensemble,6,,default_group,UNISIM_IV_P12_Seq2Trend,UNISIM_IV,Seq2Trend,0.7983471074380165,0.7884297520661157,3.1735537190082646
UNISIM_IV_P12_Seq2Trend_trial_73,P12,3d8de76b732f406fe5a5f7e16639feb7,73,10.232759004553907,2.4883710237222365,Seq2Trend,Normal,False,0.25,300,300,200,20,8,0.005,0.6,0.1,median,True,"[0.25, 0.5, 0.75]",False,P50,,False,42,1,static,2,,default_group,UNISIM_IV_P12_Seq2Trend,UNISIM_IV,Seq2Trend,0.8053719008264463,0.7979338842975207,3.206611570247934
UNISIM_IV_P12_Seq2Trend_trial_99,P12,b6f96e770179df21d2230bcb0563a654,99,6.090728451210649,1.404066743989321,Seq2Trend,Normal,False,0.25,300,300,50,20,8,0.001,0.6,0.1,median,True,"[0.25, 0.5, 0.75]",False,P50,,False,42,1,exponential,8,,default_group,UNISIM_IV_P12_Seq2Trend,UNISIM_IV,Seq2Trend,0.740495867768595,0.45867768595041325,2.3983471074380165
UNISIM_IV_P12_Seq2Trend_trial_6,P12,b0d963b28ea41d48a9f4e63c408a4688,6,6.290034421526808,1.5287242877919576,Seq2Trend,Normal,False,0.5,300,300,100,20,8,0.001,0.6,0.1,median,True,"[0.25, 0.5, 0.75]",False,P50,,False,42,1,combined_exp_arps,7,,default_group,UNISIM_IV_P12_Seq2Trend,UNISIM_IV,Seq2Trend,0.7483471074380166,0.5433884297520661,2.5834710743801654
UNISIM_IV_P12_Seq2Trend_trial_58,P12,b970a18f9433eeab09a54b3b199dd61f,58,7.370512428791871,1.0556775530618476,Seq2Trend,Normal,False,0.99,300,300,100,20,16,0.001,0.6,0.1,median,True,"[0.25, 0.5, 0.75]",False,P50,,False,42,1,combined_exp_arps,4,,default_group,UNISIM_IV_P12_Seq2Trend,UNISIM_IV,Seq2Trend,0.7082644628099174,0.6933884297520662,2.803305785123967
UNISIM_IV_P12_Seq2Trend_trial_5,P12,0287c6f329e6e93a7cad79e5709d78d9,5,6.4088876659831655,1.5759932026282757,Seq2Trend,Normal,False,0.5,300,300,20,20,8,0.005,0.6,0.1,median,True,"[0.25, 0.5, 0.75]",False,P50,,False,42,1,pressure_ensemble,3,,default_group,UNISIM_IV_P12_Seq2Trend,UNISIM_IV,Seq2Trend,0.7520661157024794,0.5760330578512397,2.656198347107438
UNISIM_IV_P12_Seq2Trend_trial_4,P12,b8edc5733102c39a33c76140a8344cf3,4,5.316605096373652,0.9721273308412116,Seq2Trend,Normal,False,0.99,300,300,20,20,16,0.01,0.6,0.1,median,True,"[0.25, 0.5, 0.75]",False,P50,,False,42,1,exponential,5,,default_group,UNISIM_IV_P12_Seq2Trend,UNISIM_IV,Seq2Trend,0.6909090909090909,0.24710743801652893,1.8760330578512396
UNISIM_IV_P12_Seq2Trend_trial_83,P12,a9690c1b9dd74d3453902532bfb83e14,83,20.577086950139144,4.825722880042115,Seq2Trend,Normal,False,0.5,300,300,200,20,8,0.01,0.6,0.1,median,True,"[0.25, 0.5, 0.75]",False,P50,,False,42,1,combined_exp_arps,6,,default_group,UNISIM_IV_P12_Seq2Trend,UNISIM_IV,Seq2Trend,0.9727272727272728,0.9289256198347108,3.803305785123967
UNISIM_IV_P12_Seq2Trend_trial_80,P12,ca4f80a1b10b5095f2d1703444d6d580,80,6.630380339325402,1.6513999651630813,Seq2Trend,Normal,False,0.01,300,300,50,20,8,0.005,0.6,0.1,median,True,"[0.25, 0.5, 0.75]",False,P50,,False,42,1,static,4,,default_group,UNISIM_IV_P12_Seq2Trend,UNISIM_IV,Seq2Trend,0.759504132231405,0.6471074380165289,2.813223140495868
UNISIM_IV_P12_Seq2Trend_trial_97,P12,ddbc4b19f8a8d6b9103c2d6ff88aa9fb,97,7.007317769351945,1.6868600228828217,Seq2Trend,Normal,False,0.25,300,300,20,20,8,0.001,0.6,0.1,median,True,"[0.25, 0.5, 0.75]",False,P50,,False,42,1,pressure_ensemble,5,,default_group,UNISIM_IV_P12_Seq2Trend,UNISIM_IV,Seq2Trend,0.7611570247933884,0.6735537190082644,2.8694214876033057
UNISIM_IV_P12_Seq2Trend_trial_57,P12,f74fab3cb5c074f84a3fe659fcd8f8ab,57,6.842866833631628,0.8130852119992725,Seq2Trend,Normal,False,0.99,300,300,100,20,16,0.001,0.6,0.1,median,True,"[0.25, 0.5, 0.75]",False,P50,,False,42,1,exponential,3,,default_group,UNISIM_IV_P12_Seq2Trend,UNISIM_IV,Seq2Trend,0.5661157024793388,0.6636363636363637,2.4595041322314053
UNISIM_IV_P12_Seq2Trend_trial_17,P12,be3963f9dcc82f18ac411ed6321be838,17,8.379164959579565,2.075537270533023,Seq2Trend,Normal,False,0.25,300,300,200,20,16,0.005,0.6,0.1,median,True,"[0.25, 0.5, 0.75]",False,P50,,False,42,1,pressure_ensemble,8,,default_group,UNISIM_IV_P12_Seq2Trend,UNISIM_IV,Seq2Trend,0.7892561983471075,0.768595041322314,3.115702479338843
UNISIM_IV_P12_Seq2Trend_trial_68,P12,155600216a0073655c1aadf0d699e563,68,5.119741609147478,1.0221187136095495,Seq2Trend,Normal,False,0.01,300,300,20,20,16,0.01,0.6,0.1,median,True,"[0.25, 0.5, 0.75]",False,P50,,False,42,1,pressure_ensemble,7,,default_group,UNISIM_IV_P12_Seq2Trend,UNISIM_IV,Seq2Trend,0.7012396694214876,0.1318181818181818,1.666115702479339
UNISIM_IV_P12_Seq2Trend_trial_56,P12,3509f74be2e026a911d1f3553462aa22,56,6.440103826593783,1.584431892942392,Seq2Trend,Normal,False,0.5,300,300,200,20,16,0.001,0.6,0.1,median,True,"[0.25, 0.5, 0.75]",False,P50,,False,42,1,static,7,,default_group,UNISIM_IV_P12_Seq2Trend,UNISIM_IV,Seq2Trend,0.7545454545454545,0.5809917355371901,2.6710743801652894
UNISIM_IV_P12_Seq2Trend_trial_53,P12,aef0e32a7370a4aa56fb194a37f9799c,53,8.03866431733549,2.0924788401886647,Seq2Trend,Normal,False,0.01,300,300,200,20,16,0.005,0.6,0.1,median,True,"[0.25, 0.5, 0.75]",False,P50,,False,42,1,static,4,,default_group,UNISIM_IV_P12_Seq2Trend,UNISIM_IV,Seq2Trend,0.7909090909090909,0.7578512396694215,3.0975206611570245
UNISIM_IV_P12_Seq2Trend_trial_63,P12,9056ca23c6f24866a92aef3c6194e4d7,63,8.059348908466696,2.0386312462678,Seq2Trend,Normal,False,0.5,300,300,50,20,8,0.005,0.6,0.1,median,True,"[0.25, 0.5, 0.75]",False,P50,,False,42,1,pressure_ensemble,7,,default_group,UNISIM_IV_P12_Seq2Trend,UNISIM_IV,Seq2Trend,0.7867768595041322,0.7586776859504132,3.090909090909091
UNISIM_IV_P12_Seq2Trend_trial_76,P12,de287600634f5552bd929aebc024fbef,76,9.109801799435498,2.266371483756311,Seq2Trend,Normal,False,0.25,300,300,20,20,16,0.05,0.6,0.1,median,True,"[0.25, 0.5, 0.75]",False,P50,,False,42,1,combined_exp_arps,3,,default_group,UNISIM_IV_P12_Seq2Trend,UNISIM_IV,Seq2Trend,0.7950413223140496,0.7834710743801653,3.1570247933884295
UNISIM_IV_P12_Seq2Trend_trial_93,P12,5f634f47143127432d1e120e319ba3f9,93,9.496501767024135,2.374065729305407,Seq2Trend,Normal,False,0.01,300,300,200,20,8,0.005,0.6,0.1,median,True,"[0.25, 0.5, 0.75]",False,P50,,False,42,1,static,7,,default_group,UNISIM_IV_P12_Seq2Trend,UNISIM_IV,Seq2Trend,0.8008264462809918,0.7892561983471075,3.1801652892561982
UNISIM_IV_P12_Seq2Trend_trial_13,P12,06ac68675f3da609140ec301b44a3f49,13,7.950872871261798,2.045652079340718,Seq2Trend,Normal,False,0.5,300,300,20,20,8,0.01,0.6,0.1,median,True,"[0.25, 0.5, 0.75]",False,P50,,False,42,1,static,5,,default_group,UNISIM_IV_P12_Seq2Trend,UNISIM_IV,Seq2Trend,0.7876033057851239,0.7553719008264462,3.0859504132231406
UNISIM_IV_P12_Seq2Trend_trial_52,P12,e975e18995cdaa916866f934dfdab418,52,18.35167188682834,4.455932743214231,Seq2Trend,Normal,False,0.01,300,300,200,20,8,0.05,0.6,0.1,median,True,"[0.25, 0.5, 0.75]",False,P50,,False,42,1,exponential,4,,default_group,UNISIM_IV_P12_Seq2Trend,UNISIM_IV,Seq2Trend,0.9227272727272727,0.9111570247933884,3.6677685950413226
UNISIM_IV_P12_Seq2Trend_trial_12,P12,046551bfe1b8dd40005622245c267244,12,8.318103067115015,2.0048083489636,Seq2Trend,Normal,False,0.25,300,300,50,20,8,0.01,0.6,0.1,median,True,"[0.25, 0.5, 0.75]",False,P50,,False,42,1,pressure_ensemble,4,,default_group,UNISIM_IV_P12_Seq2Trend,UNISIM_IV,Seq2Trend,0.7822314049586777,0.765702479338843,3.095867768595041
UNISIM_IV_P12_Seq2Trend_trial_90,P12,43100c0aae8a65949d309daa4903e615,90,4.718832044231688,0.6557375082646798,Seq2Trend,Normal,False,0.01,300,300,50,20,8,0.05,0.6,0.1,median,True,"[0.25, 0.5, 0.75]",False,P50,,False,42,1,pressure_ensemble,7,,default_group,UNISIM_IV_P12_Seq2Trend,UNISIM_IV,Seq2Trend,0.4388429752066116,0.0024793388429752068,0.8826446280991735
UNISIM_IV_P12_Seq2Trend_trial_21,P12,dc543e9e5d8e10c4a70a777671a99241,21,4.750144030145196,0.3259595606464611,Seq2Trend,Normal,False,0.01,300,300,50,20,8,0.05,0.6,0.1,median,True,"[0.25, 0.5, 0.75]",False,P50,,False,42,1,combined_exp_arps,5,,default_group,UNISIM_IV_P12_Seq2Trend,UNISIM_IV,Seq2Trend,0.22975206611570248,0.047933884297520664,0.5553719008264463
UNISIM_IV_P12_Seq2Trend_trial_72,P12,3ea3010d5ec896dbbddac4362525cab3,72,6.473013992121908,1.57880101264926,Seq2Trend,Normal,False,0.5,300,300,20,20,16,0.01,0.6,0.1,median,True,"[0.25, 0.5, 0.75]",False,P50,,False,42,1,static,3,,default_group,UNISIM_IV_P12_Seq2Trend,UNISIM_IV,Seq2Trend,0.7537190082644628,0.6264462809917355,2.760330578512397
UNISIM_IV_P12_Seq2Trend_trial_11,P12,755f89faacf25bf5bab17daa11a5bcf1,11,7.587126209435204,1.6867538100217323,Seq2Trend,Normal,False,0.99,300,300,20,20,16,0.005,0.6,0.1,median,True,"[0.25, 0.5, 0.75]",False,P50,,False,42,1,exponential,8,,default_group,UNISIM_IV_P12_Seq2Trend,UNISIM_IV,Seq2Trend,0.7603305785123967,0.6983471074380165,2.9173553719008263
UNISIM_IV_P12_Seq2Trend_trial_70,P12,32d8cfea9453e4b373acddbd7afd3131,70,20.733514120982363,4.8452625298295455,Seq2Trend,Normal,False,0.5,300,300,50,20,16,0.05,0.6,0.1,median,True,"[0.25, 0.5, 0.75]",False,P50,,False,42,1,exponential,5,,default_group,UNISIM_IV_P12_Seq2Trend,UNISIM_IV,Seq2Trend,0.9735537190082645,0.9305785123966942,3.8082644628099174
UNISIM_IV_P12_Seq2Trend_trial_35,P12,5709b177132bead2970fb7a5f92e8fe1,35,7.019280683593837,1.7241033819795444,Seq2Trend,Normal,False,0.25,300,300,20,20,8,0.01,0.6,0.1,median,True,"[0.25, 0.5, 0.75]",False,P50,,False,42,1,combined_exp_arps,6,,default_group,UNISIM_IV_P12_Seq2Trend,UNISIM_IV,Seq2Trend,0.7619834710743801,0.675206611570248,2.8743801652892564
UNISIM_IV_P12_Seq2Trend_trial_47,P12,516eaf62ebac0546c9ea0419821c58fa,47,7.534471132691967,1.8293229636814328,Seq2Trend,Normal,False,0.25,300,300,200,20,16,0.01,0.6,0.1,median,True,"[0.25, 0.5, 0.75]",False,P50,,False,42,1,pressure_ensemble,8,,default_group,UNISIM_IV_P12_Seq2Trend,UNISIM_IV,Seq2Trend,0.768595041322314,0.6975206611570248,2.932231404958678
UNISIM_IV_P12_Seq2Trend_trial_50,P12,7f18e28e8e94c37d57f944a332848bcc,50,10.232759004553907,2.4883710237222365,Seq2Trend,Normal,False,0.25,300,300,200,20,8,0.005,0.6,0.1,median,True,"[0.25, 0.5, 0.75]",False,P50,,False,42,1,static,4,,default_group,UNISIM_IV_P12_Seq2Trend,UNISIM_IV,Seq2Trend,0.8053719008264463,0.7979338842975207,3.206611570247934
UNISIM_IV_P12_Seq2Trend_trial_9,P12,d4804cd1bcf344305500b8c337955987,9,11.890189140997588,2.899592484359559,Seq2Trend,Normal,False,0.5,300,300,100,20,16,0.01,0.6,0.1,median,True,"[0.25, 0.5, 0.75]",False,P50,,False,42,1,arps,7,,default_group,UNISIM_IV_P12_Seq2Trend,UNISIM_IV,Seq2Trend,0.8272727272727273,0.8132231404958677,3.28099173553719
UNISIM_IV_P12_Seq2Trend_trial_34,P12,0d85fb64eba84baacb9cea310606ea3a,34,7.2245754503974275,1.8294205038038711,Seq2Trend,Normal,False,0.01,300,300,50,20,8,0.01,0.6,0.1,median,True,"[0.25, 0.5, 0.75]",False,P50,,False,42,1,arps,8,,default_group,UNISIM_IV_P12_Seq2Trend,UNISIM_IV,Seq2Trend,0.7694214876033058,0.6884297520661157,2.915702479338843
UNISIM_IV_P12_Seq2Trend_trial_89,P12,e30099d4fe590bf3abb555356dd4b1b5,89,11.528662832759728,2.630888732928521,Seq2Trend,Normal,False,0.99,300,300,20,20,8,0.001,0.6,0.1,median,True,"[0.25, 0.5, 0.75]",False,P50,,False,42,1,combined_exp_arps,6,,default_group,UNISIM_IV_P12_Seq2Trend,UNISIM_IV,Seq2Trend,0.812396694214876,0.8082644628099174,3.2413223140495866
UNISIM_IV_P12_Seq2Trend_trial_27,P12,d3d826ffac71abd7d975542ee7891a07,27,8.887586876475769,1.5475208553700914,Seq2Trend,Normal,False,0.99,300,300,200,20,16,0.001,0.6,0.1,median,True,"[0.25, 0.5, 0.75]",False,P50,,False,42,1,arps,7,,default_group,UNISIM_IV_P12_Seq2Trend,UNISIM_IV,Seq2Trend,0.7504132231404959,0.7793388429752066,3.059504132231405
UNISIM_IV_P12_Seq2Trend_trial_40,P12,d9e3d896709a5effb06524cc66257150,40,6.290034421526808,1.5287242877919576,Seq2Trend,Normal,False,0.5,300,300,100,20,8,0.001,0.6,0.1,median,True,"[0.25, 0.5, 0.75]",False,P50,,False,42,1,combined_exp_arps,4,,default_group,UNISIM_IV_P12_Seq2Trend,UNISIM_IV,Seq2Trend,0.7483471074380166,0.5433884297520661,2.5834710743801654
UNISIM_IV_P12_Seq2Trend_trial_74,P12,6fe2cfc399aadf217a4d6f6391bc35de,74,21.92824744398156,5.075928907084163,Seq2Trend,Normal,False,0.25,300,300,200,20,16,0.05,0.6,0.1,median,True,"[0.25, 0.5, 0.75]",False,P50,,False,42,1,pressure_ensemble,5,,default_group,UNISIM_IV_P12_Seq2Trend,UNISIM_IV,Seq2Trend,0.9752066115702479,0.9743801652892562,3.899173553719008
UNISIM_IV_P12_Seq2Trend_trial_69,P12,3a367b91c5e44799381bffc161b03df0,69,7.816541424016423,1.9742370302328305,Seq2Trend,Normal,False,0.5,300,300,50,20,8,0.005,0.6,0.1,median,True,"[0.25, 0.5, 0.75]",False,P50,,False,42,1,static,3,,default_group,UNISIM_IV_P12_Seq2Trend,UNISIM_IV,Seq2Trend,0.7760330578512397,0.7504132231404959,3.0528925619834713
UNISIM_IV_P12_Seq2Trend_trial_25,P12,7ed5bcc6a45339f1fc1f6a4001f7376b,25,69.49356993407295,13.988327171899876,Seq2Trend,Normal,False,0.99,300,300,50,20,8,0.05,0.6,0.1,median,True,"[0.25, 0.5, 0.75]",False,P50,,False,42,1,pressure_ensemble,5,,default_group,UNISIM_IV_P12_Seq2Trend,UNISIM_IV,Seq2Trend,0.9975206611570248,0.9975206611570248,3.990082644628099
UNISIM_IV_P12_Seq2Trend_trial_66,P12,29511e728a0d7c53f58965684bbc48ed,66,7.917191313144755,2.005195003965368,Seq2Trend,Normal,False,0.01,300,300,100,20,8,0.005,0.6,0.1,median,True,"[0.25, 0.5, 0.75]",False,P50,,False,42,1,arps,6,,default_group,UNISIM_IV_P12_Seq2Trend,UNISIM_IV,Seq2Trend,0.7834710743801653,0.7545454545454545,3.0760330578512396
UNISIM_IV_P12_Seq2Trend_trial_64,P12,a76cab4ff851de5ea8dcdf17173403c5,64,6.2987253244968695,1.504995798995946,Seq2Trend,Normal,False,0.5,300,300,50,20,16,0.001,0.6,0.1,median,True,"[0.25, 0.5, 0.75]",False,P50,,False,42,1,exponential,7,,default_group,UNISIM_IV_P12_Seq2Trend,UNISIM_IV,Seq2Trend,0.7454545454545455,0.5537190082644629,2.5983471074380167
UNISIM_IV_P12_Seq2Trend_trial_61,P12,66e7bb483cff40c5a7e0accbe01c2b08,61,8.241331194001278,2.0123114861125133,Seq2Trend,Normal,False,0.25,300,300,50,20,8,0.01,0.6,0.1,median,True,"[0.25, 0.5, 0.75]",False,P50,,False,42,1,combined_exp_arps,7,,default_group,UNISIM_IV_P12_Seq2Trend,UNISIM_IV,Seq2Trend,0.784297520661157,0.7636363636363637,3.095867768595041
UNISIM_IV_P12_Seq2Trend_trial_41,P12,59098a4036b3b74ada328db377662dcb,41,6.483812597283384,1.587992764545518,Seq2Trend,Normal,False,0.5,300,300,100,20,16,0.001,0.6,0.1,median,True,"[0.25, 0.5, 0.75]",False,P50,,False,42,1,combined_exp_arps,8,,default_group,UNISIM_IV_P12_Seq2Trend,UNISIM_IV,Seq2Trend,0.7553719008264462,0.6289256198347107,2.768595041322314
UNISIM_IV_P12_Seq2Trend_trial_10,P12,940f404fd274373771672d9b69317285,10,16.398906241861834,3.907402227104089,Seq2Trend,Normal,False,0.99,300,300,50,20,8,0.005,0.6,0.1,median,True,"[0.25, 0.5, 0.75]",False,P50,,False,42,1,exponential,2,,default_group,UNISIM_IV_P12_Seq2Trend,UNISIM_IV,Seq2Trend,0.9041322314049587,0.9008264462809917,3.609917355371901
UNISIM_IV_P12_Seq2Trend_trial_75,P12,e319f7d7e68fece6311178167aade644,75,4.730735364741055,0.4304019405106195,Seq2Trend,Normal,False,0.01,300,300,50,20,8,0.001,0.6,0.1,median,True,"[0.25, 0.5, 0.75]",False,P50,,False,42,1,static,5,,default_group,UNISIM_IV_P12_Seq2Trend,UNISIM_IV,Seq2Trend,0.30082644628099175,0.04462809917355372,0.6909090909090909
UNISIM_IV_P12_Seq2Trend_trial_96,P12,501e9d74b40d8d18d225ec5111861a8b,96,11.047506156175652,2.743134311756564,Seq2Trend,Normal,False,0.25,300,300,100,20,8,0.01,0.6,0.1,median,True,"[0.25, 0.5, 0.75]",False,P50,,False,42,1,combined_exp_arps,7,,default_group,UNISIM_IV_P12_Seq2Trend,UNISIM_IV,Seq2Trend,0.8165289256198347,0.8033057851239669,3.239669421487603
UNISIM_IV_P12_Seq2Trend_trial_78,P12,4a40e013b0ba8432abcd9513122c1905,78,7.295406795526513,1.116924300178323,Seq2Trend,Normal,False,0.99,300,300,100,20,8,0.001,0.6,0.1,median,True,"[0.25, 0.5, 0.75]",False,P50,,False,42,1,exponential,7,,default_group,UNISIM_IV_P12_Seq2Trend,UNISIM_IV,Seq2Trend,0.715702479338843,0.6917355371900826,2.8148760330578515
UNISIM_IV_P12_Seq2Trend_trial_84,P12,cb5034b082fa99218cd11ba61f569509,84,6.5988668600878775,1.5426868148778183,Seq2Trend,Normal,False,0.25,300,300,100,20,16,0.005,0.6,0.1,median,True,"[0.25, 0.5, 0.75]",False,P50,,False,42,1,exponential,7,,default_group,UNISIM_IV_P12_Seq2Trend,UNISIM_IV,Seq2Trend,0.7495867768595041,0.643801652892562,2.7867768595041325
UNISIM_IV_P12_Seq2Trend_trial_67,P12,46d11ee4dfdc5476df60fe85412405d8,67,4.8741634435178085,0.6585707480571965,Seq2Trend,Normal,False,0.99,300,300,20,20,16,0.001,0.6,0.1,median,True,"[0.25, 0.5, 0.75]",False,P50,,False,42,1,arps,8,,default_group,UNISIM_IV_P12_Seq2Trend,UNISIM_IV,Seq2Trend,0.4396694214876033,0.050413223140495865,0.9801652892561983
UNISIM_IV_P12_Seq2Trend_trial_95,P12,1fb4da10582120bd09814e563fffbce9,95,5.7839640117272255,1.2994759050958566,Seq2Trend,Normal,False,0.25,300,300,50,20,16,0.005,0.6,0.1,median,True,"[0.25, 0.5, 0.75]",False,P50,,False,42,1,arps,4,,default_group,UNISIM_IV_P12_Seq2Trend,UNISIM_IV,Seq2Trend,0.7355371900826446,0.33801652892561984,2.147107438016529
UNISIM_IV_P12_Seq2Trend_trial_19,P12,d3e60b785707391ee0f3226bec8d1eaa,19,5.119741609147478,1.0221187136095495,Seq2Trend,Normal,False,0.01,300,300,20,20,16,0.01,0.6,0.1,median,True,"[0.25, 0.5, 0.75]",False,P50,,False,42,1,pressure_ensemble,4,,default_group,UNISIM_IV_P12_Seq2Trend,UNISIM_IV,Seq2Trend,0.7012396694214876,0.1318181818181818,1.666115702479339
UNISIM_IV_P12_Seq2Trend_trial_85,P12,26be8ad218de5cdb044d88dabce0b4ea,85,7.082615139181152,1.8272885103419871,Seq2Trend,Normal,False,0.5,300,300,20,20,16,0.01,0.6,0.1,median,True,"[0.25, 0.5, 0.75]",False,P50,,False,42,1,pressure_ensemble,3,,default_group,UNISIM_IV_P12_Seq2Trend,UNISIM_IV,Seq2Trend,0.7677685950413223,0.6793388429752066,2.894214876033058
UNISIM_IV_P12_Seq2Trend_trial_24,P12,6f5c9e68bbd419f4b7a460dbdad348b5,24,31.098522520168824,7.077017849064575,Seq2Trend,Normal,False,0.99,300,300,50,20,16,0.05,0.6,0.1,median,True,"[0.25, 0.5, 0.75]",False,P50,,False,42,1,static,8,,default_group,UNISIM_IV_P12_Seq2Trend,UNISIM_IV,Seq2Trend,0.987603305785124,0.9867768595041322,3.948760330578512
UNISIM_IV_P12_Seq2Trend_trial_48,P12,d29a6848da7ff11af7463785e171c66e,48,5.539139980152459,0.1246217016755973,Seq2Trend,Normal,False,0.99,300,300,20,20,8,0.05,0.6,0.1,median,True,"[0.25, 0.5, 0.75]",False,P50,,False,42,1,exponential,5,,default_group,UNISIM_IV_P12_Seq2Trend,UNISIM_IV,Seq2Trend,0.06859504132231405,0.2702479338842975,0.6776859504132231
UNISIM_IV_P12_Seq2Trend_trial_60,P12,8749f3d26f2d5dbd90aa9252e78b327e,60,16.5521970659707,3.969719729253095,Seq2Trend,Normal,False,0.99,300,300,100,20,8,0.005,0.6,0.1,median,True,"[0.25, 0.5, 0.75]",False,P50,,False,42,1,arps,4,,default_group,UNISIM_IV_P12_Seq2Trend,UNISIM_IV,Seq2Trend,0.9057851239669421,0.9024793388429752,3.6165289256198347
UNISIM_IV_P12_Seq2Trend_trial_51,P12,74ecce5829661a058a1b6fdac94d3e9c,51,9.92129613261064,2.4609188772335,Seq2Trend,Normal,False,0.25,300,300,20,20,16,0.05,0.6,0.1,median,True,"[0.25, 0.5, 0.75]",False,P50,,False,42,1,static,2,,default_group,UNISIM_IV_P12_Seq2Trend,UNISIM_IV,Seq2Trend,0.8033057851239669,0.7942148760330578,3.1950413223140495
UNISIM_IV_P12_Seq2Trend_trial_46,P12,1322472c5ebfb5350fe1bc0a4a1b8d1c,46,6.521780786309908,1.611787549421098,Seq2Trend,Normal,False,0.5,300,300,200,20,16,0.001,0.6,0.1,median,True,"[0.25, 0.5, 0.75]",False,P50,,False,42,1,pressure_ensemble,4,,default_group,UNISIM_IV_P12_Seq2Trend,UNISIM_IV,Seq2Trend,0.756198347107438,0.6305785123966943,2.7735537190082646
UNISIM_IV_P12_Seq2Trend_trial_8,P12,7b82df5b6e512403a5726ab96b4cde15,8,11.929300901234749,3.020577459787088,Seq2Trend,Normal,False,0.01,300,300,200,20,8,0.05,0.6,0.1,median,True,"[0.25, 0.5, 0.75]",False,P50,,False,42,1,static,4,,default_group,UNISIM_IV_P12_Seq2Trend,UNISIM_IV,Seq2Trend,0.8338842975206612,0.8148760330578513,3.2975206611570247
UNISIM_IV_P12_Seq2Trend_trial_39,P12,37635d0c03943831999b840f3dd5fb46,39,9.811581573234122,2.343463782865771,Seq2Trend,Normal,False,0.25,300,300,20,20,16,0.001,0.6,0.1,median,True,"[0.25, 0.5, 0.75]",False,P50,,False,42,1,arps,6,,default_group,UNISIM_IV_P12_Seq2Trend,UNISIM_IV,Seq2Trend,0.7991735537190082,0.7909090909090909,3.1801652892561982
UNISIM_IV_P12_Seq2Trend_trial_28,P12,1941ba62b13a274c4363dc715343161d,28,8.791223047184555,2.2386208586619447,Seq2Trend,Normal,False,0.01,300,300,100,20,8,0.01,0.6,0.1,median,True,"[0.25, 0.5, 0.75]",False,P50,,False,42,1,pressure_ensemble,4,,default_group,UNISIM_IV_P12_Seq2Trend,UNISIM_IV,Seq2Trend,0.7933884297520661,0.7776859504132232,3.1421487603305787
UNISIM_IV_P12_Seq2Trend_trial_0,P12,dd6347b04809d4eeacff518386c5c9a3,0,5.705252550114348,1.2737207400958837,Seq2Trend,Normal,False,0.25,300,300,100,20,16,0.001,0.6,0.1,median,True,"[0.25, 0.5, 0.75]",False,P50,,False,42,1,pressure_ensemble,5,,default_group,UNISIM_IV_P12_Seq2Trend,UNISIM_IV,Seq2Trend,0.7322314049586777,0.3322314049586777,2.128925619834711
UNISIM_IV_P12_Seq2Trend_trial_23,P12,0e3a3f734c02ee63c62990f9c763ded9,23,15.515800034430663,3.708199590419884,Seq2Trend,Normal,False,0.99,300,300,20,20,8,0.05,0.6,0.1,median,True,"[0.25, 0.5, 0.75]",False,P50,,False,42,1,arps,4,,default_group,UNISIM_IV_P12_Seq2Trend,UNISIM_IV,Seq2Trend,0.8983471074380165,0.8950413223140495,3.5867768595041323
UNISIM_IV_P12_Seq2Trend_trial_26,P12,32659feadd7bbf3b4ef3d33c787f5ac4,26,4.749958174981616,0.3546618732203389,Seq2Trend,Normal,False,0.01,300,300,20,20,16,0.001,0.6,0.1,median,True,"[0.25, 0.5, 0.75]",False,P50,,False,42,1,pressure_ensemble,8,,default_group,UNISIM_IV_P12_Seq2Trend,UNISIM_IV,Seq2Trend,0.28429752066115704,0.047107438016528926,0.662809917355372
UNISIM_IV_P12_Seq2Trend_trial_31,P12,affb82467688504e4f5128b68536e8dc,31,9.914019061303188,2.4328732493884675,Seq2Trend,Normal,False,0.5,300,300,100,20,8,0.005,0.6,0.1,median,True,"[0.25, 0.5, 0.75]",False,P50,,False,42,1,exponential,5,,default_group,UNISIM_IV_P12_Seq2Trend,UNISIM_IV,Seq2Trend,0.8016528925619835,0.7933884297520661,3.190082644628099
UNISIM_IV_P12_Seq2Trend_trial_42,P12,0eb8e251a2c2ed97d9ec8516d92048ce,42,18.43746323145472,4.392215184507996,Seq2Trend,Normal,False,0.99,300,300,100,20,16,0.01,0.6,0.1,median,True,"[0.25, 0.5, 0.75]",False,P50,,False,42,1,exponential,5,,default_group,UNISIM_IV_P12_Seq2Trend,UNISIM_IV,Seq2Trend,0.9190082644628099,0.912396694214876,3.662809917355372
UNISIM_IV_P12_Seq2Trend_trial_86,P12,c5e0d0b55b7754aa679d55ee9d96985c,86,19.465237017166245,4.4658592559347055,Seq2Trend,Normal,False,0.01,300,300,200,20,8,0.05,0.6,0.1,median,True,"[0.25, 0.5, 0.75]",False,P50,,False,42,1,arps,8,,default_group,UNISIM_IV_P12_Seq2Trend,UNISIM_IV,Seq2Trend,0.9247933884297521,0.9190082644628099,3.687603305785124
UNISIM_IV_P12_Seq2Trend_trial_59,P12,fa38a6df5d9a0511bae78b6c040ec787,59,19.075429145473198,4.60782475648653,Seq2Trend,Normal,False,0.01,300,300,200,20,8,0.05,0.6,0.1,median,True,"[0.25, 0.5, 0.75]",False,P50,,False,42,1,pressure_ensemble,5,,default_group,UNISIM_IV_P12_Seq2Trend,UNISIM_IV,Seq2Trend,0.928099173553719,0.9173553719008265,3.690909090909091
UNISIM_IV_P12_Seq2Trend_trial_65,P12,2db12d485969824bcdb55e5085618f61,65,18.62093762099521,4.486561524463198,Seq2Trend,Normal,False,0.25,300,300,50,20,8,0.05,0.6,0.1,median,True,"[0.25, 0.5, 0.75]",False,P50,,False,42,1,pressure_ensemble,2,,default_group,UNISIM_IV_P12_Seq2Trend,UNISIM_IV,Seq2Trend,0.9260330578512397,0.9152892561983471,3.6826446280991734
UNISIM_IV_P12_Seq2Trend_trial_20,P12,f5fa59982b0a0cf42df0ab997f7ee565,20,18.35167188682834,4.455932743214231,Seq2Trend,Normal,False,0.01,300,300,200,20,8,0.05,0.6,0.1,median,True,"[0.25, 0.5, 0.75]",False,P50,,False,42,1,exponential,6,,default_group,UNISIM_IV_P12_Seq2Trend,UNISIM_IV,Seq2Trend,0.9227272727272727,0.9111570247933884,3.6677685950413226
UNISIM_IV_P12_Seq2Trend_trial_38,P12,a23eb4557f4eef5f487c022eea37905f,38,4.738535812321949,0.3539121456187603,Seq2Trend,Normal,False,0.01,300,300,20,20,16,0.001,0.6,0.1,median,True,"[0.25, 0.5, 0.75]",False,P50,,False,42,1,exponential,4,,default_group,UNISIM_IV_P12_Seq2Trend,UNISIM_IV,Seq2Trend,0.28264462809917357,0.045454545454545456,0.6561983471074381
UNISIM_IV_P12_Seq2Trend_trial_87,P12,ff332783e343a073456eb912258d5325,87,12.60713190248493,3.1035714271700976,Seq2Trend,Normal,False,0.99,300,300,50,20,16,0.05,0.6,0.1,median,True,"[0.25, 0.5, 0.75]",False,P50,,False,42,1,pressure_ensemble,8,,default_group,UNISIM_IV_P12_Seq2Trend,UNISIM_IV,Seq2Trend,0.8607438016528925,0.8417355371900826,3.4049586776859506
UNISIM_IV_P13_Seq2Trend_trial_173,P13,f5b61c403f5d99cf8db8c0646390ff21,173,5.611060042954485,0.8948583573854724,Seq2Trend,Normal,False,0.5,300,300,20,20,8,0.001,0.6,0.1,median,True,"[0.25, 0.5, 0.75]",False,P50,,False,42,1,exponential,4,,default_group,UNISIM_IV_P13_Seq2Trend,UNISIM_IV,Seq2Trend,0.6132231404958678,0.30165289256198347,1.8297520661157025
UNISIM_IV_P13_Seq2Trend_trial_185,P13,8140ef8a068ae088b565353fb54987ec,185,5.611060042954485,0.8948583573854724,Seq2Trend,Normal,False,0.5,300,300,20,20,8,0.001,0.6,0.1,median,True,"[0.25, 0.5, 0.75]",False,P50,,False,42,1,exponential,4,,default_group,UNISIM_IV_P13_Seq2Trend,UNISIM_IV,Seq2Trend,0.6132231404958678,0.30165289256198347,1.8297520661157025
UNISIM_IV_P13_Seq2Trend_trial_196,P13,79d48a9fbc9fb90cd3b7b58c3a4a84b2,196,5.611060042954485,0.8948583573854724,Seq2Trend,Normal,False,0.5,300,300,20,20,8,0.001,0.6,0.1,median,True,"[0.25, 0.5, 0.75]",False,P50,,False,42,1,exponential,4,,default_group,UNISIM_IV_P13_Seq2Trend,UNISIM_IV,Seq2Trend,0.6132231404958678,0.30165289256198347,1.8297520661157025
UNISIM_IV_P13_Seq2Trend_trial_184,P13,c2e31e7c8a69cb919ecdc4bb74b8b9e4,184,5.611060042954485,0.8948583573854724,Seq2Trend,Normal,False,0.5,300,300,20,20,8,0.001,0.6,0.1,median,True,"[0.25, 0.5, 0.75]",False,P50,,False,42,1,exponential,4,,default_group,UNISIM_IV_P13_Seq2Trend,UNISIM_IV,Seq2Trend,0.6132231404958678,0.30165289256198347,1.8297520661157025
UNISIM_IV_P13_Seq2Trend_trial_150,P13,ce3e4c149cb332eb5a3bd84cc4afbb16,150,5.611060042954485,0.8948583573854724,Seq2Trend,Normal,False,0.5,300,300,20,20,8,0.001,0.6,0.1,median,True,"[0.25, 0.5, 0.75]",False,P50,,False,42,1,exponential,4,,default_group,UNISIM_IV_P13_Seq2Trend,UNISIM_IV,Seq2Trend,0.6132231404958678,0.30165289256198347,1.8297520661157025
UNISIM_IV_P13_Seq2Trend_trial_190,P13,b6bfdf725eb425780d699713f83a572a,190,5.611060042954485,0.8948583573854724,Seq2Trend,Normal,False,0.5,300,300,20,20,8,0.001,0.6,0.1,median,True,"[0.25, 0.5, 0.75]",False,P50,,False,42,1,exponential,4,,default_group,UNISIM_IV_P13_Seq2Trend,UNISIM_IV,Seq2Trend,0.6132231404958678,0.30165289256198347,1.8297520661157025
UNISIM_IV_P13_Seq2Trend_trial_188,P13,9b1fb2630f0b75c60f57b0f6db30b3b7,188,5.611060042954485,0.8948583573854724,Seq2Trend,Normal,False,0.5,300,300,20,20,8,0.001,0.6,0.1,median,True,"[0.25, 0.5, 0.75]",False,P50,,False,42,1,exponential,4,,default_group,UNISIM_IV_P13_Seq2Trend,UNISIM_IV,Seq2Trend,0.6132231404958678,0.30165289256198347,1.8297520661157025
UNISIM_IV_P13_Seq2Trend_trial_170,P13,01737bf243f112a8ca0d049eb65070b1,170,5.615942432102475,0.9119866298562492,Seq2Trend,Normal,False,0.5,300,300,20,20,8,0.001,0.6,0.1,median,True,"[0.25, 0.5, 0.75]",False,P50,,False,42,1,arps,4,,default_group,UNISIM_IV_P13_Seq2Trend,UNISIM_IV,Seq2Trend,0.6371900826446281,0.3231404958677686,1.9206611570247933
UNISIM_IV_P13_Seq2Trend_trial_155,P13,ac3521891289325b744bbfac49523f4c,155,5.611060042954485,0.8948583573854724,Seq2Trend,Normal,False,0.5,300,300,20,20,8,0.001,0.6,0.1,median,True,"[0.25, 0.5, 0.75]",False,P50,,False,42,1,exponential,4,,default_group,UNISIM_IV_P13_Seq2Trend,UNISIM_IV,Seq2Trend,0.6132231404958678,0.30165289256198347,1.8297520661157025
UNISIM_IV_P13_Seq2Trend_trial_169,P13,263bf4dc83deef4f2882be5fcd7c647f,169,5.611060042954485,0.8948583573854724,Seq2Trend,Normal,False,0.5,300,300,20,20,8,0.001,0.6,0.1,median,True,"[0.25, 0.5, 0.75]",False,P50,,False,42,1,exponential,4,,default_group,UNISIM_IV_P13_Seq2Trend,UNISIM_IV,Seq2Trend,0.6132231404958678,0.30165289256198347,1.8297520661157025
UNISIM_IV_P13_Seq2Trend_trial_193,P13,6a930a381c156063563cb4900e86eb70,193,5.611060042954485,0.8948583573854724,Seq2Trend,Normal,False,0.5,300,300,20,20,8,0.001,0.6,0.1,median,True,"[0.25, 0.5, 0.75]",False,P50,,False,42,1,exponential,4,,default_group,UNISIM_IV_P13_Seq2Trend,UNISIM_IV,Seq2Trend,0.6132231404958678,0.30165289256198347,1.8297520661157025
UNISIM_IV_P13_Seq2Trend_trial_189,P13,6f9b7570785fdf4b8a8052c5965f4998,189,5.611060042954485,0.8948583573854724,Seq2Trend,Normal,False,0.5,300,300,20,20,8,0.001,0.6,0.1,median,True,"[0.25, 0.5, 0.75]",False,P50,,False,42,1,exponential,4,,default_group,UNISIM_IV_P13_Seq2Trend,UNISIM_IV,Seq2Trend,0.6132231404958678,0.30165289256198347,1.8297520661157025
UNISIM_IV_P13_Seq2Trend_trial_172,P13,bd9c1f0161e3eb8aef5ef6d969c97fd9,172,5.611060042954485,0.8948583573854724,Seq2Trend,Normal,False,0.5,300,300,20,20,8,0.001,0.6,0.1,median,True,"[0.25, 0.5, 0.75]",False,P50,,False,42,1,exponential,4,,default_group,UNISIM_IV_P13_Seq2Trend,UNISIM_IV,Seq2Trend,0.6132231404958678,0.30165289256198347,1.8297520661157025
UNISIM_IV_P13_Seq2Trend_trial_199,P13,88c1ab9c178c42ed334a9798d84c16b7,199,5.611060042954485,0.8948583573854724,Seq2Trend,Normal,False,0.5,300,300,20,20,8,0.001,0.6,0.1,median,True,"[0.25, 0.5, 0.75]",False,P50,,False,42,1,exponential,4,,default_group,UNISIM_IV_P13_Seq2Trend,UNISIM_IV,Seq2Trend,0.6132231404958678,0.30165289256198347,1.8297520661157025
UNISIM_IV_P13_Seq2Trend_trial_198,P13,f407ad6824e2dc4e249ec95240676296,198,5.611060042954485,0.8948583573854724,Seq2Trend,Normal,False,0.5,300,300,20,20,8,0.001,0.6,0.1,median,True,"[0.25, 0.5, 0.75]",False,P50,,False,42,1,exponential,4,,default_group,UNISIM_IV_P13_Seq2Trend,UNISIM_IV,Seq2Trend,0.6132231404958678,0.30165289256198347,1.8297520661157025
UNISIM_IV_P13_Seq2Trend_trial_191,P13,d268d47bfa2a14c1fa9cdf045edf683c,191,5.611060042954485,0.8948583573854724,Seq2Trend,Normal,False,0.5,300,300,20,20,8,0.001,0.6,0.1,median,True,"[0.25, 0.5, 0.75]",False,P50,,False,42,1,exponential,4,,default_group,UNISIM_IV_P13_Seq2Trend,UNISIM_IV,Seq2Trend,0.6132231404958678,0.30165289256198347,1.8297520661157025
UNISIM_IV_P13_Seq2Trend_trial_181,P13,2e5a6889cf6211748bb84743d7b4323a,181,5.611060042954485,0.8948583573854724,Seq2Trend,Normal,False,0.5,300,300,20,20,8,0.001,0.6,0.1,median,True,"[0.25, 0.5, 0.75]",False,P50,,False,42,1,exponential,4,,default_group,UNISIM_IV_P13_Seq2Trend,UNISIM_IV,Seq2Trend,0.6132231404958678,0.30165289256198347,1.8297520661157025
UNISIM_IV_P13_Seq2Trend_trial_187,P13,bc6da9f40efef7d5c47dd4a973ed4f90,187,5.611060042954485,0.8948583573854724,Seq2Trend,Normal,False,0.5,300,300,20,20,8,0.001,0.6,0.1,median,True,"[0.25, 0.5, 0.75]",False,P50,,False,42,1,exponential,4,,default_group,UNISIM_IV_P13_Seq2Trend,UNISIM_IV,Seq2Trend,0.6132231404958678,0.30165289256198347,1.8297520661157025
UNISIM_IV_P13_Seq2Trend_trial_182,P13,afd8bad8c70e3b8f6f0512653f72a10a,182,5.611060042954485,0.8948583573854724,Seq2Trend,Normal,False,0.5,300,300,20,20,8,0.001,0.6,0.1,median,True,"[0.25, 0.5, 0.75]",False,P50,,False,42,1,exponential,4,,default_group,UNISIM_IV_P13_Seq2Trend,UNISIM_IV,Seq2Trend,0.6132231404958678,0.30165289256198347,1.8297520661157025
UNISIM_IV_P13_Seq2Trend_trial_171,P13,292532adda7b233ae5bf3246f826c2b6,171,5.611060042954485,0.8948583573854724,Seq2Trend,Normal,False,0.5,300,300,20,20,8,0.001,0.6,0.1,median,True,"[0.25, 0.5, 0.75]",False,P50,,False,42,1,exponential,4,,default_group,UNISIM_IV_P13_Seq2Trend,UNISIM_IV,Seq2Trend,0.6132231404958678,0.30165289256198347,1.8297520661157025
UNISIM_IV_P13_Seq2Trend_trial_163,P13,b7f69f13353853ba9330923c602626b0,163,5.611060042954485,0.8948583573854724,Seq2Trend,Normal,False,0.5,300,300,20,20,8,0.001,0.6,0.1,median,True,"[0.25, 0.5, 0.75]",False,P50,,False,42,1,exponential,4,,default_group,UNISIM_IV_P13_Seq2Trend,UNISIM_IV,Seq2Trend,0.6132231404958678,0.30165289256198347,1.8297520661157025
UNISIM_IV_P13_Seq2Trend_trial_165,P13,23f2c38a13ac309183aefa72208ca789,165,5.611060042954485,0.8948583573854724,Seq2Trend,Normal,False,0.5,300,300,20,20,8,0.001,0.6,0.1,median,True,"[0.25, 0.5, 0.75]",False,P50,,False,42,1,exponential,4,,default_group,UNISIM_IV_P13_Seq2Trend,UNISIM_IV,Seq2Trend,0.6132231404958678,0.30165289256198347,1.8297520661157025
UNISIM_IV_P13_Seq2Trend_trial_176,P13,6150d90978201e784b797b07a3207c20,176,5.611060042954485,0.8948583573854724,Seq2Trend,Normal,False,0.5,300,300,20,20,8,0.001,0.6,0.1,median,True,"[0.25, 0.5, 0.75]",False,P50,,False,42,1,exponential,4,,default_group,UNISIM_IV_P13_Seq2Trend,UNISIM_IV,Seq2Trend,0.6132231404958678,0.30165289256198347,1.8297520661157025
UNISIM_IV_P13_Seq2Trend_trial_197,P13,9c8a164203f29a87018775bfdabb5759,197,5.611060042954485,0.8948583573854724,Seq2Trend,Normal,False,0.5,300,300,20,20,8,0.001,0.6,0.1,median,True,"[0.25, 0.5, 0.75]",False,P50,,False,42,1,exponential,4,,default_group,UNISIM_IV_P13_Seq2Trend,UNISIM_IV,Seq2Trend,0.6132231404958678,0.30165289256198347,1.8297520661157025
UNISIM_IV_P13_Seq2Trend_trial_167,P13,979f5a0e62e34cc82c1781fec5dad0ca,167,5.611060042954485,0.8948583573854724,Seq2Trend,Normal,False,0.5,300,300,20,20,8,0.001,0.6,0.1,median,True,"[0.25, 0.5, 0.75]",False,P50,,False,42,1,exponential,4,,default_group,UNISIM_IV_P13_Seq2Trend,UNISIM_IV,Seq2Trend,0.6132231404958678,0.30165289256198347,1.8297520661157025
UNISIM_IV_P13_Seq2Trend_trial_179,P13,832a147d0546566e53ab94e0c3d1e0a9,179,5.611060042954485,0.8948583573854724,Seq2Trend,Normal,False,0.5,300,300,20,20,8,0.001,0.6,0.1,median,True,"[0.25, 0.5, 0.75]",False,P50,,False,42,1,exponential,4,,default_group,UNISIM_IV_P13_Seq2Trend,UNISIM_IV,Seq2Trend,0.6132231404958678,0.30165289256198347,1.8297520661157025
UNISIM_IV_P13_Seq2Trend_trial_156,P13,9c48df1c8bd778bbdc9d537051b6aa94,156,5.611060042954485,0.8948583573854724,Seq2Trend,Normal,False,0.5,300,300,20,20,8,0.001,0.6,0.1,median,True,"[0.25, 0.5, 0.75]",False,P50,,False,42,1,exponential,4,,default_group,UNISIM_IV_P13_Seq2Trend,UNISIM_IV,Seq2Trend,0.6132231404958678,0.30165289256198347,1.8297520661157025
UNISIM_IV_P13_Seq2Trend_trial_152,P13,4da4bcb00c4849ea979dc44513d84199,152,5.611060042954485,0.8948583573854724,Seq2Trend,Normal,False,0.5,300,300,20,20,8,0.001,0.6,0.1,median,True,"[0.25, 0.5, 0.75]",False,P50,,False,42,1,exponential,4,,default_group,UNISIM_IV_P13_Seq2Trend,UNISIM_IV,Seq2Trend,0.6132231404958678,0.30165289256198347,1.8297520661157025
UNISIM_IV_P13_Seq2Trend_trial_161,P13,353f0d0012ed174972520cc2134ddbcb,161,5.611060042954485,0.8948583573854724,Seq2Trend,Normal,False,0.5,300,300,20,20,8,0.001,0.6,0.1,median,True,"[0.25, 0.5, 0.75]",False,P50,,False,42,1,exponential,4,,default_group,UNISIM_IV_P13_Seq2Trend,UNISIM_IV,Seq2Trend,0.6132231404958678,0.30165289256198347,1.8297520661157025
UNISIM_IV_P13_Seq2Trend_trial_178,P13,bd688d3a3bdf65a6e72c4c9869e22602,178,5.611060042954485,0.8948583573854724,Seq2Trend,Normal,False,0.5,300,300,20,20,8,0.001,0.6,0.1,median,True,"[0.25, 0.5, 0.75]",False,P50,,False,42,1,exponential,4,,default_group,UNISIM_IV_P13_Seq2Trend,UNISIM_IV,Seq2Trend,0.6132231404958678,0.30165289256198347,1.8297520661157025
UNISIM_IV_P13_Seq2Trend_trial_177,P13,a2b9ec1a1fc3f86bfe5e74c085f7d8ed,177,5.611060042954485,0.8948583573854724,Seq2Trend,Normal,False,0.5,300,300,20,20,8,0.001,0.6,0.1,median,True,"[0.25, 0.5, 0.75]",False,P50,,False,42,1,exponential,4,,default_group,UNISIM_IV_P13_Seq2Trend,UNISIM_IV,Seq2Trend,0.6132231404958678,0.30165289256198347,1.8297520661157025
UNISIM_IV_P13_Seq2Trend_trial_162,P13,db5b81f4690162bf6f5a40f66b0a4503,162,5.611060042954485,0.8948583573854724,Seq2Trend,Normal,False,0.5,300,300,20,20,8,0.001,0.6,0.1,median,True,"[0.25, 0.5, 0.75]",False,P50,,False,42,1,exponential,4,,default_group,UNISIM_IV_P13_Seq2Trend,UNISIM_IV,Seq2Trend,0.6132231404958678,0.30165289256198347,1.8297520661157025
UNISIM_IV_P13_Seq2Trend_trial_195,P13,70fbe5080d6e54144a33248feda8ce7c,195,5.611060042954485,0.8948583573854724,Seq2Trend,Normal,False,0.5,300,300,20,20,8,0.001,0.6,0.1,median,True,"[0.25, 0.5, 0.75]",False,P50,,False,42,1,exponential,4,,default_group,UNISIM_IV_P13_Seq2Trend,UNISIM_IV,Seq2Trend,0.6132231404958678,0.30165289256198347,1.8297520661157025
UNISIM_IV_P13_Seq2Trend_trial_192,P13,3f1d59a30f8e58743ebd7d37cb5c7b76,192,5.611060042954485,0.8948583573854724,Seq2Trend,Normal,False,0.5,300,300,20,20,8,0.001,0.6,0.1,median,True,"[0.25, 0.5, 0.75]",False,P50,,False,42,1,exponential,4,,default_group,UNISIM_IV_P13_Seq2Trend,UNISIM_IV,Seq2Trend,0.6132231404958678,0.30165289256198347,1.8297520661157025
UNISIM_IV_P13_Seq2Trend_trial_151,P13,becb4a73f10951d432d34d9a7c1e6301,151,5.611060042954485,0.8948583573854724,Seq2Trend,Normal,False,0.5,300,300,20,20,8,0.001,0.6,0.1,median,True,"[0.25, 0.5, 0.75]",False,P50,,False,42,1,exponential,4,,default_group,UNISIM_IV_P13_Seq2Trend,UNISIM_IV,Seq2Trend,0.6132231404958678,0.30165289256198347,1.8297520661157025
UNISIM_IV_P13_Seq2Trend_trial_166,P13,437853444b358930310a9567017d7ab1,166,5.611060042954485,0.8948583573854724,Seq2Trend,Normal,False,0.5,300,300,20,20,8,0.001,0.6,0.1,median,True,"[0.25, 0.5, 0.75]",False,P50,,False,42,1,exponential,4,,default_group,UNISIM_IV_P13_Seq2Trend,UNISIM_IV,Seq2Trend,0.6132231404958678,0.30165289256198347,1.8297520661157025
UNISIM_IV_P13_Seq2Trend_trial_153,P13,0b890f99655b6a1dddd221a78e58c1aa,153,5.611060042954485,0.8948583573854724,Seq2Trend,Normal,False,0.5,300,300,20,20,8,0.001,0.6,0.1,median,True,"[0.25, 0.5, 0.75]",False,P50,,False,42,1,exponential,4,,default_group,UNISIM_IV_P13_Seq2Trend,UNISIM_IV,Seq2Trend,0.6132231404958678,0.30165289256198347,1.8297520661157025
UNISIM_IV_P13_Seq2Trend_trial_168,P13,613f79ea2eabeb247358c2aef1f92b9f,168,5.611060042954485,0.8948583573854724,Seq2Trend,Normal,False,0.5,300,300,20,20,8,0.001,0.6,0.1,median,True,"[0.25, 0.5, 0.75]",False,P50,,False,42,1,exponential,4,,default_group,UNISIM_IV_P13_Seq2Trend,UNISIM_IV,Seq2Trend,0.6132231404958678,0.30165289256198347,1.8297520661157025
UNISIM_IV_P13_Seq2Trend_trial_186,P13,0fe0d9de5d498c3468adcedc521d6e26,186,5.611060042954485,0.8948583573854724,Seq2Trend,Normal,False,0.5,300,300,20,20,8,0.001,0.6,0.1,median,True,"[0.25, 0.5, 0.75]",False,P50,,False,42,1,exponential,4,,default_group,UNISIM_IV_P13_Seq2Trend,UNISIM_IV,Seq2Trend,0.6132231404958678,0.30165289256198347,1.8297520661157025
UNISIM_IV_P13_Seq2Trend_trial_160,P13,ff17b1ad50dfb5d75d63ee9e7c833b43,160,5.611060042954485,0.8948583573854724,Seq2Trend,Normal,False,0.5,300,300,20,20,8,0.001,0.6,0.1,median,True,"[0.25, 0.5, 0.75]",False,P50,,False,42,1,exponential,4,,default_group,UNISIM_IV_P13_Seq2Trend,UNISIM_IV,Seq2Trend,0.6132231404958678,0.30165289256198347,1.8297520661157025
UNISIM_IV_P13_Seq2Trend_trial_180,P13,c5e09daee8b52eb1b72a02cc81b5f125,180,5.611060042954485,0.8948583573854724,Seq2Trend,Normal,False,0.5,300,300,20,20,8,0.001,0.6,0.1,median,True,"[0.25, 0.5, 0.75]",False,P50,,False,42,1,exponential,4,,default_group,UNISIM_IV_P13_Seq2Trend,UNISIM_IV,Seq2Trend,0.6132231404958678,0.30165289256198347,1.8297520661157025
UNISIM_IV_P13_Seq2Trend_trial_158,P13,2df3a408b578af08cfdecf8c471377d4,158,5.611060042954485,0.8948583573854724,Seq2Trend,Normal,False,0.5,300,300,20,20,8,0.001,0.6,0.1,median,True,"[0.25, 0.5, 0.75]",False,P50,,False,42,1,exponential,4,,default_group,UNISIM_IV_P13_Seq2Trend,UNISIM_IV,Seq2Trend,0.6132231404958678,0.30165289256198347,1.8297520661157025
UNISIM_IV_P13_Seq2Trend_trial_157,P13,e0acb986baa0cd3c06a6317915111851,157,5.611060042954485,0.8948583573854724,Seq2Trend,Normal,False,0.5,300,300,20,20,8,0.001,0.6,0.1,median,True,"[0.25, 0.5, 0.75]",False,P50,,False,42,1,exponential,4,,default_group,UNISIM_IV_P13_Seq2Trend,UNISIM_IV,Seq2Trend,0.6132231404958678,0.30165289256198347,1.8297520661157025
UNISIM_IV_P13_Seq2Trend_trial_154,P13,f5f079e46c830c9aca0879f34a6f07d9,154,5.611060042954485,0.8948583573854724,Seq2Trend,Normal,False,0.5,300,300,20,20,8,0.001,0.6,0.1,median,True,"[0.25, 0.5, 0.75]",False,P50,,False,42,1,exponential,4,,default_group,UNISIM_IV_P13_Seq2Trend,UNISIM_IV,Seq2Trend,0.6132231404958678,0.30165289256198347,1.8297520661157025
UNISIM_IV_P13_Seq2Trend_trial_159,P13,af570385e0f70a402223c531957c73b6,159,5.611060042954485,0.8948583573854724,Seq2Trend,Normal,False,0.5,300,300,20,20,8,0.001,0.6,0.1,median,True,"[0.25, 0.5, 0.75]",False,P50,,False,42,1,exponential,4,,default_group,UNISIM_IV_P13_Seq2Trend,UNISIM_IV,Seq2Trend,0.6132231404958678,0.30165289256198347,1.8297520661157025
UNISIM_IV_P13_Seq2Trend_trial_164,P13,510327104c65d03320073ca1b277a4ce,164,5.355465075245139,0.1122991143759515,Seq2Trend,Normal,False,0.01,300,300,20,20,8,0.001,0.6,0.1,median,True,"[0.25, 0.5, 0.75]",False,P50,,False,42,1,exponential,4,,default_group,UNISIM_IV_P13_Seq2Trend,UNISIM_IV,Seq2Trend,0.0603305785123967,0.25041322314049586,0.6214876033057851
UNISIM_IV_P13_Seq2Trend_trial_194,P13,31eab5f3e99f437ab7ba675c4e5cdca2,194,5.611060042954485,0.8948583573854724,Seq2Trend,Normal,False,0.5,300,300,20,20,8,0.001,0.6,0.1,median,True,"[0.25, 0.5, 0.75]",False,P50,,False,42,1,exponential,4,,default_group,UNISIM_IV_P13_Seq2Trend,UNISIM_IV,Seq2Trend,0.6132231404958678,0.30165289256198347,1.8297520661157025
UNISIM_IV_P13_Seq2Trend_trial_175,P13,f5ee1d5119731a0170ca41bbc59e1453,175,5.611060042954485,0.8948583573854724,Seq2Trend,Normal,False,0.5,300,300,20,20,8,0.001,0.6,0.1,median,True,"[0.25, 0.5, 0.75]",False,P50,,False,42,1,exponential,4,,default_group,UNISIM_IV_P13_Seq2Trend,UNISIM_IV,Seq2Trend,0.6132231404958678,0.30165289256198347,1.8297520661157025
UNISIM_IV_P13_Seq2Trend_trial_174,P13,787a3ae842e035bf2caae819e79233e8,174,5.611060042954485,0.8948583573854724,Seq2Trend,Normal,False,0.5,300,300,20,20,8,0.001,0.6,0.1,median,True,"[0.25, 0.5, 0.75]",False,P50,,False,42,1,exponential,4,,default_group,UNISIM_IV_P13_Seq2Trend,UNISIM_IV,Seq2Trend,0.6132231404958678,0.30165289256198347,1.8297520661157025
UNISIM_IV_P13_Seq2Trend_trial_183,P13,3d61384d2fd7d3d26636f3dc34349250,183,5.611060042954485,0.8948583573854724,Seq2Trend,Normal,False,0.5,300,300,20,20,8,0.001,0.6,0.1,median,True,"[0.25, 0.5, 0.75]",False,P50,,False,42,1,exponential,4,,default_group,UNISIM_IV_P13_Seq2Trend,UNISIM_IV,Seq2Trend,0.6132231404958678,0.30165289256198347,1.8297520661157025
UNISIM_IV_P13_Seq2Trend_trial_40,P13,03fd752833bdb00df24ffc29e8e5c770,40,5.784873207121815,1.0125659671220393,Seq2Trend,Normal,False,0.99,300,300,50,20,8,0.01,0.6,0.1,median,True,"[0.25, 0.5, 0.75]",False,P50,,False,42,1,pressure_ensemble,3,,default_group,UNISIM_IV_P13_Seq2Trend,UNISIM_IV,Seq2Trend,0.6983471074380165,0.3396694214876033,2.0760330578512396
UNISIM_IV_P13_Seq2Trend_trial_26,P13,f0f8b4696df9af782651cf6f963642ea,26,5.157826378727266,0.3467177507486919,Seq2Trend,Normal,False,0.01,300,300,50,20,16,0.01,0.6,0.1,median,True,"[0.25, 0.5, 0.75]",False,P50,,False,42,1,pressure_ensemble,6,,default_group,UNISIM_IV_P13_Seq2Trend,UNISIM_IV,Seq2Trend,0.23636363636363636,0.1371900826446281,0.7471074380165289
UNISIM_IV_P13_Seq2Trend_trial_97,P13,c5dbd33701bc72a6df86b5d9a238f193,97,5.186346725708567,0.2542508275678075,Seq2Trend,Normal,False,0.01,300,300,200,20,16,0.01,0.6,0.1,median,True,"[0.25, 0.5, 0.75]",False,P50,,False,42,1,combined_exp_arps,4,,default_group,UNISIM_IV_P13_Seq2Trend,UNISIM_IV,Seq2Trend,0.19917355371900827,0.18181818181818182,0.7619834710743802
UNISIM_IV_P13_Seq2Trend_trial_22,P13,a5a1317107878bf2151d79ef0360a503,22,5.953982746054196,1.07163371317187,Seq2Trend,Normal,False,0.5,300,300,200,20,16,0.005,0.6,0.1,median,True,"[0.25, 0.5, 0.75]",False,P50,,False,42,1,static,6,,default_group,UNISIM_IV_P13_Seq2Trend,UNISIM_IV,Seq2Trend,0.7090909090909091,0.3975206611570248,2.2132231404958675
UNISIM_IV_P13_Seq2Trend_trial_52,P13,94072113b23aea0da2a6c8153e75e73c,52,5.231056038763657,0.5249407732262221,Seq2Trend,Normal,False,0.01,300,300,200,20,16,0.001,0.6,0.1,median,True,"[0.25, 0.5, 0.75]",False,P50,,False,42,1,static,5,,default_group,UNISIM_IV_P13_Seq2Trend,UNISIM_IV,Seq2Trend,0.4033057851239669,0.23140495867768596,1.2694214876033056
UNISIM_IV_P13_Seq2Trend_trial_17,P13,e65cb8d92200564602d47fe200b653d1,17,5.353074571503673,0.7357912548222265,Seq2Trend,Normal,False,0.25,300,300,100,20,16,0.005,0.6,0.1,median,True,"[0.25, 0.5, 0.75]",False,P50,,False,42,1,exponential,2,,default_group,UNISIM_IV_P13_Seq2Trend,UNISIM_IV,Seq2Trend,0.5396694214876033,0.24958677685950414,1.578512396694215
UNISIM_IV_P13_Seq2Trend_trial_85,P13,0c07208b44e739f823d941b35055593b,85,6.090146151394885,1.1280759732634764,Seq2Trend,Normal,False,0.25,300,300,200,20,8,0.005,0.6,0.1,median,True,"[0.25, 0.5, 0.75]",False,P50,,False,42,1,static,3,,default_group,UNISIM_IV_P13_Seq2Trend,UNISIM_IV,Seq2Trend,0.71900826446281,0.4570247933884298,2.3520661157024794
UNISIM_IV_P13_Seq2Trend_trial_64,P13,4e7df90ff589f199095ab11cad577359,64,5.784873207121815,1.0125659671220393,Seq2Trend,Normal,False,0.99,300,300,50,20,8,0.01,0.6,0.1,median,True,"[0.25, 0.5, 0.75]",False,P50,,False,42,1,pressure_ensemble,2,,default_group,UNISIM_IV_P13_Seq2Trend,UNISIM_IV,Seq2Trend,0.6983471074380165,0.3396694214876033,2.0760330578512396
UNISIM_IV_P13_Seq2Trend_trial_89,P13,de77196321d38ba72078c9eda707d746,89,6.524950171514384,0.926926895586204,Seq2Trend,Normal,False,0.25,300,300,200,20,8,0.05,0.6,0.1,median,True,"[0.25, 0.5, 0.75]",False,P50,,False,42,1,combined_exp_arps,7,,default_group,UNISIM_IV_P13_Seq2Trend,UNISIM_IV,Seq2Trend,0.6867768595041323,0.631404958677686,2.6363636363636367
UNISIM_IV_P13_Seq2Trend_trial_33,P13,111602d0a3bde034a49995206d360f7d,33,5.518773982826322,0.91615784608863,Seq2Trend,Normal,False,0.5,300,300,50,20,16,0.001,0.6,0.1,median,True,"[0.25, 0.5, 0.75]",False,P50,,False,42,1,exponential,3,,default_group,UNISIM_IV_P13_Seq2Trend,UNISIM_IV,Seq2Trend,0.6400826446280992,0.2673553719008264,1.814876033057851
UNISIM_IV_P13_Seq2Trend_trial_88,P13,edd047d8cef46cc9c0c932e5857053ba,88,5.890192749906953,0.9990328333757263,Seq2Trend,Normal,False,0.25,300,300,100,20,16,0.05,0.6,0.1,median,True,"[0.25, 0.5, 0.75]",False,P50,,False,42,1,static,3,,default_group,UNISIM_IV_P13_Seq2Trend,UNISIM_IV,Seq2Trend,0.6942148760330579,0.38925619834710745,2.166942148760331
UNISIM_IV_P13_Seq2Trend_trial_44,P13,8432fd7fe95ff9511f06065cac8c8f03,44,5.596782058294171,0.9781600657150844,Seq2Trend,Normal,False,0.99,300,300,50,20,8,0.001,0.6,0.1,median,True,"[0.25, 0.5, 0.75]",False,P50,,False,42,1,combined_exp_arps,8,,default_group,UNISIM_IV_P13_Seq2Trend,UNISIM_IV,Seq2Trend,0.6925619834710743,0.2785123966942149,1.9421487603305785
UNISIM_IV_P13_Seq2Trend_trial_38,P13,03fb282a8d7dde563d25a5962623a312,38,5.145323443490567,0.2883673618780656,Seq2Trend,Normal,False,0.01,300,300,200,20,16,0.05,0.6,0.1,median,True,"[0.25, 0.5, 0.75]",False,P50,,False,42,1,arps,7,,default_group,UNISIM_IV_P13_Seq2Trend,UNISIM_IV,Seq2Trend,0.22148760330578512,0.13636363636363635,0.7157024793388429
UNISIM_IV_P13_Seq2Trend_trial_72,P13,01d25683068f7a915efef0fed89ac1e5,72,6.123761532527058,0.1799187386481951,Seq2Trend,Normal,False,0.5,300,300,200,20,16,0.05,0.6,0.1,median,True,"[0.25, 0.5, 0.75]",False,P50,,False,42,1,arps,2,,default_group,UNISIM_IV_P13_Seq2Trend,UNISIM_IV,Seq2Trend,0.11983471074380166,0.4644628099173554,1.168595041322314
UNISIM_IV_P13_Seq2Trend_trial_34,P13,12ace726c587b31e548221731ff9f9bc,34,5.488028312846467,0.9257765426958376,Seq2Trend,Normal,False,0.5,300,300,100,20,16,0.001,0.6,0.1,median,True,"[0.25, 0.5, 0.75]",False,P50,,False,42,1,pressure_ensemble,8,,default_group,UNISIM_IV_P13_Seq2Trend,UNISIM_IV,Seq2Trend,0.6859504132231405,0.26611570247933886,1.904132231404959
UNISIM_IV_P13_Seq2Trend_trial_31,P13,719a70272e051153953584f65a9a6f5a,31,5.28873648051209,0.6613635739591733,Seq2Trend,Normal,False,0.99,300,300,20,20,8,0.005,0.6,0.1,median,True,"[0.25, 0.5, 0.75]",False,P50,,False,42,1,static,2,,default_group,UNISIM_IV_P13_Seq2Trend,UNISIM_IV,Seq2Trend,0.44049586776859506,0.24297520661157024,1.3669421487603306
UNISIM_IV_P13_Seq2Trend_trial_1,P13,a3e1cb0465cb2858e9dc0531e1c94f6f,1,5.5258269492648,0.9383444341067846,Seq2Trend,Normal,False,0.99,300,300,50,20,16,0.005,0.6,0.1,median,True,"[0.25, 0.5, 0.75]",False,P50,,False,42,1,combined_exp_arps,6,,default_group,UNISIM_IV_P13_Seq2Trend,UNISIM_IV,Seq2Trend,0.687603305785124,0.2694214876033058,1.9140495867768594
UNISIM_IV_P13_Seq2Trend_trial_57,P13,3ed518960b2a6ec1ff56f79044419dae,57,5.124413176976404,0.3731557879640375,Seq2Trend,Normal,False,0.01,300,300,200,20,16,0.001,0.6,0.1,median,True,"[0.25, 0.5, 0.75]",False,P50,,False,42,1,exponential,6,,default_group,UNISIM_IV_P13_Seq2Trend,UNISIM_IV,Seq2Trend,0.2884297520661157,0.13388429752066117,0.8446280991735537
UNISIM_IV_P13_Seq2Trend_trial_16,P13,df477457a622e16f5b74325604e90143,16,5.169468616905239,0.4167421189196364,Seq2Trend,Normal,False,0.5,300,300,20,20,16,0.05,0.6,0.1,median,True,"[0.25, 0.5, 0.75]",False,P50,,False,42,1,exponential,4,,default_group,UNISIM_IV_P13_Seq2Trend,UNISIM_IV,Seq2Trend,0.2975206611570248,0.13884297520661157,0.8727272727272728
UNISIM_IV_P13_Seq2Trend_trial_4,P13,3f8da442e5f3cf911246975f2d7d0e72,4,5.26988710469413,0.7397863991782757,Seq2Trend,Normal,False,0.01,300,300,200,20,16,0.005,0.6,0.1,median,True,"[0.25, 0.5, 0.75]",False,P50,,False,42,1,pressure_ensemble,3,,default_group,UNISIM_IV_P13_Seq2Trend,UNISIM_IV,Seq2Trend,0.5413223140495868,0.23636363636363636,1.5553719008264462
UNISIM_IV_P13_Seq2Trend_trial_14,P13,5c94f5ac595c8b571b191741559a2bc4,14,5.747258769907782,1.0791344589891807,Seq2Trend,Normal,False,0.5,300,300,100,20,16,0.01,0.6,0.1,median,True,"[0.25, 0.5, 0.75]",False,P50,,False,42,1,pressure_ensemble,8,,default_group,UNISIM_IV_P13_Seq2Trend,UNISIM_IV,Seq2Trend,0.7099173553719008,0.3347107438016529,2.0892561983471074
UNISIM_IV_P13_Seq2Trend_trial_37,P13,4a3bb95775d7823ada42aabadf02bec8,37,5.467828658229093,0.8513831402028998,Seq2Trend,Normal,False,0.25,300,300,50,20,16,0.01,0.6,0.1,median,True,"[0.25, 0.5, 0.75]",False,P50,,False,42,1,arps,6,,default_group,UNISIM_IV_P13_Seq2Trend,UNISIM_IV,Seq2Trend,0.5776859504132231,0.2636363636363636,1.6826446280991734
UNISIM_IV_P13_Seq2Trend_trial_68,P13,eacb050fa1fa935fc1fb28e1b9fd81f3,68,5.6426084681227,0.8331548893459533,Seq2Trend,Normal,False,0.01,300,300,50,20,16,0.05,0.6,0.1,median,True,"[0.25, 0.5, 0.75]",False,P50,,False,42,1,static,8,,default_group,UNISIM_IV_P13_Seq2Trend,UNISIM_IV,Seq2Trend,0.5752066115702479,0.328099173553719,1.8066115702479337
UNISIM_IV_P13_Seq2Trend_trial_92,P13,604330062e077ac2147b50dcc6a7a4d4,92,5.611060042954485,0.8948583573854724,Seq2Trend,Normal,False,0.5,300,300,20,20,8,0.001,0.6,0.1,median,True,"[0.25, 0.5, 0.75]",False,P50,,False,42,1,exponential,4,,default_group,UNISIM_IV_P13_Seq2Trend,UNISIM_IV,Seq2Trend,0.6132231404958678,0.30165289256198347,1.8297520661157025
UNISIM_IV_P13_Seq2Trend_trial_61,P13,628abbcebd7207778adcb22c01c7d763,61,6.372959518048395,0.8724942395846489,Seq2Trend,Normal,False,0.25,300,300,200,20,8,0.05,0.6,0.1,median,True,"[0.25, 0.5, 0.75]",False,P50,,False,42,1,exponential,2,,default_group,UNISIM_IV_P13_Seq2Trend,UNISIM_IV,Seq2Trend,0.5851239669421487,0.5669421487603306,2.3041322314049584
UNISIM_IV_P13_Seq2Trend_trial_35,P13,3a575fd9ffc11d486e6bae824081384f,35,5.9731248340571055,1.0543117374905857,Seq2Trend,Normal,False,0.25,300,300,200,20,8,0.01,0.6,0.1,median,True,"[0.25, 0.5, 0.75]",False,P50,,False,42,1,pressure_ensemble,2,,default_group,UNISIM_IV_P13_Seq2Trend,UNISIM_IV,Seq2Trend,0.7074380165289256,0.39834710743801655,2.211570247933884
UNISIM_IV_P13_Seq2Trend_trial_73,P13,828ed5d899dadfa9fe78978f93a94d6d,73,5.866404905264243,1.0824931847037478,Seq2Trend,Normal,False,0.99,300,300,200,20,16,0.01,0.6,0.1,median,True,"[0.25, 0.5, 0.75]",False,P50,,False,42,1,pressure_ensemble,4,,default_group,UNISIM_IV_P13_Seq2Trend,UNISIM_IV,Seq2Trend,0.7107438016528925,0.387603305785124,2.196694214876033
UNISIM_IV_P13_Seq2Trend_trial_93,P13,97adbb20c34997989295787ede608b4a,93,7.621929482158794,1.7443542782287422,Seq2Trend,Normal,False,0.5,300,300,100,20,16,0.05,0.6,0.1,median,True,"[0.25, 0.5, 0.75]",False,P50,,False,42,1,arps,5,,default_group,UNISIM_IV_P13_Seq2Trend,UNISIM_IV,Seq2Trend,0.7644628099173554,0.7429752066115702,3.0148760330578512
UNISIM_IV_P13_Seq2Trend_trial_32,P13,b0006f47a42b226316eca6d99f99b54e,32,5.396288909927858,0.7884039783770318,Seq2Trend,Normal,False,0.25,300,300,50,20,16,0.05,0.6,0.1,median,True,"[0.25, 0.5, 0.75]",False,P50,,False,42,1,exponential,6,,default_group,UNISIM_IV_P13_Seq2Trend,UNISIM_IV,Seq2Trend,0.5545454545454546,0.2611570247933884,1.631404958677686
UNISIM_IV_P13_Seq2Trend_trial_79,P13,cda3c18961a3d49de5e1c25b981eb189,79,5.356786462590392,0.7766109548150003,Seq2Trend,Normal,False,0.25,300,300,100,20,16,0.001,0.6,0.1,median,True,"[0.25, 0.5, 0.75]",False,P50,,False,42,1,pressure_ensemble,3,,default_group,UNISIM_IV_P13_Seq2Trend,UNISIM_IV,Seq2Trend,0.5495867768595041,0.2512396694214876,1.6016528925619835
UNISIM_IV_P13_Seq2Trend_trial_94,P13,76088de2895a266d86dad277390583bc,94,6.607171654103501,1.4413457909421654,Seq2Trend,Normal,False,0.5,300,300,20,20,16,0.001,0.6,0.1,median,True,"[0.25, 0.5, 0.75]",False,P50,,False,42,1,arps,5,,default_group,UNISIM_IV_P13_Seq2Trend,UNISIM_IV,Seq2Trend,0.7421487603305785,0.6454545454545455,2.775206611570248
UNISIM_IV_P13_Seq2Trend_trial_5,P13,43c4cc20f1a6a98d71ab663d3f030374,5,5.191100265077009,0.148293596757141,Seq2Trend,Normal,False,0.01,300,300,50,20,16,0.005,0.6,0.1,median,True,"[0.25, 0.5, 0.75]",False,P50,,False,42,1,arps,4,,default_group,UNISIM_IV_P13_Seq2Trend,UNISIM_IV,Seq2Trend,0.1140495867768595,0.1834710743801653,0.5950413223140496
UNISIM_IV_P13_Seq2Trend_trial_49,P13,fce14356857375f0cc0450a04f06e5e0,49,5.80980334285224,0.3400554914278914,Seq2Trend,Normal,False,0.99,300,300,100,20,16,0.05,0.6,0.1,median,True,"[0.25, 0.5, 0.75]",False,P50,,False,42,1,combined_exp_arps,3,,default_group,UNISIM_IV_P13_Seq2Trend,UNISIM_IV,Seq2Trend,0.23471074380165288,0.3421487603305785,1.1537190082644628
UNISIM_IV_P13_Seq2Trend_trial_54,P13,a0515be702ae31379bfa9ac586efdcb3,54,27.24833914757982,6.5088706365533895,Seq2Trend,Normal,False,0.25,300,300,50,20,8,0.05,0.6,0.1,median,True,"[0.25, 0.5, 0.75]",False,P50,,False,42,1,static,8,,default_group,UNISIM_IV_P13_Seq2Trend,UNISIM_IV,Seq2Trend,0.9859504132231405,0.9826446280991735,3.937190082644628
UNISIM_IV_P13_Seq2Trend_trial_21,P13,ff8e460789903b3e28b5882bec7670be,21,6.712555515635808,1.2682079687125445,Seq2Trend,Normal,False,0.25,300,300,200,20,8,0.05,0.6,0.1,median,True,"[0.25, 0.5, 0.75]",False,P50,,False,42,1,arps,5,,default_group,UNISIM_IV_P13_Seq2Trend,UNISIM_IV,Seq2Trend,0.7309917355371901,0.6557851239669421,2.773553719008264
UNISIM_IV_P13_Seq2Trend_trial_74,P13,779b5c3439f6e190eed0f79135057f38,74,5.290993176651349,0.6291350648802518,Seq2Trend,Normal,False,0.01,300,300,200,20,16,0.005,0.6,0.1,median,True,"[0.25, 0.5, 0.75]",False,P50,,False,42,1,exponential,6,,default_group,UNISIM_IV_P13_Seq2Trend,UNISIM_IV,Seq2Trend,0.4289256198347107,0.24462809917355371,1.3471074380165289
UNISIM_IV_P13_Seq2Trend_trial_91,P13,734197f91e060b3f974243eb002fe0b3,91,5.518773982826322,0.91615784608863,Seq2Trend,Normal,False,0.5,300,300,50,20,16,0.001,0.6,0.1,median,True,"[0.25, 0.5, 0.75]",False,P50,,False,42,1,exponential,3,,default_group,UNISIM_IV_P13_Seq2Trend,UNISIM_IV,Seq2Trend,0.6400826446280992,0.2673553719008264,1.814876033057851
UNISIM_IV_P13_Seq2Trend_trial_39,P13,93b8b160b58035b1dcbcdb533954dedb,39,5.369044109317373,0.7849513109818405,Seq2Trend,Normal,False,0.25,300,300,50,20,8,0.001,0.6,0.1,median,True,"[0.25, 0.5, 0.75]",False,P50,,False,42,1,static,5,,default_group,UNISIM_IV_P13_Seq2Trend,UNISIM_IV,Seq2Trend,0.5524793388429752,0.25578512396694214,1.6165289256198347
UNISIM_IV_P13_Seq2Trend_trial_81,P13,b2b352f32cba86ef46259c214f6ed440,81,5.362200301154008,0.7317713964436244,Seq2Trend,Normal,False,0.5,300,300,200,20,16,0.001,0.6,0.1,median,True,"[0.25, 0.5, 0.75]",False,P50,,False,42,1,static,3,,default_group,UNISIM_IV_P13_Seq2Trend,UNISIM_IV,Seq2Trend,0.5380165289256198,0.2528925619834711,1.5818181818181818
UNISIM_IV_P13_Seq2Trend_trial_7,P13,a92baaaa2e3aaeb6965b687b87e73df5,7,5.591004981471502,0.8761513328177133,Seq2Trend,Normal,False,0.5,300,300,20,20,8,0.001,0.6,0.1,median,True,"[0.25, 0.5, 0.75]",False,P50,,False,42,1,combined_exp_arps,3,,default_group,UNISIM_IV_P13_Seq2Trend,UNISIM_IV,Seq2Trend,0.5892561983471074,0.27603305785123966,1.7305785123966941
UNISIM_IV_P13_Seq2Trend_trial_60,P13,2bf9df3c8f1700ceb75bb99f427ae74b,60,5.22782302966588,0.5984267752214142,Seq2Trend,Normal,False,0.25,300,300,20,20,16,0.01,0.6,0.1,median,True,"[0.25, 0.5, 0.75]",False,P50,,False,42,1,arps,8,,default_group,UNISIM_IV_P13_Seq2Trend,UNISIM_IV,Seq2Trend,0.4190082644628099,0.23057851239669422,1.2991735537190083
UNISIM_IV_P13_Seq2Trend_trial_70,P13,c4a6993847738e299439a5abbf2b3bab,70,5.469916333571775,0.8905859672766766,Seq2Trend,Normal,False,0.01,300,300,200,20,16,0.05,0.6,0.1,median,True,"[0.25, 0.5, 0.75]",False,P50,,False,42,1,exponential,3,,default_group,UNISIM_IV_P13_Seq2Trend,UNISIM_IV,Seq2Trend,0.5925619834710744,0.2644628099173554,1.7140495867768595
UNISIM_IV_P13_Seq2Trend_trial_65,P13,7499562fce1d6e10f0e7071fc25ee159,65,5.258547013345867,0.1576745023025447,Seq2Trend,Normal,False,0.01,300,300,20,20,16,0.005,0.6,0.1,median,True,"[0.25, 0.5, 0.75]",False,P50,,False,42,1,combined_exp_arps,2,,default_group,UNISIM_IV_P13_Seq2Trend,UNISIM_IV,Seq2Trend,0.11652892561983472,0.23388429752066114,0.7008264462809917
UNISIM_IV_P13_Seq2Trend_trial_11,P13,6710a596094b2786c23caa89e8c0e2a1,11,5.216384761184866,0.5063078013177875,Seq2Trend,Normal,False,0.5,300,300,20,20,8,0.01,0.6,0.1,median,True,"[0.25, 0.5, 0.75]",False,P50,,False,42,1,static,6,,default_group,UNISIM_IV_P13_Seq2Trend,UNISIM_IV,Seq2Trend,0.4012396694214876,0.2285123966942149,1.259504132231405
UNISIM_IV_P13_Seq2Trend_trial_10,P13,267886b4d74c081c40ed2cf46f53ba86,10,5.913154435924241,1.040918188542641,Seq2Trend,Normal,False,0.5,300,300,200,20,16,0.005,0.6,0.1,median,True,"[0.25, 0.5, 0.75]",False,P50,,False,42,1,pressure_ensemble,5,,default_group,UNISIM_IV_P13_Seq2Trend,UNISIM_IV,Seq2Trend,0.7057851239669422,0.3933884297520661,2.1983471074380168
UNISIM_IV_P13_Seq2Trend_trial_67,P13,419fcb2db9132a7f072d05cf29af9be4,67,5.5724694731087006,0.8869500433669489,Seq2Trend,Normal,False,0.25,300,300,50,20,16,0.001,0.6,0.1,median,True,"[0.25, 0.5, 0.75]",False,P50,,False,42,1,arps,5,,default_group,UNISIM_IV_P13_Seq2Trend,UNISIM_IV,Seq2Trend,0.5917355371900826,0.2727272727272727,1.7289256198347107
UNISIM_IV_P13_Seq2Trend_trial_18,P13,29252863aac67c4b3d2ae04b7a3874b9,18,5.158578975397208,0.6344897131227355,Seq2Trend,Normal,False,0.01,300,300,200,20,8,0.001,0.6,0.1,median,True,"[0.25, 0.5, 0.75]",False,P50,,False,42,1,exponential,5,,default_group,UNISIM_IV_P13_Seq2Trend,UNISIM_IV,Seq2Trend,0.4305785123966942,0.13801652892561983,1.137190082644628
UNISIM_IV_P13_Seq2Trend_trial_6,P13,4ce0562aed8c720d67622e2e951fcc16,6,5.261487062199129,0.5346338140899326,Seq2Trend,Normal,False,0.99,300,300,20,20,16,0.005,0.6,0.1,median,True,"[0.25, 0.5, 0.75]",False,P50,,False,42,1,static,7,,default_group,UNISIM_IV_P13_Seq2Trend,UNISIM_IV,Seq2Trend,0.4049586776859504,0.23553719008264462,1.28099173553719
UNISIM_IV_P13_Seq2Trend_trial_46,P13,920f7a6c44f843d2a0f5b514fa347bc2,46,6.574170645627698,1.2877037732239032,Seq2Trend,Normal,False,0.25,300,300,100,20,16,0.05,0.6,0.1,median,True,"[0.25, 0.5, 0.75]",False,P50,,False,42,1,exponential,3,,default_group,UNISIM_IV_P13_Seq2Trend,UNISIM_IV,Seq2Trend,0.734297520661157,0.6409090909090909,2.750413223140496
UNISIM_IV_P13_Seq2Trend_trial_15,P13,edb820d39adf51e82ae4baf4456721f9,15,5.600595359533186,0.8232238266760136,Seq2Trend,Normal,False,0.25,300,300,20,20,8,0.001,0.6,0.1,median,True,"[0.25, 0.5, 0.75]",False,P50,,False,42,1,combined_exp_arps,7,,default_group,UNISIM_IV_P13_Seq2Trend,UNISIM_IV,Seq2Trend,0.571900826446281,0.2793388429752066,1.7024793388429753
UNISIM_IV_P13_Seq2Trend_trial_84,P13,d6d6d2909d080a98a64447dbe6aa00ab,84,5.074751277889285,0.5698824070308495,Seq2Trend,Normal,False,0.01,300,300,200,20,8,0.001,0.6,0.1,median,True,"[0.25, 0.5, 0.75]",False,P50,,False,42,1,arps,8,,default_group,UNISIM_IV_P13_Seq2Trend,UNISIM_IV,Seq2Trend,0.4132231404958678,0.12727272727272726,1.08099173553719
UNISIM_IV_P13_Seq2Trend_trial_23,P13,82e039789945d0b9c13b98971e453168,23,5.480214578930753,0.8619008355495154,Seq2Trend,Normal,False,0.25,300,300,100,20,16,0.01,0.6,0.1,median,True,"[0.25, 0.5, 0.75]",False,P50,,False,42,1,static,4,,default_group,UNISIM_IV_P13_Seq2Trend,UNISIM_IV,Seq2Trend,0.5826446280991735,0.2652892561983471,1.6958677685950412
UNISIM_IV_P13_Seq2Trend_trial_19,P13,cf425614552b2679a3fc5a3d581b3812,19,5.633457907328412,0.9009623736745404,Seq2Trend,Normal,False,0.25,300,300,20,20,8,0.001,0.6,0.1,median,True,"[0.25, 0.5, 0.75]",False,P50,,False,42,1,static,4,,default_group,UNISIM_IV_P13_Seq2Trend,UNISIM_IV,Seq2Trend,0.6363636363636364,0.32644628099173556,1.9256198347107438
UNISIM_IV_P13_Seq2Trend_trial_27,P13,c59277adb0b14c99515418b0e2b14575,27,6.078282511699425,0.549418495744743,Seq2Trend,Normal,False,0.5,300,300,100,20,16,0.05,0.6,0.1,median,True,"[0.25, 0.5, 0.75]",False,P50,,False,42,1,pressure_ensemble,7,,default_group,UNISIM_IV_P13_Seq2Trend,UNISIM_IV,Seq2Trend,0.40826446280991735,0.45454545454545453,1.7256198347107436
UNISIM_IV_P13_Seq2Trend_trial_43,P13,e49b6d83b5113bbd22eefbc5e64068d4,43,5.277235412739055,0.1633587272767439,Seq2Trend,Normal,False,0.01,300,300,20,20,16,0.01,0.6,0.1,median,True,"[0.25, 0.5, 0.75]",False,P50,,False,42,1,combined_exp_arps,4,,default_group,UNISIM_IV_P13_Seq2Trend,UNISIM_IV,Seq2Trend,0.11735537190082644,0.23884297520661157,0.7123966942148761
UNISIM_IV_P13_Seq2Trend_trial_58,P13,931d166d070708da8be6b4658c07de92,58,5.2500475119365495,0.6149378766755057,Seq2Trend,Normal,False,0.01,300,300,200,20,8,0.01,0.6,0.1,median,True,"[0.25, 0.5, 0.75]",False,P50,,False,42,1,arps,5,,default_group,UNISIM_IV_P13_Seq2Trend,UNISIM_IV,Seq2Trend,0.42479338842975206,0.2322314049586777,1.3140495867768596
UNISIM_IV_P13_Seq2Trend_trial_77,P13,de8dd6d0fd7129e1f021f903af4910d8,77,5.369044109317373,0.7849513109818405,Seq2Trend,Normal,False,0.25,300,300,50,20,8,0.001,0.6,0.1,median,True,"[0.25, 0.5, 0.75]",False,P50,,False,42,1,static,4,,default_group,UNISIM_IV_P13_Seq2Trend,UNISIM_IV,Seq2Trend,0.5524793388429752,0.25578512396694214,1.6165289256198347
UNISIM_IV_P13_Seq2Trend_trial_2,P13,e0a3884b2726776466f154d06a6cabcd,2,5.547439736543412,0.8758516414895483,Seq2Trend,Normal,False,0.25,300,300,50,20,8,0.01,0.6,0.1,median,True,"[0.25, 0.5, 0.75]",False,P50,,False,42,1,arps,6,,default_group,UNISIM_IV_P13_Seq2Trend,UNISIM_IV,Seq2Trend,0.5884297520661157,0.27107438016528923,1.71900826446281
UNISIM_IV_P13_Seq2Trend_trial_59,P13,a8431d1ca4d2e4b8d38fcdd9f161e61a,59,5.606293748463801,0.8999446216301465,Seq2Trend,Normal,False,0.25,300,300,50,20,16,0.001,0.6,0.1,median,True,"[0.25, 0.5, 0.75]",False,P50,,False,42,1,pressure_ensemble,7,,default_group,UNISIM_IV_P13_Seq2Trend,UNISIM_IV,Seq2Trend,0.6351239669421488,0.28057851239669424,1.8314049586776862
UNISIM_IV_P13_Seq2Trend_trial_78,P13,0e8da064dff8aaa834b44708d78d6303,78,6.39616049884099,1.277079571746,Seq2Trend,Normal,False,0.5,300,300,100,20,8,0.01,0.6,0.1,median,True,"[0.25, 0.5, 0.75]",False,P50,,False,42,1,exponential,2,,default_group,UNISIM_IV_P13_Seq2Trend,UNISIM_IV,Seq2Trend,0.7330578512396694,0.5727272727272728,2.6115702479338845
UNISIM_IV_P13_Seq2Trend_trial_25,P13,5d5b5bf86491a63940573702b5cd8bee,25,5.644634052658305,0.9873422732639696,Seq2Trend,Normal,False,0.99,300,300,100,20,8,0.001,0.6,0.1,median,True,"[0.25, 0.5, 0.75]",False,P50,,False,42,1,arps,8,,default_group,UNISIM_IV_P13_Seq2Trend,UNISIM_IV,Seq2Trend,0.6933884297520662,0.32892561983471075,2.0446280991735537
UNISIM_IV_P13_Seq2Trend_trial_80,P13,7ea64509c2f4c4654548494d6a7a58aa,80,5.740968877330656,1.0080352855683237,Seq2Trend,Normal,False,0.99,300,300,100,20,8,0.005,0.6,0.1,median,True,"[0.25, 0.5, 0.75]",False,P50,,False,42,1,static,4,,default_group,UNISIM_IV_P13_Seq2Trend,UNISIM_IV,Seq2Trend,0.6958677685950413,0.3338842975206612,2.059504132231405
UNISIM_IV_P13_Seq2Trend_trial_99,P13,4334066e39e6e949a0efaeffb2935ffd,99,5.123575160102059,0.4105145470288831,Seq2Trend,Normal,False,0.01,300,300,100,20,8,0.001,0.6,0.1,median,True,"[0.25, 0.5, 0.75]",False,P50,,False,42,1,combined_exp_arps,7,,default_group,UNISIM_IV_P13_Seq2Trend,UNISIM_IV,Seq2Trend,0.29669421487603304,0.13305785123966943,0.859504132231405
UNISIM_IV_P13_Seq2Trend_trial_36,P13,300a8cba9448a784eb9f2f5ff4185202,36,5.461556555334982,0.8042746745471289,Seq2Trend,Normal,False,0.25,300,300,50,20,8,0.005,0.6,0.1,median,True,"[0.25, 0.5, 0.75]",False,P50,,False,42,1,combined_exp_arps,2,,default_group,UNISIM_IV_P13_Seq2Trend,UNISIM_IV,Seq2Trend,0.5619834710743802,0.2628099173553719,1.649586776859504
UNISIM_IV_P13_Seq2Trend_trial_83,P13,824c7acef86c1bc15d7c4c3809c7d32c,83,5.394286792707316,0.7357696994504567,Seq2Trend,Normal,False,0.25,300,300,20,20,16,0.05,0.6,0.1,median,True,"[0.25, 0.5, 0.75]",False,P50,,False,42,1,exponential,7,,default_group,UNISIM_IV_P13_Seq2Trend,UNISIM_IV,Seq2Trend,0.5388429752066116,0.2603305785123967,1.5983471074380167
UNISIM_IV_P13_Seq2Trend_trial_3,P13,15b191be562ea6e1b384a1224d94ab0a,3,81.72375344778557,16.617908778813245,Seq2Trend,Normal,False,0.99,300,300,50,20,8,0.05,0.6,0.1,median,True,"[0.25, 0.5, 0.75]",False,P50,,False,42,1,exponential,3,,default_group,UNISIM_IV_P13_Seq2Trend,UNISIM_IV,Seq2Trend,0.9983471074380166,0.9983471074380166,3.9933884297520663
UNISIM_IV_P13_Seq2Trend_trial_96,P13,db81b83ed86d28e459b23939cbb769b5,96,5.616826105479057,1.005657287323055,Seq2Trend,Normal,False,0.01,300,300,100,20,16,0.05,0.6,0.1,median,True,"[0.25, 0.5, 0.75]",False,P50,,False,42,1,pressure_ensemble,7,,default_group,UNISIM_IV_P13_Seq2Trend,UNISIM_IV,Seq2Trend,0.6950413223140496,0.3239669421487603,2.0380165289256196
UNISIM_IV_P13_Seq2Trend_trial_66,P13,58a055fcd01b98cbe8d4ba997abf9e98,66,5.36492577331094,0.7750942001367472,Seq2Trend,Normal,False,0.25,300,300,20,20,16,0.01,0.6,0.1,median,True,"[0.25, 0.5, 0.75]",False,P50,,False,42,1,static,6,,default_group,UNISIM_IV_P13_Seq2Trend,UNISIM_IV,Seq2Trend,0.5487603305785124,0.2537190082644628,1.6049586776859504
UNISIM_IV_P13_Seq2Trend_trial_90,P13,0b023dcfdf235589e8fdfa8c30092922,90,5.25904397637759,0.2418783974316367,Seq2Trend,Normal,False,0.01,300,300,50,20,16,0.001,0.6,0.1,median,True,"[0.25, 0.5, 0.75]",False,P50,,False,42,1,exponential,7,,default_group,UNISIM_IV_P13_Seq2Trend,UNISIM_IV,Seq2Trend,0.14214876033057852,0.23471074380165288,0.7537190082644628
UNISIM_IV_P13_Seq2Trend_trial_82,P13,c2f5a9582f2aa165dbd80b685fbda20e,82,5.83832283362455,1.0158451047890409,Seq2Trend,Normal,False,0.25,300,300,200,20,16,0.01,0.6,0.1,median,True,"[0.25, 0.5, 0.75]",False,P50,,False,42,1,pressure_ensemble,3,,default_group,UNISIM_IV_P13_Seq2Trend,UNISIM_IV,Seq2Trend,0.7,0.3851239669421488,2.1702479338842977
UNISIM_IV_P13_Seq2Trend_trial_50,P13,ce11bd21bfb2d6a60afb58252b10b9df,50,5.385340734962745,0.8075018639023995,Seq2Trend,Normal,False,0.25,300,300,200,20,16,0.001,0.6,0.1,median,True,"[0.25, 0.5, 0.75]",False,P50,,False,42,1,pressure_ensemble,4,,default_group,UNISIM_IV_P13_Seq2Trend,UNISIM_IV,Seq2Trend,0.5636363636363636,0.25867768595041324,1.6446280991735538
UNISIM_IV_P13_Seq2Trend_trial_13,P13,1aa00dbb3ddf0649a36f1b753c816528,13,5.346148844315235,0.741328062184733,Seq2Trend,Normal,False,0.01,300,300,50,20,8,0.01,0.6,0.1,median,True,"[0.25, 0.5, 0.75]",False,P50,,False,42,1,static,4,,default_group,UNISIM_IV_P13_Seq2Trend,UNISIM_IV,Seq2Trend,0.5421487603305785,0.2487603305785124,1.5818181818181818
UNISIM_IV_P13_Seq2Trend_trial_62,P13,3f721aae6ea2d1686691cb3fb3cc792c,62,5.169991524636156,0.6146225452698489,Seq2Trend,Normal,False,0.01,300,300,20,20,8,0.01,0.6,0.1,median,True,"[0.25, 0.5, 0.75]",False,P50,,False,42,1,static,4,,default_group,UNISIM_IV_P13_Seq2Trend,UNISIM_IV,Seq2Trend,0.42396694214876035,0.1396694214876033,1.1272727272727274
UNISIM_IV_P13_Seq2Trend_trial_45,P13,14e3b1ac85e4bb8e15a89ac88df0c849,45,5.385346081088075,0.7550858865051996,Seq2Trend,Normal,False,0.25,300,300,50,20,8,0.005,0.6,0.1,median,True,"[0.25, 0.5, 0.75]",False,P50,,False,42,1,arps,2,,default_group,UNISIM_IV_P13_Seq2Trend,UNISIM_IV,Seq2Trend,0.5454545454545454,0.25950413223140495,1.6099173553719006
UNISIM_IV_P13_Seq2Trend_trial_41,P13,2c91d17493b9e65f361ca316b149a5a7,41,5.93472425760035,1.0095081843271765,Seq2Trend,Normal,False,0.99,300,300,50,20,8,0.05,0.6,0.1,median,True,"[0.25, 0.5, 0.75]",False,P50,,False,42,1,arps,4,,default_group,UNISIM_IV_P13_Seq2Trend,UNISIM_IV,Seq2Trend,0.6966942148760331,0.3950413223140496,2.1834710743801655
UNISIM_IV_P13_Seq2Trend_trial_86,P13,db01579148705a3e7bce51980b412c1e,86,5.310947568635119,0.6457677692937097,Seq2Trend,Normal,False,0.5,300,300,50,20,8,0.005,0.6,0.1,median,True,"[0.25, 0.5, 0.75]",False,P50,,False,42,1,static,2,,default_group,UNISIM_IV_P13_Seq2Trend,UNISIM_IV,Seq2Trend,0.43553719008264463,0.2462809917355372,1.3636363636363638
UNISIM_IV_P13_Seq2Trend_trial_24,P13,adb55a47f1458fcadac03c95bfba2e5c,24,6.75589759445913,0.8726659333710004,Seq2Trend,Normal,False,0.99,300,300,200,20,8,0.05,0.6,0.1,median,True,"[0.25, 0.5, 0.75]",False,P50,,False,42,1,arps,2,,default_group,UNISIM_IV_P13_Seq2Trend,UNISIM_IV,Seq2Trend,0.5859504132231405,0.6595041322314049,2.4909090909090907
UNISIM_IV_P13_Seq2Trend_trial_8,P13,904606f49076e21849c186afbacdd088,8,5.212292537898281,0.3163451615515631,Seq2Trend,Normal,False,0.01,300,300,50,20,16,0.001,0.6,0.1,median,True,"[0.25, 0.5, 0.75]",False,P50,,False,42,1,static,7,,default_group,UNISIM_IV_P13_Seq2Trend,UNISIM_IV,Seq2Trend,0.22727272727272727,0.22727272727272727,0.9090909090909091
UNISIM_IV_P13_Seq2Trend_trial_53,P13,e6163f1e400dceb80f23e34f20dd197b,53,6.712555515635808,1.2682079687125445,Seq2Trend,Normal,False,0.25,300,300,200,20,8,0.05,0.6,0.1,median,True,"[0.25, 0.5, 0.75]",False,P50,,False,42,1,arps,2,,default_group,UNISIM_IV_P13_Seq2Trend,UNISIM_IV,Seq2Trend,0.7309917355371901,0.6557851239669421,2.773553719008264
UNISIM_IV_P13_Seq2Trend_trial_20,P13,adf16e2f3fbea868295ed62f41db922a,20,5.671967807533415,0.3520254265312927,Seq2Trend,Normal,False,0.25,300,300,20,20,8,0.05,0.6,0.1,median,True,"[0.25, 0.5, 0.75]",False,P50,,False,42,1,static,3,,default_group,UNISIM_IV_P13_Seq2Trend,UNISIM_IV,Seq2Trend,0.23884297520661157,0.33140495867768593,1.140495867768595
UNISIM_IV_P13_Seq2Trend_trial_42,P13,32f14fce3979200785ba9b8a0a448a7b,42,5.520155123144719,0.8077731729963965,Seq2Trend,Normal,False,0.25,300,300,50,20,16,0.001,0.6,0.1,median,True,"[0.25, 0.5, 0.75]",False,P50,,False,42,1,exponential,2,,default_group,UNISIM_IV_P13_Seq2Trend,UNISIM_IV,Seq2Trend,0.5644628099173554,0.26859504132231404,1.666115702479339
UNISIM_IV_P13_Seq2Trend_trial_9,P13,58dc6d505733d5049e7f00e500b633e8,9,5.252605583088603,0.2377910173386465,Seq2Trend,Normal,False,0.01,300,300,50,20,16,0.001,0.6,0.1,median,True,"[0.25, 0.5, 0.75]",False,P50,,False,42,1,combined_exp_arps,2,,default_group,UNISIM_IV_P13_Seq2Trend,UNISIM_IV,Seq2Trend,0.13884297520661157,0.23305785123966943,0.743801652892562
UNISIM_IV_P13_Seq2Trend_trial_47,P13,1c99401a544f726cabceae0db176678d,47,5.6422412749757305,0.9728311176104482,Seq2Trend,Normal,False,0.25,300,300,200,20,16,0.005,0.6,0.1,median,True,"[0.25, 0.5, 0.75]",False,P50,,False,42,1,combined_exp_arps,4,,default_group,UNISIM_IV_P13_Seq2Trend,UNISIM_IV,Seq2Trend,0.6917355371900826,0.32727272727272727,2.0380165289256196
UNISIM_IV_P13_Seq2Trend_trial_98,P13,27d9ab5ded0b82bebc9ac622eddbc162,98,5.216384761184866,0.5063078013177875,Seq2Trend,Normal,False,0.5,300,300,20,20,8,0.01,0.6,0.1,median,True,"[0.25, 0.5, 0.75]",False,P50,,False,42,1,static,5,,default_group,UNISIM_IV_P13_Seq2Trend,UNISIM_IV,Seq2Trend,0.4012396694214876,0.2285123966942149,1.259504132231405
UNISIM_IV_P13_Seq2Trend_trial_55,P13,0343b608bd65012a0ea4fa2acc23b2e2,55,5.828156260327347,1.0922864132534542,Seq2Trend,Normal,False,0.5,300,300,50,20,16,0.05,0.6,0.1,median,True,"[0.25, 0.5, 0.75]",False,P50,,False,42,1,exponential,8,,default_group,UNISIM_IV_P13_Seq2Trend,UNISIM_IV,Seq2Trend,0.7140495867768595,0.384297520661157,2.196694214876033
UNISIM_IV_P13_Seq2Trend_trial_95,P13,e9847a89953a1fbb032710673d7c7448,95,5.190914950002775,0.3365205511234951,Seq2Trend,Normal,False,0.01,300,300,50,20,16,0.01,0.6,0.1,median,True,"[0.25, 0.5, 0.75]",False,P50,,False,42,1,exponential,8,,default_group,UNISIM_IV_P13_Seq2Trend,UNISIM_IV,Seq2Trend,0.23305785123966943,0.18264462809917356,0.8314049586776859
UNISIM_IV_P13_Seq2Trend_trial_87,P13,9220cee9c6185a498c25064635abf91b,87,8.22692428362143,1.247130133174049,Seq2Trend,Normal,False,0.5,300,300,200,20,16,0.05,0.6,0.1,median,True,"[0.25, 0.5, 0.75]",False,P50,,False,42,1,static,8,,default_group,UNISIM_IV_P13_Seq2Trend,UNISIM_IV,Seq2Trend,0.7272727272727273,0.7628099173553718,2.980165289256198
UNISIM_IV_P13_Seq2Trend_trial_76,P13,23933ec1424a3891b9cf2834c0bfad38,76,5.784873207121815,1.0125659671220393,Seq2Trend,Normal,False,0.99,300,300,50,20,8,0.01,0.6,0.1,median,True,"[0.25, 0.5, 0.75]",False,P50,,False,42,1,pressure_ensemble,6,,default_group,UNISIM_IV_P13_Seq2Trend,UNISIM_IV,Seq2Trend,0.6983471074380165,0.3396694214876033,2.0760330578512396
UNISIM_IV_P13_Seq2Trend_trial_28,P13,5706e716a4da48e5e0d7b69278cd00d5,28,5.633300113491544,0.1239974396774218,Seq2Trend,Normal,False,0.01,300,300,20,20,16,0.001,0.6,0.1,median,True,"[0.25, 0.5, 0.75]",False,P50,,False,42,1,pressure_ensemble,7,,default_group,UNISIM_IV_P13_Seq2Trend,UNISIM_IV,Seq2Trend,0.06776859504132231,0.3256198347107438,0.7867768595041322
UNISIM_IV_P13_Seq2Trend_trial_0,P13,0596c774c3abebe85ecfcfcab08bd85d,0,5.33642602355942,0.7925242282985532,Seq2Trend,Normal,False,0.5,300,300,50,20,8,0.001,0.6,0.1,median,True,"[0.25, 0.5, 0.75]",False,P50,,False,42,1,pressure_ensemble,8,,default_group,UNISIM_IV_P13_Seq2Trend,UNISIM_IV,Seq2Trend,0.5553719008264463,0.24793388429752067,1.6066115702479338
UNISIM_IV_P13_Seq2Trend_trial_75,P13,3ccda9d41056969eb56d069350250292,75,5.401841034582084,0.8097681569461813,Seq2Trend,Normal,False,0.25,300,300,50,20,8,0.001,0.6,0.1,median,True,"[0.25, 0.5, 0.75]",False,P50,,False,42,1,pressure_ensemble,7,,default_group,UNISIM_IV_P13_Seq2Trend,UNISIM_IV,Seq2Trend,0.5652892561983471,0.2619834710743802,1.6545454545454548
UNISIM_IV_P13_Seq2Trend_trial_69,P13,4b205d6c9be6b4179399e7b5e9ef9285,69,6.574170645627698,1.2877037732239032,Seq2Trend,Normal,False,0.25,300,300,100,20,16,0.05,0.6,0.1,median,True,"[0.25, 0.5, 0.75]",False,P50,,False,42,1,exponential,6,,default_group,UNISIM_IV_P13_Seq2Trend,UNISIM_IV,Seq2Trend,0.734297520661157,0.6409090909090909,2.750413223140496
UNISIM_IV_P13_Seq2Trend_trial_51,P13,e8c24965ca3e68de2c5d20234352542e,51,10.191553683843258,2.202451234164172,Seq2Trend,Normal,False,0.5,300,300,100,20,8,0.05,0.6,0.1,median,True,"[0.25, 0.5, 0.75]",False,P50,,False,42,1,exponential,8,,default_group,UNISIM_IV_P13_Seq2Trend,UNISIM_IV,Seq2Trend,0.7917355371900826,0.7958677685950413,3.175206611570248
UNISIM_IV_P13_Seq2Trend_trial_12,P13,3348c33f7b0dfd37f806cc187b0859f9,12,5.565987520874304,0.8819807525119528,Seq2Trend,Normal,False,0.25,300,300,50,20,16,0.001,0.6,0.1,median,True,"[0.25, 0.5, 0.75]",False,P50,,False,42,1,combined_exp_arps,7,,default_group,UNISIM_IV_P13_Seq2Trend,UNISIM_IV,Seq2Trend,0.5909090909090909,0.271900826446281,1.7256198347107439
UNISIM_IV_P13_Seq2Trend_trial_63,P13,1cfb2c6d7390eb6683860bcbeb6c44a6,63,5.373007282089724,0.6959200397096071,Seq2Trend,Normal,False,0.5,300,300,20,20,8,0.005,0.6,0.1,median,True,"[0.25, 0.5, 0.75]",False,P50,,False,42,1,combined_exp_arps,7,,default_group,UNISIM_IV_P13_Seq2Trend,UNISIM_IV,Seq2Trend,0.5272727272727272,0.2578512396694215,1.5702479338842974
UNISIM_IV_P13_Seq2Trend_trial_48,P13,4be14c1ad0172cdadbb6bf9aa217a600,48,5.906571558518665,1.1354328026308784,Seq2Trend,Normal,False,0.99,300,300,20,20,16,0.001,0.6,0.1,median,True,"[0.25, 0.5, 0.75]",False,P50,,False,42,1,exponential,8,,default_group,UNISIM_IV_P13_Seq2Trend,UNISIM_IV,Seq2Trend,0.7198347107438017,0.3925619834710744,2.2247933884297524
UNISIM_IV_P13_Seq2Trend_trial_29,P13,006926a9401b01384d8eb3652506e477,29,5.606293748463801,0.8999446216301465,Seq2Trend,Normal,False,0.25,300,300,50,20,16,0.001,0.6,0.1,median,True,"[0.25, 0.5, 0.75]",False,P50,,False,42,1,pressure_ensemble,4,,default_group,UNISIM_IV_P13_Seq2Trend,UNISIM_IV,Seq2Trend,0.6351239669421488,0.28057851239669424,1.8314049586776862
UNISIM_IV_P13_Seq2Trend_trial_56,P13,f29fdb37d7510eb54d0f33ad63553b7b,56,5.271675888101857,0.652359499574664,Seq2Trend,Normal,False,0.5,300,300,20,20,16,0.01,0.6,0.1,median,True,"[0.25, 0.5, 0.75]",False,P50,,False,42,1,arps,2,,default_group,UNISIM_IV_P13_Seq2Trend,UNISIM_IV,Seq2Trend,0.4371900826446281,0.2371900826446281,1.3487603305785125
UNISIM_IV_P13_Seq2Trend_trial_30,P13,8da4021857079b49e2b14ed3f6395c36,30,5.195249713448273,0.611984925565636,Seq2Trend,Normal,False,0.01,300,300,100,20,8,0.01,0.6,0.1,median,True,"[0.25, 0.5, 0.75]",False,P50,,False,42,1,combined_exp_arps,6,,default_group,UNISIM_IV_P13_Seq2Trend,UNISIM_IV,Seq2Trend,0.4231404958677686,0.18429752066115704,1.2148760330578512
UNISIM_IV_P13_Seq2Trend_trial_71,P13,3f22a5676119515d2695acc7a2792260,71,5.902729601022729,1.089820241590754,Seq2Trend,Normal,False,0.99,300,300,200,20,16,0.01,0.6,0.1,median,True,"[0.25, 0.5, 0.75]",False,P50,,False,42,1,arps,7,,default_group,UNISIM_IV_P13_Seq2Trend,UNISIM_IV,Seq2Trend,0.7132231404958678,0.39173553719008264,2.2099173553719007
UNISIM_IV_P13_Seq2Trend_trial_131,P13,49eafdce309319ed4dbed5ad6ac922e6,131,5.196200301286312,0.1359108714104389,Seq2Trend,Normal,False,0.01,300,300,50,20,16,0.005,0.6,0.1,median,True,"[0.25, 0.5, 0.75]",False,P50,,False,42,1,combined_exp_arps,6,,default_group,UNISIM_IV_P13_Seq2Trend,UNISIM_IV,Seq2Trend,0.09173553719008265,0.20578512396694215,0.5950413223140496
UNISIM_IV_P13_Seq2Trend_trial_121,P13,f56dca8d413d728630d1ffa9b701f0b5,121,5.196200301286312,0.1359108714104389,Seq2Trend,Normal,False,0.01,300,300,50,20,16,0.005,0.6,0.1,median,True,"[0.25, 0.5, 0.75]",False,P50,,False,42,1,combined_exp_arps,6,,default_group,UNISIM_IV_P13_Seq2Trend,UNISIM_IV,Seq2Trend,0.09173553719008265,0.20578512396694215,0.5950413223140496
UNISIM_IV_P13_Seq2Trend_trial_148,P13,0080d5243798caafc86d8e35fe4f9f6c,148,5.196200301286312,0.1359108714104389,Seq2Trend,Normal,False,0.01,300,300,50,20,16,0.005,0.6,0.1,median,True,"[0.25, 0.5, 0.75]",False,P50,,False,42,1,combined_exp_arps,6,,default_group,UNISIM_IV_P13_Seq2Trend,UNISIM_IV,Seq2Trend,0.09173553719008265,0.20578512396694215,0.5950413223140496
UNISIM_IV_P13_Seq2Trend_trial_129,P13,15afcfa5ae7186b91f2b92de05776398,129,5.196200301286312,0.1359108714104389,Seq2Trend,Normal,False,0.01,300,300,50,20,16,0.005,0.6,0.1,median,True,"[0.25, 0.5, 0.75]",False,P50,,False,42,1,combined_exp_arps,6,,default_group,UNISIM_IV_P13_Seq2Trend,UNISIM_IV,Seq2Trend,0.09173553719008265,0.20578512396694215,0.5950413223140496
UNISIM_IV_P13_Seq2Trend_trial_118,P13,e17245fdefbb642877ec09d9dea4743b,118,5.196200301286312,0.1359108714104389,Seq2Trend,Normal,False,0.01,300,300,50,20,16,0.005,0.6,0.1,median,True,"[0.25, 0.5, 0.75]",False,P50,,False,42,1,combined_exp_arps,6,,default_group,UNISIM_IV_P13_Seq2Trend,UNISIM_IV,Seq2Trend,0.09173553719008265,0.20578512396694215,0.5950413223140496
UNISIM_IV_P13_Seq2Trend_trial_143,P13,33eafc97e539fc744f01635664c4ebb4,143,5.196200301286312,0.1359108714104389,Seq2Trend,Normal,False,0.01,300,300,50,20,16,0.005,0.6,0.1,median,True,"[0.25, 0.5, 0.75]",False,P50,,False,42,1,combined_exp_arps,6,,default_group,UNISIM_IV_P13_Seq2Trend,UNISIM_IV,Seq2Trend,0.09173553719008265,0.20578512396694215,0.5950413223140496
UNISIM_IV_P13_Seq2Trend_trial_122,P13,4e50682b0ba16c84521ef55692e97250,122,5.196200301286312,0.1359108714104389,Seq2Trend,Normal,False,0.01,300,300,50,20,16,0.005,0.6,0.1,median,True,"[0.25, 0.5, 0.75]",False,P50,,False,42,1,combined_exp_arps,6,,default_group,UNISIM_IV_P13_Seq2Trend,UNISIM_IV,Seq2Trend,0.09173553719008265,0.20578512396694215,0.5950413223140496
UNISIM_IV_P13_Seq2Trend_trial_127,P13,5c2cc5b1b3e933729020deeb1cdb8e02,127,5.196200301286312,0.1359108714104389,Seq2Trend,Normal,False,0.01,300,300,50,20,16,0.005,0.6,0.1,median,True,"[0.25, 0.5, 0.75]",False,P50,,False,42,1,combined_exp_arps,6,,default_group,UNISIM_IV_P13_Seq2Trend,UNISIM_IV,Seq2Trend,0.09173553719008265,0.20578512396694215,0.5950413223140496
UNISIM_IV_P13_Seq2Trend_trial_137,P13,4b9b6d454665f293aa12ff8dc4b0525e,137,5.196200301286312,0.1359108714104389,Seq2Trend,Normal,False,0.01,300,300,50,20,16,0.005,0.6,0.1,median,True,"[0.25, 0.5, 0.75]",False,P50,,False,42,1,combined_exp_arps,6,,default_group,UNISIM_IV_P13_Seq2Trend,UNISIM_IV,Seq2Trend,0.09173553719008265,0.20578512396694215,0.5950413223140496
UNISIM_IV_P13_Seq2Trend_trial_111,P13,3a2ad96f6e5bb4cdaad720e64f1eaa4e,111,5.196200301286312,0.1359108714104389,Seq2Trend,Normal,False,0.01,300,300,50,20,16,0.005,0.6,0.1,median,True,"[0.25, 0.5, 0.75]",False,P50,,False,42,1,combined_exp_arps,6,,default_group,UNISIM_IV_P13_Seq2Trend,UNISIM_IV,Seq2Trend,0.09173553719008265,0.20578512396694215,0.5950413223140496
UNISIM_IV_P13_Seq2Trend_trial_105,P13,bee632efffa556f3806584b523433611,105,5.196200301286312,0.1359108714104389,Seq2Trend,Normal,False,0.01,300,300,50,20,16,0.005,0.6,0.1,median,True,"[0.25, 0.5, 0.75]",False,P50,,False,42,1,combined_exp_arps,6,,default_group,UNISIM_IV_P13_Seq2Trend,UNISIM_IV,Seq2Trend,0.09173553719008265,0.20578512396694215,0.5950413223140496
UNISIM_IV_P13_Seq2Trend_trial_149,P13,fb73c02288738fd0293c61ba234c16b2,149,5.196200301286312,0.1359108714104389,Seq2Trend,Normal,False,0.01,300,300,50,20,16,0.005,0.6,0.1,median,True,"[0.25, 0.5, 0.75]",False,P50,,False,42,1,combined_exp_arps,6,,default_group,UNISIM_IV_P13_Seq2Trend,UNISIM_IV,Seq2Trend,0.09173553719008265,0.20578512396694215,0.5950413223140496
UNISIM_IV_P13_Seq2Trend_trial_146,P13,b3d9e82c41ec783853a43b560661864c,146,5.196200301286312,0.1359108714104389,Seq2Trend,Normal,False,0.01,300,300,50,20,16,0.005,0.6,0.1,median,True,"[0.25, 0.5, 0.75]",False,P50,,False,42,1,combined_exp_arps,6,,default_group,UNISIM_IV_P13_Seq2Trend,UNISIM_IV,Seq2Trend,0.09173553719008265,0.20578512396694215,0.5950413223140496
UNISIM_IV_P13_Seq2Trend_trial_115,P13,0f91c376ac54115d17fa406068a36fed,115,5.196200301286312,0.1359108714104389,Seq2Trend,Normal,False,0.01,300,300,50,20,16,0.005,0.6,0.1,median,True,"[0.25, 0.5, 0.75]",False,P50,,False,42,1,combined_exp_arps,6,,default_group,UNISIM_IV_P13_Seq2Trend,UNISIM_IV,Seq2Trend,0.09173553719008265,0.20578512396694215,0.5950413223140496
UNISIM_IV_P13_Seq2Trend_trial_145,P13,dfd7ea8501bef13bdeab9e79ba03823d,145,5.196200301286312,0.1359108714104389,Seq2Trend,Normal,False,0.01,300,300,50,20,16,0.005,0.6,0.1,median,True,"[0.25, 0.5, 0.75]",False,P50,,False,42,1,combined_exp_arps,6,,default_group,UNISIM_IV_P13_Seq2Trend,UNISIM_IV,Seq2Trend,0.09173553719008265,0.20578512396694215,0.5950413223140496
UNISIM_IV_P13_Seq2Trend_trial_107,P13,d412e28c69d7c7d9fc7e1fc047c39392,107,5.196200301286312,0.1359108714104389,Seq2Trend,Normal,False,0.01,300,300,50,20,16,0.005,0.6,0.1,median,True,"[0.25, 0.5, 0.75]",False,P50,,False,42,1,combined_exp_arps,6,,default_group,UNISIM_IV_P13_Seq2Trend,UNISIM_IV,Seq2Trend,0.09173553719008265,0.20578512396694215,0.5950413223140496
UNISIM_IV_P13_Seq2Trend_trial_114,P13,885e713dc598c000c30e45c812ab823b,114,5.196200301286312,0.1359108714104389,Seq2Trend,Normal,False,0.01,300,300,50,20,16,0.005,0.6,0.1,median,True,"[0.25, 0.5, 0.75]",False,P50,,False,42,1,combined_exp_arps,6,,default_group,UNISIM_IV_P13_Seq2Trend,UNISIM_IV,Seq2Trend,0.09173553719008265,0.20578512396694215,0.5950413223140496
UNISIM_IV_P13_Seq2Trend_trial_113,P13,b2b9ab587300c60bc5d4ebbf621718a6,113,5.196200301286312,0.1359108714104389,Seq2Trend,Normal,False,0.01,300,300,50,20,16,0.005,0.6,0.1,median,True,"[0.25, 0.5, 0.75]",False,P50,,False,42,1,combined_exp_arps,6,,default_group,UNISIM_IV_P13_Seq2Trend,UNISIM_IV,Seq2Trend,0.09173553719008265,0.20578512396694215,0.5950413223140496
UNISIM_IV_P13_Seq2Trend_trial_116,P13,0a563b66bde32f02c6f64147a37e3c8f,116,5.196200301286312,0.1359108714104389,Seq2Trend,Normal,False,0.01,300,300,50,20,16,0.005,0.6,0.1,median,True,"[0.25, 0.5, 0.75]",False,P50,,False,42,1,combined_exp_arps,6,,default_group,UNISIM_IV_P13_Seq2Trend,UNISIM_IV,Seq2Trend,0.09173553719008265,0.20578512396694215,0.5950413223140496
UNISIM_IV_P13_Seq2Trend_trial_142,P13,7d8553bc547af0c4b8d3ab6b1745b8f1,142,5.196200301286312,0.1359108714104389,Seq2Trend,Normal,False,0.01,300,300,50,20,16,0.005,0.6,0.1,median,True,"[0.25, 0.5, 0.75]",False,P50,,False,42,1,combined_exp_arps,6,,default_group,UNISIM_IV_P13_Seq2Trend,UNISIM_IV,Seq2Trend,0.09173553719008265,0.20578512396694215,0.5950413223140496
UNISIM_IV_P13_Seq2Trend_trial_112,P13,5ced10c52fdf1842d9b8b5708d6b340a,112,5.196200301286312,0.1359108714104389,Seq2Trend,Normal,False,0.01,300,300,50,20,16,0.005,0.6,0.1,median,True,"[0.25, 0.5, 0.75]",False,P50,,False,42,1,combined_exp_arps,6,,default_group,UNISIM_IV_P13_Seq2Trend,UNISIM_IV,Seq2Trend,0.09173553719008265,0.20578512396694215,0.5950413223140496
UNISIM_IV_P13_Seq2Trend_trial_104,P13,076750bfe5ba44e494c84710783192df,104,5.196200301286312,0.1359108714104389,Seq2Trend,Normal,False,0.01,300,300,50,20,16,0.005,0.6,0.1,median,True,"[0.25, 0.5, 0.75]",False,P50,,False,42,1,combined_exp_arps,6,,default_group,UNISIM_IV_P13_Seq2Trend,UNISIM_IV,Seq2Trend,0.09173553719008265,0.20578512396694215,0.5950413223140496
UNISIM_IV_P13_Seq2Trend_trial_108,P13,0c1dfef58cfbda28569bdda4481b3c61,108,5.196200301286312,0.1359108714104389,Seq2Trend,Normal,False,0.01,300,300,50,20,16,0.005,0.6,0.1,median,True,"[0.25, 0.5, 0.75]",False,P50,,False,42,1,combined_exp_arps,6,,default_group,UNISIM_IV_P13_Seq2Trend,UNISIM_IV,Seq2Trend,0.09173553719008265,0.20578512396694215,0.5950413223140496
UNISIM_IV_P13_Seq2Trend_trial_138,P13,21a93660128d850fae61195d72804934,138,5.196200301286312,0.1359108714104389,Seq2Trend,Normal,False,0.01,300,300,50,20,16,0.005,0.6,0.1,median,True,"[0.25, 0.5, 0.75]",False,P50,,False,42,1,combined_exp_arps,6,,default_group,UNISIM_IV_P13_Seq2Trend,UNISIM_IV,Seq2Trend,0.09173553719008265,0.20578512396694215,0.5950413223140496
UNISIM_IV_P13_Seq2Trend_trial_144,P13,052c561c8b6448b223f4680a6b4de968,144,5.196200301286312,0.1359108714104389,Seq2Trend,Normal,False,0.01,300,300,50,20,16,0.005,0.6,0.1,median,True,"[0.25, 0.5, 0.75]",False,P50,,False,42,1,combined_exp_arps,6,,default_group,UNISIM_IV_P13_Seq2Trend,UNISIM_IV,Seq2Trend,0.09173553719008265,0.20578512396694215,0.5950413223140496
UNISIM_IV_P13_Seq2Trend_trial_140,P13,7838ac6243e77f8e94166777e428bb03,140,5.196200301286312,0.1359108714104389,Seq2Trend,Normal,False,0.01,300,300,50,20,16,0.005,0.6,0.1,median,True,"[0.25, 0.5, 0.75]",False,P50,,False,42,1,combined_exp_arps,6,,default_group,UNISIM_IV_P13_Seq2Trend,UNISIM_IV,Seq2Trend,0.09173553719008265,0.20578512396694215,0.5950413223140496
UNISIM_IV_P13_Seq2Trend_trial_124,P13,441966e636ccec72349db8b316bcedbe,124,5.196200301286312,0.1359108714104389,Seq2Trend,Normal,False,0.01,300,300,50,20,16,0.005,0.6,0.1,median,True,"[0.25, 0.5, 0.75]",False,P50,,False,42,1,combined_exp_arps,6,,default_group,UNISIM_IV_P13_Seq2Trend,UNISIM_IV,Seq2Trend,0.09173553719008265,0.20578512396694215,0.5950413223140496
UNISIM_IV_P13_Seq2Trend_trial_139,P13,48a9087a656d1b6b636a2a668787f245,139,5.196200301286312,0.1359108714104389,Seq2Trend,Normal,False,0.01,300,300,50,20,16,0.005,0.6,0.1,median,True,"[0.25, 0.5, 0.75]",False,P50,,False,42,1,combined_exp_arps,6,,default_group,UNISIM_IV_P13_Seq2Trend,UNISIM_IV,Seq2Trend,0.09173553719008265,0.20578512396694215,0.5950413223140496
UNISIM_IV_P13_Seq2Trend_trial_135,P13,90c6b3300ece6df0a84a682bb8c3598f,135,5.196200301286312,0.1359108714104389,Seq2Trend,Normal,False,0.01,300,300,50,20,16,0.005,0.6,0.1,median,True,"[0.25, 0.5, 0.75]",False,P50,,False,42,1,combined_exp_arps,6,,default_group,UNISIM_IV_P13_Seq2Trend,UNISIM_IV,Seq2Trend,0.09173553719008265,0.20578512396694215,0.5950413223140496
UNISIM_IV_P13_Seq2Trend_trial_132,P13,6c1276a382cb13be592d2e4ff8738308,132,5.196200301286312,0.1359108714104389,Seq2Trend,Normal,False,0.01,300,300,50,20,16,0.005,0.6,0.1,median,True,"[0.25, 0.5, 0.75]",False,P50,,False,42,1,combined_exp_arps,6,,default_group,UNISIM_IV_P13_Seq2Trend,UNISIM_IV,Seq2Trend,0.09173553719008265,0.20578512396694215,0.5950413223140496
UNISIM_IV_P13_Seq2Trend_trial_117,P13,d352d84fd478f0680a70f36fd2b084e2,117,5.196200301286312,0.1359108714104389,Seq2Trend,Normal,False,0.01,300,300,50,20,16,0.005,0.6,0.1,median,True,"[0.25, 0.5, 0.75]",False,P50,,False,42,1,combined_exp_arps,6,,default_group,UNISIM_IV_P13_Seq2Trend,UNISIM_IV,Seq2Trend,0.09173553719008265,0.20578512396694215,0.5950413223140496
UNISIM_IV_P13_Seq2Trend_trial_134,P13,70f6b29ee2cf1f64ddfdfc0bc0817e79,134,5.196200301286312,0.1359108714104389,Seq2Trend,Normal,False,0.01,300,300,50,20,16,0.005,0.6,0.1,median,True,"[0.25, 0.5, 0.75]",False,P50,,False,42,1,combined_exp_arps,6,,default_group,UNISIM_IV_P13_Seq2Trend,UNISIM_IV,Seq2Trend,0.09173553719008265,0.20578512396694215,0.5950413223140496
UNISIM_IV_P13_Seq2Trend_trial_109,P13,cb515e74b7571250f2662e9a41d50a8d,109,5.196200301286312,0.1359108714104389,Seq2Trend,Normal,False,0.01,300,300,50,20,16,0.005,0.6,0.1,median,True,"[0.25, 0.5, 0.75]",False,P50,,False,42,1,combined_exp_arps,6,,default_group,UNISIM_IV_P13_Seq2Trend,UNISIM_IV,Seq2Trend,0.09173553719008265,0.20578512396694215,0.5950413223140496
UNISIM_IV_P13_Seq2Trend_trial_100,P13,48a85a2b5d276ca34f9b9a2b4afdd3bd,100,5.196200301286312,0.1359108714104389,Seq2Trend,Normal,False,0.01,300,300,50,20,16,0.005,0.6,0.1,median,True,"[0.25, 0.5, 0.75]",False,P50,,False,42,1,combined_exp_arps,6,,default_group,UNISIM_IV_P13_Seq2Trend,UNISIM_IV,Seq2Trend,0.09173553719008265,0.20578512396694215,0.5950413223140496
UNISIM_IV_P13_Seq2Trend_trial_123,P13,2ff6c6a475e676a39f3cdf7ebd002709,123,5.196200301286312,0.1359108714104389,Seq2Trend,Normal,False,0.01,300,300,50,20,16,0.005,0.6,0.1,median,True,"[0.25, 0.5, 0.75]",False,P50,,False,42,1,combined_exp_arps,6,,default_group,UNISIM_IV_P13_Seq2Trend,UNISIM_IV,Seq2Trend,0.09173553719008265,0.20578512396694215,0.5950413223140496
UNISIM_IV_P13_Seq2Trend_trial_141,P13,de13148f21652613c4369c61ba5920e3,141,5.196200301286312,0.1359108714104389,Seq2Trend,Normal,False,0.01,300,300,50,20,16,0.005,0.6,0.1,median,True,"[0.25, 0.5, 0.75]",False,P50,,False,42,1,combined_exp_arps,6,,default_group,UNISIM_IV_P13_Seq2Trend,UNISIM_IV,Seq2Trend,0.09173553719008265,0.20578512396694215,0.5950413223140496
UNISIM_IV_P13_Seq2Trend_trial_133,P13,141ad38b322782b2179d2868d88f9567,133,5.196200301286312,0.1359108714104389,Seq2Trend,Normal,False,0.01,300,300,50,20,16,0.005,0.6,0.1,median,True,"[0.25, 0.5, 0.75]",False,P50,,False,42,1,combined_exp_arps,6,,default_group,UNISIM_IV_P13_Seq2Trend,UNISIM_IV,Seq2Trend,0.09173553719008265,0.20578512396694215,0.5950413223140496
UNISIM_IV_P13_Seq2Trend_trial_103,P13,f7f7f83b588c4c6f33cd5a78b59a1eac,103,5.196200301286312,0.1359108714104389,Seq2Trend,Normal,False,0.01,300,300,50,20,16,0.005,0.6,0.1,median,True,"[0.25, 0.5, 0.75]",False,P50,,False,42,1,combined_exp_arps,6,,default_group,UNISIM_IV_P13_Seq2Trend,UNISIM_IV,Seq2Trend,0.09173553719008265,0.20578512396694215,0.5950413223140496
UNISIM_IV_P13_Seq2Trend_trial_119,P13,ee512797dcb8a48d595b52454892e17a,119,5.196200301286312,0.1359108714104389,Seq2Trend,Normal,False,0.01,300,300,50,20,16,0.005,0.6,0.1,median,True,"[0.25, 0.5, 0.75]",False,P50,,False,42,1,combined_exp_arps,6,,default_group,UNISIM_IV_P13_Seq2Trend,UNISIM_IV,Seq2Trend,0.09173553719008265,0.20578512396694215,0.5950413223140496
UNISIM_IV_P13_Seq2Trend_trial_136,P13,9c3aabc06b828e4f8c41aa2274c7052a,136,5.196200301286312,0.1359108714104389,Seq2Trend,Normal,False,0.01,300,300,50,20,16,0.005,0.6,0.1,median,True,"[0.25, 0.5, 0.75]",False,P50,,False,42,1,combined_exp_arps,6,,default_group,UNISIM_IV_P13_Seq2Trend,UNISIM_IV,Seq2Trend,0.09173553719008265,0.20578512396694215,0.5950413223140496
UNISIM_IV_P13_Seq2Trend_trial_120,P13,db678890eb2644c1a896cf20f0219a48,120,5.196200301286312,0.1359108714104389,Seq2Trend,Normal,False,0.01,300,300,50,20,16,0.005,0.6,0.1,median,True,"[0.25, 0.5, 0.75]",False,P50,,False,42,1,combined_exp_arps,6,,default_group,UNISIM_IV_P13_Seq2Trend,UNISIM_IV,Seq2Trend,0.09173553719008265,0.20578512396694215,0.5950413223140496
UNISIM_IV_P13_Seq2Trend_trial_128,P13,82eceb9f3fed86bcadce6603d97d9185,128,5.196200301286312,0.1359108714104389,Seq2Trend,Normal,False,0.01,300,300,50,20,16,0.005,0.6,0.1,median,True,"[0.25, 0.5, 0.75]",False,P50,,False,42,1,combined_exp_arps,6,,default_group,UNISIM_IV_P13_Seq2Trend,UNISIM_IV,Seq2Trend,0.09173553719008265,0.20578512396694215,0.5950413223140496
UNISIM_IV_P13_Seq2Trend_trial_110,P13,c27b9f3077fc91b51554a8c7a20e0502,110,5.196200301286312,0.1359108714104389,Seq2Trend,Normal,False,0.01,300,300,50,20,16,0.005,0.6,0.1,median,True,"[0.25, 0.5, 0.75]",False,P50,,False,42,1,combined_exp_arps,6,,default_group,UNISIM_IV_P13_Seq2Trend,UNISIM_IV,Seq2Trend,0.09173553719008265,0.20578512396694215,0.5950413223140496
UNISIM_IV_P13_Seq2Trend_trial_147,P13,079ef95bd589629973f8272eba33d81f,147,5.196200301286312,0.1359108714104389,Seq2Trend,Normal,False,0.01,300,300,50,20,16,0.005,0.6,0.1,median,True,"[0.25, 0.5, 0.75]",False,P50,,False,42,1,combined_exp_arps,6,,default_group,UNISIM_IV_P13_Seq2Trend,UNISIM_IV,Seq2Trend,0.09173553719008265,0.20578512396694215,0.5950413223140496
UNISIM_IV_P13_Seq2Trend_trial_130,P13,89bf9e063c3ba2109c0557d71fdf311f,130,5.196200301286312,0.1359108714104389,Seq2Trend,Normal,False,0.01,300,300,50,20,16,0.005,0.6,0.1,median,True,"[0.25, 0.5, 0.75]",False,P50,,False,42,1,combined_exp_arps,6,,default_group,UNISIM_IV_P13_Seq2Trend,UNISIM_IV,Seq2Trend,0.09173553719008265,0.20578512396694215,0.5950413223140496
UNISIM_IV_P13_Seq2Trend_trial_106,P13,cbfefea3fae1d02935c7b0fce23bde69,106,5.196200301286312,0.1359108714104389,Seq2Trend,Normal,False,0.01,300,300,50,20,16,0.005,0.6,0.1,median,True,"[0.25, 0.5, 0.75]",False,P50,,False,42,1,combined_exp_arps,6,,default_group,UNISIM_IV_P13_Seq2Trend,UNISIM_IV,Seq2Trend,0.09173553719008265,0.20578512396694215,0.5950413223140496
UNISIM_IV_P13_Seq2Trend_trial_102,P13,2310be1352bb050bab97561fefa4f9c8,102,5.196200301286312,0.1359108714104389,Seq2Trend,Normal,False,0.01,300,300,50,20,16,0.005,0.6,0.1,median,True,"[0.25, 0.5, 0.75]",False,P50,,False,42,1,combined_exp_arps,6,,default_group,UNISIM_IV_P13_Seq2Trend,UNISIM_IV,Seq2Trend,0.09173553719008265,0.20578512396694215,0.5950413223140496
UNISIM_IV_P13_Seq2Trend_trial_126,P13,73d57674cd0e990a822a9ad05fcec4d7,126,5.196200301286312,0.1359108714104389,Seq2Trend,Normal,False,0.01,300,300,50,20,16,0.005,0.6,0.1,median,True,"[0.25, 0.5, 0.75]",False,P50,,False,42,1,combined_exp_arps,6,,default_group,UNISIM_IV_P13_Seq2Trend,UNISIM_IV,Seq2Trend,0.09173553719008265,0.20578512396694215,0.5950413223140496
UNISIM_IV_P13_Seq2Trend_trial_101,P13,ee4db034ea70169546096a0ad3be5179,101,5.196200301286312,0.1359108714104389,Seq2Trend,Normal,False,0.01,300,300,50,20,16,0.005,0.6,0.1,median,True,"[0.25, 0.5, 0.75]",False,P50,,False,42,1,combined_exp_arps,6,,default_group,UNISIM_IV_P13_Seq2Trend,UNISIM_IV,Seq2Trend,0.09173553719008265,0.20578512396694215,0.5950413223140496
UNISIM_IV_P13_Seq2Trend_trial_125,P13,480b5b38fb1a38e5adb7c54ad84b3c3d,125,5.196200301286312,0.1359108714104389,Seq2Trend,Normal,False,0.01,300,300,50,20,16,0.005,0.6,0.1,median,True,"[0.25, 0.5, 0.75]",False,P50,,False,42,1,combined_exp_arps,6,,default_group,UNISIM_IV_P13_Seq2Trend,UNISIM_IV,Seq2Trend,0.09173553719008265,0.20578512396694215,0.5950413223140496
UNISIM_IV_P14_Seq2Trend_trial_82,P14,eb9f99c187cae421256e4d53234fef9d,82,19.598763762525927,4.2054720559110965,Seq2Trend,Normal,False,0.99,300,300,20,20,16,0.01,0.6,0.1,median,True,"[0.25, 0.5, 0.75]",False,P50,,False,42,1,exponential,2,,default_group,UNISIM_IV_P14_Seq2Trend,UNISIM_IV,Seq2Trend,0.9148760330578513,0.9198347107438016,3.669421487603306
UNISIM_IV_P14_Seq2Trend_trial_69,P14,55cc6eea28a60c7da83367b413e9f4df,69,28.821321629037715,6.0287906262714825,Seq2Trend,Normal,False,0.25,300,300,100,20,16,0.05,0.6,0.1,median,True,"[0.25, 0.5, 0.75]",False,P50,,False,42,1,pressure_ensemble,4,,default_group,UNISIM_IV_P14_Seq2Trend,UNISIM_IV,Seq2Trend,0.9826446280991735,0.9851239669421488,3.935537190082645
UNISIM_IV_P14_Seq2Trend_trial_23,P14,0b4f2002783ecfc32d5599203f81e22a,23,7.61761993491632,0.9195017649150368,Seq2Trend,Normal,False,0.01,300,300,20,20,16,0.001,0.6,0.1,median,True,"[0.25, 0.5, 0.75]",False,P50,,False,42,1,arps,2,,default_group,UNISIM_IV_P14_Seq2Trend,UNISIM_IV,Seq2Trend,0.6628099173553719,0.7206611570247934,2.7669421487603305
UNISIM_IV_P14_Seq2Trend_trial_25,P14,474070460f2d07a6559a96357c79fc6f,25,7.802741585637555,1.2193555264979783,Seq2Trend,Normal,False,0.01,300,300,100,20,16,0.05,0.6,0.1,median,True,"[0.25, 0.5, 0.75]",False,P50,,False,42,1,combined_exp_arps,7,,default_group,UNISIM_IV_P14_Seq2Trend,UNISIM_IV,Seq2Trend,0.724793388429752,0.7487603305785124,2.9471074380165287
UNISIM_IV_P14_Seq2Trend_trial_94,P14,1e557b16b9ebd7f50b6733be9d644a6d,94,15.121998884698623,3.2468242416510287,Seq2Trend,Normal,False,0.99,300,300,50,20,16,0.005,0.6,0.1,median,True,"[0.25, 0.5, 0.75]",False,P50,,False,42,1,combined_exp_arps,8,,default_group,UNISIM_IV_P14_Seq2Trend,UNISIM_IV,Seq2Trend,0.8900826446280992,0.8909090909090909,3.56198347107438
UNISIM_IV_P14_Seq2Trend_trial_45,P14,10d9697866dbafb538a1979ffd6d5252,45,13.374534464131058,2.7869193881304333,Seq2Trend,Normal,False,0.25,300,300,20,20,16,0.005,0.6,0.1,median,True,"[0.25, 0.5, 0.75]",False,P50,,False,42,1,exponential,2,,default_group,UNISIM_IV_P14_Seq2Trend,UNISIM_IV,Seq2Trend,0.8198347107438017,0.8735537190082645,3.386776859504132
UNISIM_IV_P14_Seq2Trend_trial_44,P14,9f297c24620f5a12baecd5cb0cda60c7,44,13.59311139962884,2.825745363773419,Seq2Trend,Normal,False,0.5,300,300,50,20,16,0.005,0.6,0.1,median,True,"[0.25, 0.5, 0.75]",False,P50,,False,42,1,combined_exp_arps,4,,default_group,UNISIM_IV_P14_Seq2Trend,UNISIM_IV,Seq2Trend,0.8231404958677686,0.8752066115702479,3.396694214876033
UNISIM_IV_P14_Seq2Trend_trial_47,P14,f7762024092bdc69148b4a084b32e595,47,18.46451385829852,4.118098103020031,Seq2Trend,Normal,False,0.01,300,300,50,20,8,0.01,0.6,0.1,median,True,"[0.25, 0.5, 0.75]",False,P50,,False,42,1,pressure_ensemble,5,,default_group,UNISIM_IV_P14_Seq2Trend,UNISIM_IV,Seq2Trend,0.9115702479338843,0.9132231404958677,3.649586776859504
UNISIM_IV_P14_Seq2Trend_trial_17,P14,e63fefb0d18820af3156bb8dda354bc6,17,9.013814855115882,2.0043446016428543,Seq2Trend,Normal,False,0.01,300,300,50,20,16,0.005,0.6,0.1,median,True,"[0.25, 0.5, 0.75]",False,P50,,False,42,1,combined_exp_arps,3,,default_group,UNISIM_IV_P14_Seq2Trend,UNISIM_IV,Seq2Trend,0.7805785123966942,0.7822314049586777,3.1256198347107436
UNISIM_IV_P14_Seq2Trend_trial_64,P14,d08b6b6cb07f70e00343defa3be9a644,64,34.89303704634828,7.220201928077863,Seq2Trend,Normal,False,0.99,300,300,50,20,16,0.05,0.6,0.1,median,True,"[0.25, 0.5, 0.75]",False,P50,,False,42,1,static,2,,default_group,UNISIM_IV_P14_Seq2Trend,UNISIM_IV,Seq2Trend,0.9884297520661157,0.9892561983471074,3.9553719008264463
UNISIM_IV_P14_Seq2Trend_trial_86,P14,a43770352b327120b51c637544dbda7b,86,19.68078065071794,4.183611583266815,Seq2Trend,Normal,False,0.25,300,300,100,20,8,0.01,0.6,0.1,median,True,"[0.25, 0.5, 0.75]",False,P50,,False,42,1,static,4,,default_group,UNISIM_IV_P14_Seq2Trend,UNISIM_IV,Seq2Trend,0.9140495867768595,0.9206611570247933,3.669421487603306
UNISIM_IV_P14_Seq2Trend_trial_81,P14,64087341575e31236a846dca1bca1e90,81,16.074234688401095,3.6810704454880367,Seq2Trend,Normal,False,0.01,300,300,50,20,8,0.005,0.6,0.1,median,True,"[0.25, 0.5, 0.75]",False,P50,,False,42,1,exponential,8,,default_group,UNISIM_IV_P14_Seq2Trend,UNISIM_IV,Seq2Trend,0.8966942148760331,0.8991735537190083,3.5917355371900825
UNISIM_IV_P14_Seq2Trend_trial_18,P14,7c28d5feecaa02ed8e2801ba2060d60b,18,18.21317637197985,3.794399045750153,Seq2Trend,Normal,False,0.5,300,300,50,20,16,0.05,0.6,0.1,median,True,"[0.25, 0.5, 0.75]",False,P50,,False,42,1,arps,8,,default_group,UNISIM_IV_P14_Seq2Trend,UNISIM_IV,Seq2Trend,0.9024793388429752,0.9099173553719008,3.624793388429752
UNISIM_IV_P14_Seq2Trend_trial_5,P14,87f2ee7e61288f3d9d315873cc8aaf06,5,15.706588531020484,3.284249998301038,Seq2Trend,Normal,False,0.5,300,300,50,20,16,0.01,0.6,0.1,median,True,"[0.25, 0.5, 0.75]",False,P50,,False,42,1,static,2,,default_group,UNISIM_IV_P14_Seq2Trend,UNISIM_IV,Seq2Trend,0.8909090909090909,0.8966942148760331,3.575206611570248
UNISIM_IV_P14_Seq2Trend_trial_49,P14,1769334ebdc8579d12f19eac8bd1a60e,49,20.27229295991597,4.319940630301597,Seq2Trend,Normal,False,0.25,300,300,50,20,16,0.05,0.6,0.1,median,True,"[0.25, 0.5, 0.75]",False,P50,,False,42,1,pressure_ensemble,4,,default_group,UNISIM_IV_P14_Seq2Trend,UNISIM_IV,Seq2Trend,0.9173553719008265,0.9256198347107438,3.6859504132231407
UNISIM_IV_P14_Seq2Trend_trial_78,P14,7a3b8f99cc0e0c19e2c7905aaba03bd6,78,17.739036092361008,3.776790216881031,Seq2Trend,Normal,False,0.5,300,300,50,20,8,0.01,0.6,0.1,median,True,"[0.25, 0.5, 0.75]",False,P50,,False,42,1,static,7,,default_group,UNISIM_IV_P14_Seq2Trend,UNISIM_IV,Seq2Trend,0.9016528925619834,0.9090909090909091,3.621487603305785
UNISIM_IV_P14_Seq2Trend_trial_95,P14,315a599966d2bd9939e1b7abd7f29253,95,19.394843097527215,4.110630614734183,Seq2Trend,Normal,False,0.25,300,300,200,20,16,0.01,0.6,0.1,median,True,"[0.25, 0.5, 0.75]",False,P50,,False,42,1,static,2,,default_group,UNISIM_IV_P14_Seq2Trend,UNISIM_IV,Seq2Trend,0.9107438016528926,0.9181818181818182,3.6578512396694216
UNISIM_IV_P14_Seq2Trend_trial_1,P14,ed38636529e5781aa450b3009617b652,1,13.690804725606805,2.811600872518749,Seq2Trend,Normal,False,0.25,300,300,20,20,16,0.05,0.6,0.1,median,True,"[0.25, 0.5, 0.75]",False,P50,,False,42,1,exponential,8,,default_group,UNISIM_IV_P14_Seq2Trend,UNISIM_IV,Seq2Trend,0.8223140495867769,0.8768595041322315,3.398347107438017
UNISIM_IV_P14_Seq2Trend_trial_9,P14,efabca35aa4d24de2175c2b424c216bf,9,12.825484885098524,2.620531728642667,Seq2Trend,Normal,False,0.25,300,300,50,20,8,0.001,0.6,0.1,median,True,"[0.25, 0.5, 0.75]",False,P50,,False,42,1,exponential,8,,default_group,UNISIM_IV_P14_Seq2Trend,UNISIM_IV,Seq2Trend,0.8115702479338843,0.8669421487603306,3.3570247933884296
UNISIM_IV_P14_Seq2Trend_trial_83,P14,a64f258d391ab5b1371003e20ab51149,83,13.182382716277688,2.7541808736597515,Seq2Trend,Normal,False,0.5,300,300,100,20,16,0.001,0.6,0.1,median,True,"[0.25, 0.5, 0.75]",False,P50,,False,42,1,static,8,,default_group,UNISIM_IV_P14_Seq2Trend,UNISIM_IV,Seq2Trend,0.8181818181818182,0.8727272727272727,3.381818181818182
UNISIM_IV_P14_Seq2Trend_trial_6,P14,c5bb6553ff0a28f45fc9ba4a8416cfd9,6,16.92686780387281,3.772067052307999,Seq2Trend,Normal,False,0.01,300,300,100,20,8,0.005,0.6,0.1,median,True,"[0.25, 0.5, 0.75]",False,P50,,False,42,1,combined_exp_arps,2,,default_group,UNISIM_IV_P14_Seq2Trend,UNISIM_IV,Seq2Trend,0.9008264462809917,0.9041322314049587,3.609917355371901
UNISIM_IV_P14_Seq2Trend_trial_73,P14,44ecc61329c4629465735cbcf1669b60,73,13.996587709542096,2.925014600224324,Seq2Trend,Normal,False,0.5,300,300,20,20,16,0.005,0.6,0.1,median,True,"[0.25, 0.5, 0.75]",False,P50,,False,42,1,static,3,,default_group,UNISIM_IV_P14_Seq2Trend,UNISIM_IV,Seq2Trend,0.8289256198347107,0.8801652892561983,3.418181818181818
UNISIM_IV_P14_Seq2Trend_trial_3,P14,85e8b8335f1468ca1de30f35cc631e06,3,7.673908461334776,1.1244220303307857,Seq2Trend,Normal,False,0.01,300,300,20,20,16,0.005,0.6,0.1,median,True,"[0.25, 0.5, 0.75]",False,P50,,False,42,1,combined_exp_arps,2,,default_group,UNISIM_IV_P14_Seq2Trend,UNISIM_IV,Seq2Trend,0.7181818181818181,0.7462809917355372,2.9289256198347107
UNISIM_IV_P14_Seq2Trend_trial_40,P14,4a39f59ddcf40bb4c3d9eff2e05b9926,40,42.74015427607753,8.694474616139857,Seq2Trend,Normal,False,0.25,300,300,200,20,8,0.05,0.6,0.1,median,True,"[0.25, 0.5, 0.75]",False,P50,,False,42,1,arps,8,,default_group,UNISIM_IV_P14_Seq2Trend,UNISIM_IV,Seq2Trend,0.9925619834710744,0.9925619834710744,3.9702479338842975
UNISIM_IV_P14_Seq2Trend_trial_67,P14,05d4e4bfa876c84a3e5441d4b5b47cf1,67,18.625679355915413,3.973089029998913,Seq2Trend,Normal,False,0.99,300,300,200,20,8,0.001,0.6,0.1,median,True,"[0.25, 0.5, 0.75]",False,P50,,False,42,1,exponential,8,,default_group,UNISIM_IV_P14_Seq2Trend,UNISIM_IV,Seq2Trend,0.9066115702479339,0.9165289256198347,3.646280991735537
UNISIM_IV_P14_Seq2Trend_trial_77,P14,47fcd455d53a39f762fe4fed032b7f4a,77,24.286199630770035,5.112755104230058,Seq2Trend,Normal,False,0.5,300,300,50,20,8,0.05,0.6,0.1,median,True,"[0.25, 0.5, 0.75]",False,P50,,False,42,1,exponential,6,,default_group,UNISIM_IV_P14_Seq2Trend,UNISIM_IV,Seq2Trend,0.9760330578512396,0.9776859504132231,3.9074380165289258
UNISIM_IV_P14_Seq2Trend_trial_58,P14,ef7ed63d6bee48d4140371a39104ff4b,58,100.24407358740606,17.86328976139603,Seq2Trend,Normal,False,0.99,300,300,50,20,8,0.05,0.6,0.1,median,True,"[0.25, 0.5, 0.75]",False,P50,,False,42,1,static,8,,default_group,UNISIM_IV_P14_Seq2Trend,UNISIM_IV,Seq2Trend,1.0,1.0,4.0
UNISIM_IV_P14_Seq2Trend_trial_51,P14,fdded65d2ea892d9a85a9357c44d31a5,51,14.242867803633835,3.041986936532752,Seq2Trend,Normal,False,0.5,300,300,100,20,16,0.005,0.6,0.1,median,True,"[0.25, 0.5, 0.75]",False,P50,,False,42,1,combined_exp_arps,8,,default_group,UNISIM_IV_P14_Seq2Trend,UNISIM_IV,Seq2Trend,0.8363636363636363,0.8842975206611571,3.4413223140495868
UNISIM_IV_P14_Seq2Trend_trial_96,P14,20a1bb041a44c619525085beb361a23c,96,16.213781549951435,3.4485406417464155,Seq2Trend,Normal,False,0.99,300,300,100,20,16,0.005,0.6,0.1,median,True,"[0.25, 0.5, 0.75]",False,P50,,False,42,1,static,2,,default_group,UNISIM_IV_P14_Seq2Trend,UNISIM_IV,Seq2Trend,0.8917355371900827,0.9,3.5834710743801654
UNISIM_IV_P14_Seq2Trend_trial_53,P14,6ac1c01d4e1463c51706f4fca640d1ee,53,16.844031538299443,3.539551607233483,Seq2Trend,Normal,False,0.99,300,300,200,20,8,0.001,0.6,0.1,median,True,"[0.25, 0.5, 0.75]",False,P50,,False,42,1,pressure_ensemble,3,,default_group,UNISIM_IV_P14_Seq2Trend,UNISIM_IV,Seq2Trend,0.8925619834710744,0.903305785123967,3.5917355371900825
UNISIM_IV_P14_Seq2Trend_trial_8,P14,a5db69255a96f12eb410e7a621ffbf5d,8,35.12415128380011,7.315090838506223,Seq2Trend,Normal,False,0.99,300,300,200,20,8,0.005,0.6,0.1,median,True,"[0.25, 0.5, 0.75]",False,P50,,False,42,1,static,5,,default_group,UNISIM_IV_P14_Seq2Trend,UNISIM_IV,Seq2Trend,0.9900826446280991,0.9900826446280991,3.9603305785123966
UNISIM_IV_P14_Seq2Trend_trial_74,P14,a8d5a267124dbca23fcb97b077bbaa70,74,11.083726700349096,1.9360669908623416,Seq2Trend,Normal,False,0.99,300,300,20,20,8,0.001,0.6,0.1,median,True,"[0.25, 0.5, 0.75]",False,P50,,False,42,1,combined_exp_arps,5,,default_group,UNISIM_IV_P14_Seq2Trend,UNISIM_IV,Seq2Trend,0.7743801652892562,0.8041322314049587,3.15702479338843
UNISIM_IV_P14_Seq2Trend_trial_7,P14,ca6f341e2ef5e905bc5a7f40e4d235c8,7,20.530292953301803,4.406938974313573,Seq2Trend,Normal,False,0.5,300,300,200,20,8,0.005,0.6,0.1,median,True,"[0.25, 0.5, 0.75]",False,P50,,False,42,1,arps,6,,default_group,UNISIM_IV_P14_Seq2Trend,UNISIM_IV,Seq2Trend,0.9202479338842975,0.9276859504132231,3.695867768595041
UNISIM_IV_P14_Seq2Trend_trial_70,P14,36a2f3e18781ce05c1f4ab0ba1ce0101,70,15.227010750627088,3.1807225347174604,Seq2Trend,Normal,False,0.25,300,300,20,20,16,0.001,0.6,0.1,median,True,"[0.25, 0.5, 0.75]",False,P50,,False,42,1,exponential,3,,default_group,UNISIM_IV_P14_Seq2Trend,UNISIM_IV,Seq2Trend,0.8859504132231405,0.8925619834710744,3.55702479338843
UNISIM_IV_P14_Seq2Trend_trial_4,P14,d85483b10f0f9400a27ae76791a31c37,4,26.77319910919509,5.642336092249415,Seq2Trend,Normal,False,0.25,300,300,200,20,8,0.01,0.6,0.1,median,True,"[0.25, 0.5, 0.75]",False,P50,,False,42,1,exponential,7,,default_group,UNISIM_IV_P14_Seq2Trend,UNISIM_IV,Seq2Trend,0.9809917355371901,0.9818181818181818,3.925619834710744
UNISIM_IV_P14_Seq2Trend_trial_27,P14,381efef2ece477dc819e4ccd57e7bce3,27,12.511078822163086,2.5998101633005906,Seq2Trend,Normal,False,0.25,300,300,50,20,16,0.005,0.6,0.1,median,True,"[0.25, 0.5, 0.75]",False,P50,,False,42,1,arps,4,,default_group,UNISIM_IV_P14_Seq2Trend,UNISIM_IV,Seq2Trend,0.8107438016528926,0.8190082644628099,3.259504132231405
UNISIM_IV_P14_Seq2Trend_trial_14,P14,f714caaf8f9d8b834e28fdb97f2fa29c,14,43.77482938257279,8.902084786835076,Seq2Trend,Normal,False,0.99,300,300,100,20,16,0.05,0.6,0.1,median,True,"[0.25, 0.5, 0.75]",False,P50,,False,42,1,combined_exp_arps,8,,default_group,UNISIM_IV_P14_Seq2Trend,UNISIM_IV,Seq2Trend,0.993801652892562,0.9946280991735538,3.976859504132231
UNISIM_IV_P14_Seq2Trend_trial_91,P14,4ccad3672d0d3acd938745fb8c2fd408,91,20.1931428836226,4.450162143578051,Seq2Trend,Normal,False,0.01,300,300,200,20,16,0.01,0.6,0.1,median,True,"[0.25, 0.5, 0.75]",False,P50,,False,42,1,arps,5,,default_group,UNISIM_IV_P14_Seq2Trend,UNISIM_IV,Seq2Trend,0.9214876033057852,0.9247933884297521,3.692561983471075
UNISIM_IV_P14_Seq2Trend_trial_71,P14,7cf0a83bf92331c38a471a652723da8a,71,31.283443706292484,6.565409591214433,Seq2Trend,Normal,False,0.5,300,300,200,20,8,0.01,0.6,0.1,median,True,"[0.25, 0.5, 0.75]",False,P50,,False,42,1,pressure_ensemble,8,,default_group,UNISIM_IV_P14_Seq2Trend,UNISIM_IV,Seq2Trend,0.9867768595041322,0.987603305785124,3.948760330578512
UNISIM_IV_P14_Seq2Trend_trial_55,P14,e50253f7b632bfa88546885ca4551003,55,48.05213001604755,9.77193765881398,Seq2Trend,Normal,False,0.99,300,300,200,20,16,0.05,0.6,0.1,median,True,"[0.25, 0.5, 0.75]",False,P50,,False,42,1,exponential,4,,default_group,UNISIM_IV_P14_Seq2Trend,UNISIM_IV,Seq2Trend,0.9950413223140496,0.9958677685950413,3.981818181818182
UNISIM_IV_P14_Seq2Trend_trial_62,P14,e40b907ecbed23715088010d92c9b697,62,20.530292953301803,4.406938974313573,Seq2Trend,Normal,False,0.5,300,300,200,20,8,0.005,0.6,0.1,median,True,"[0.25, 0.5, 0.75]",False,P50,,False,42,1,arps,6,,default_group,UNISIM_IV_P14_Seq2Trend,UNISIM_IV,Seq2Trend,0.9202479338842975,0.9276859504132231,3.695867768595041
UNISIM_IV_P14_Seq2Trend_trial_33,P14,a629f56d766cda3c2a3327a13309b47b,33,14.18608712011746,2.9797328365248523,Seq2Trend,Normal,False,0.25,300,300,50,20,16,0.01,0.6,0.1,median,True,"[0.25, 0.5, 0.75]",False,P50,,False,42,1,pressure_ensemble,2,,default_group,UNISIM_IV_P14_Seq2Trend,UNISIM_IV,Seq2Trend,0.8322314049586776,0.8818181818181818,3.428099173553719
UNISIM_IV_P14_Seq2Trend_trial_12,P14,65957c23e699771f32a2befc47b7a8e3,12,21.87197975393236,4.608101703741098,Seq2Trend,Normal,False,0.99,300,300,50,20,8,0.005,0.6,0.1,median,True,"[0.25, 0.5, 0.75]",False,P50,,False,42,1,combined_exp_arps,7,,default_group,UNISIM_IV_P14_Seq2Trend,UNISIM_IV,Seq2Trend,0.9495867768595041,0.952892561983471,3.80495867768595
UNISIM_IV_P14_Seq2Trend_trial_20,P14,63fe2d5d91eae870e6b69a24db633976,20,35.249954957157854,7.314050585451076,Seq2Trend,Normal,False,0.5,300,300,100,20,16,0.05,0.6,0.1,median,True,"[0.25, 0.5, 0.75]",False,P50,,False,42,1,pressure_ensemble,5,,default_group,UNISIM_IV_P14_Seq2Trend,UNISIM_IV,Seq2Trend,0.9892561983471074,0.990909090909091,3.960330578512397
UNISIM_IV_P14_Seq2Trend_trial_88,P14,78ff8421375027c7b583dbb74c732642,88,13.723125499010658,2.8595311488583985,Seq2Trend,Normal,False,0.25,300,300,50,20,16,0.01,0.6,0.1,median,True,"[0.25, 0.5, 0.75]",False,P50,,False,42,1,arps,5,,default_group,UNISIM_IV_P14_Seq2Trend,UNISIM_IV,Seq2Trend,0.8256198347107438,0.8776859504132232,3.406611570247934
UNISIM_IV_P14_Seq2Trend_trial_60,P14,ea6a6297e0a9e21571daa17c100470d4,60,20.65436749262719,4.459051539139358,Seq2Trend,Normal,False,0.01,300,300,100,20,8,0.01,0.6,0.1,median,True,"[0.25, 0.5, 0.75]",False,P50,,False,42,1,pressure_ensemble,3,,default_group,UNISIM_IV_P14_Seq2Trend,UNISIM_IV,Seq2Trend,0.9239669421487603,0.9297520661157025,3.7074380165289256
UNISIM_IV_P14_Seq2Trend_trial_2,P14,4e1f289741cc26d812066eddd2b42630,2,21.499382897295156,4.648655144876423,Seq2Trend,Normal,False,0.01,300,300,200,20,8,0.01,0.6,0.1,median,True,"[0.25, 0.5, 0.75]",False,P50,,False,42,1,static,6,,default_group,UNISIM_IV_P14_Seq2Trend,UNISIM_IV,Seq2Trend,0.9710743801652892,0.9314049586776859,3.80495867768595
UNISIM_IV_P14_Seq2Trend_trial_50,P14,bac8f2a678348d9f4f058877a9b384e6,50,19.80939820989129,4.154363209096896,Seq2Trend,Normal,False,0.01,300,300,50,20,16,0.05,0.6,0.1,median,True,"[0.25, 0.5, 0.75]",False,P50,,False,42,1,combined_exp_arps,2,,default_group,UNISIM_IV_P14_Seq2Trend,UNISIM_IV,Seq2Trend,0.9128099173553719,0.921900826446281,3.669421487603306
UNISIM_IV_P14_Seq2Trend_trial_54,P14,2f30df58bc113f8d607dcb14b563061f,54,14.229937506416729,2.9473720615489643,Seq2Trend,Normal,False,0.25,300,300,100,20,16,0.005,0.6,0.1,median,True,"[0.25, 0.5, 0.75]",False,P50,,False,42,1,combined_exp_arps,6,,default_group,UNISIM_IV_P14_Seq2Trend,UNISIM_IV,Seq2Trend,0.8297520661157025,0.8834710743801653,3.4264462809917355
UNISIM_IV_P14_Seq2Trend_trial_61,P14,43ccd2281a2c78f30b1de9274293125d,61,6.622031704077519,1.3117884836971354,Seq2Trend,Normal,False,0.01,300,300,20,20,8,0.005,0.6,0.1,median,True,"[0.25, 0.5, 0.75]",False,P50,,False,42,1,static,7,,default_group,UNISIM_IV_P14_Seq2Trend,UNISIM_IV,Seq2Trend,0.7363636363636363,0.6462809917355372,2.765289256198347
UNISIM_IV_P14_Seq2Trend_trial_99,P14,56fe6f446ee1d0fed2fad6f30aa354ed,99,14.374359455094629,3.0855577466418627,Seq2Trend,Normal,False,0.01,300,300,20,20,8,0.01,0.6,0.1,median,True,"[0.25, 0.5, 0.75]",False,P50,,False,42,1,static,5,,default_group,UNISIM_IV_P14_Seq2Trend,UNISIM_IV,Seq2Trend,0.8388429752066116,0.8851239669421488,3.4479338842975205
UNISIM_IV_P14_Seq2Trend_trial_65,P14,19799645683d33627aeb796c869b8a78,65,10.032067884563109,2.3664313576163183,Seq2Trend,Normal,False,0.01,300,300,100,20,8,0.001,0.6,0.1,median,True,"[0.25, 0.5, 0.75]",False,P50,,False,42,1,combined_exp_arps,3,,default_group,UNISIM_IV_P14_Seq2Trend,UNISIM_IV,Seq2Trend,0.8,0.7950413223140496,3.190082644628099
UNISIM_IV_P14_Seq2Trend_trial_38,P14,a4bde9ba90031922305f073f58b7545e,38,13.599114259742157,2.7987739105571285,Seq2Trend,Normal,False,0.5,300,300,50,20,16,0.005,0.6,0.1,median,True,"[0.25, 0.5, 0.75]",False,P50,,False,42,1,arps,5,,default_group,UNISIM_IV_P14_Seq2Trend,UNISIM_IV,Seq2Trend,0.8214876033057851,0.8760330578512396,3.395041322314049
UNISIM_IV_P14_Seq2Trend_trial_89,P14,242c5d60588812ef5ef15dc5eaa63a76,89,27.71199594615408,5.832276996427415,Seq2Trend,Normal,False,0.25,300,300,100,20,16,0.05,0.6,0.1,median,True,"[0.25, 0.5, 0.75]",False,P50,,False,42,1,arps,7,,default_group,UNISIM_IV_P14_Seq2Trend,UNISIM_IV,Seq2Trend,0.9818181818181818,0.9834710743801653,3.9305785123966945
UNISIM_IV_P14_Seq2Trend_trial_66,P14,bf3eccc0d914a122f948fa759ea00938,66,8.607504175288252,2.0366567812457106,Seq2Trend,Normal,False,0.01,300,300,200,20,16,0.001,0.6,0.1,median,True,"[0.25, 0.5, 0.75]",False,P50,,False,42,1,static,7,,default_group,UNISIM_IV_P14_Seq2Trend,UNISIM_IV,Seq2Trend,0.7851239669421488,0.7727272727272727,3.115702479338843
UNISIM_IV_P14_Seq2Trend_trial_48,P14,07d682f7252bba7603532d97d88de79e,48,15.058753431712743,3.1474212042944165,Seq2Trend,Normal,False,0.5,300,300,20,20,8,0.01,0.6,0.1,median,True,"[0.25, 0.5, 0.75]",False,P50,,False,42,1,exponential,2,,default_group,UNISIM_IV_P14_Seq2Trend,UNISIM_IV,Seq2Trend,0.8826446280991735,0.8900826446280992,3.5454545454545454
UNISIM_IV_P14_Seq2Trend_trial_16,P14,b8a6ea1d22fd881f5357c4c6dfcba2fa,16,19.916790283719628,4.222416856949455,Seq2Trend,Normal,False,0.5,300,300,20,20,16,0.05,0.6,0.1,median,True,"[0.25, 0.5, 0.75]",False,P50,,False,42,1,combined_exp_arps,3,,default_group,UNISIM_IV_P14_Seq2Trend,UNISIM_IV,Seq2Trend,0.9165289256198347,0.9231404958677686,3.6793388429752065
UNISIM_IV_P14_Seq2Trend_trial_98,P14,4f1fe08bdfa220298ed2d27a2574b5f9,98,12.122013385094744,2.4915443592677065,Seq2Trend,Normal,False,0.25,300,300,200,20,16,0.001,0.6,0.1,median,True,"[0.25, 0.5, 0.75]",False,P50,,False,42,1,static,2,,default_group,UNISIM_IV_P14_Seq2Trend,UNISIM_IV,Seq2Trend,0.8070247933884298,0.8161157024793388,3.2462809917355373
UNISIM_IV_P14_Seq2Trend_trial_85,P14,c00469685bf86307b4485b00213997bf,85,17.332136908823802,3.60773106239561,Seq2Trend,Normal,False,0.25,300,300,20,20,16,0.05,0.6,0.1,median,True,"[0.25, 0.5, 0.75]",False,P50,,False,42,1,static,4,,default_group,UNISIM_IV_P14_Seq2Trend,UNISIM_IV,Seq2Trend,0.8942148760330578,0.9066115702479339,3.6016528925619835
UNISIM_IV_P14_Seq2Trend_trial_34,P14,c0270bc03d665e03df02f2902062f3a4,34,26.237661613694424,5.527316623386136,Seq2Trend,Normal,False,0.25,300,300,50,20,16,0.05,0.6,0.1,median,True,"[0.25, 0.5, 0.75]",False,P50,,False,42,1,static,2,,default_group,UNISIM_IV_P14_Seq2Trend,UNISIM_IV,Seq2Trend,0.9785123966942149,0.9809917355371901,3.9190082644628097
UNISIM_IV_P14_Seq2Trend_trial_79,P14,d6b8e5de02641ca60e50c9bd9cea1ce5,79,17.22842250957687,3.624376307545306,Seq2Trend,Normal,False,0.5,300,300,20,20,16,0.05,0.6,0.1,median,True,"[0.25, 0.5, 0.75]",False,P50,,False,42,1,static,7,,default_group,UNISIM_IV_P14_Seq2Trend,UNISIM_IV,Seq2Trend,0.8950413223140495,0.9057851239669421,3.601652892561983
UNISIM_IV_P14_Seq2Trend_trial_80,P14,20bfb14c85e371cb4558c5d638eb6952,80,13.93009309757941,2.889948719593152,Seq2Trend,Normal,False,0.25,300,300,50,20,16,0.005,0.6,0.1,median,True,"[0.25, 0.5, 0.75]",False,P50,,False,42,1,exponential,3,,default_group,UNISIM_IV_P14_Seq2Trend,UNISIM_IV,Seq2Trend,0.8264462809917356,0.8793388429752066,3.4115702479338843
UNISIM_IV_P14_Seq2Trend_trial_29,P14,130912e948cc09e647ff525094131250,29,5.5739448722674565,0.6240176964438855,Seq2Trend,Normal,False,0.01,300,300,20,20,16,0.01,0.6,0.1,median,True,"[0.25, 0.5, 0.75]",False,P50,,False,42,1,combined_exp_arps,5,,default_group,UNISIM_IV_P14_Seq2Trend,UNISIM_IV,Seq2Trend,0.42727272727272725,0.2735537190082645,1.4016528925619833
UNISIM_IV_P14_Seq2Trend_trial_21,P14,f1dfcffb12a1ac86e1d28e58892a2369,21,17.444573820165367,3.763428121993822,Seq2Trend,Normal,False,0.99,300,300,200,20,8,0.001,0.6,0.1,median,True,"[0.25, 0.5, 0.75]",False,P50,,False,42,1,combined_exp_arps,7,,default_group,UNISIM_IV_P14_Seq2Trend,UNISIM_IV,Seq2Trend,0.9,0.9074380165289256,3.6148760330578513
UNISIM_IV_P14_Seq2Trend_trial_31,P14,2cf323eb4e794c2e3326788aff5ee24b,31,13.081648182577558,2.685311732117551,Seq2Trend,Normal,False,0.25,300,300,50,20,16,0.001,0.6,0.1,median,True,"[0.25, 0.5, 0.75]",False,P50,,False,42,1,combined_exp_arps,8,,default_group,UNISIM_IV_P14_Seq2Trend,UNISIM_IV,Seq2Trend,0.8132231404958677,0.8710743801652893,3.368595041322314
UNISIM_IV_P14_Seq2Trend_trial_76,P14,b35bb4ccf3f50dbbed433b244d8720a4,76,10.251775243255585,2.037200017808243,Seq2Trend,Normal,False,0.99,300,300,20,20,16,0.005,0.6,0.1,median,True,"[0.25, 0.5, 0.75]",False,P50,,False,42,1,arps,4,,default_group,UNISIM_IV_P14_Seq2Trend,UNISIM_IV,Seq2Trend,0.7859504132231405,0.7991735537190082,3.1702479338842977
UNISIM_IV_P14_Seq2Trend_trial_87,P14,fe64cc7c828241ef88671e6d870f4956,87,43.77482938257279,8.902084786835076,Seq2Trend,Normal,False,0.99,300,300,100,20,16,0.05,0.6,0.1,median,True,"[0.25, 0.5, 0.75]",False,P50,,False,42,1,combined_exp_arps,6,,default_group,UNISIM_IV_P14_Seq2Trend,UNISIM_IV,Seq2Trend,0.993801652892562,0.9946280991735538,3.976859504132231
UNISIM_IV_P14_Seq2Trend_trial_92,P14,383e9e4c87f7026e76aefd2c7dbeab46,92,13.029459816430252,2.7122260630117143,Seq2Trend,Normal,False,0.25,300,300,50,20,8,0.005,0.6,0.1,median,True,"[0.25, 0.5, 0.75]",False,P50,,False,42,1,combined_exp_arps,7,,default_group,UNISIM_IV_P14_Seq2Trend,UNISIM_IV,Seq2Trend,0.815702479338843,0.8702479338842976,3.3719008264462813
UNISIM_IV_P14_Seq2Trend_trial_13,P14,f3296b2f5314bc851cea810d29fc71a3,13,20.0437602348238,4.211958548960337,Seq2Trend,Normal,False,0.99,300,300,100,20,8,0.001,0.6,0.1,median,True,"[0.25, 0.5, 0.75]",False,P50,,False,42,1,exponential,2,,default_group,UNISIM_IV_P14_Seq2Trend,UNISIM_IV,Seq2Trend,0.915702479338843,0.9239669421487603,3.6793388429752065
UNISIM_IV_P14_Seq2Trend_trial_24,P14,4eee904e9a3a94d40cd4b3dbd0b514bd,24,14.22217004538753,2.977002203724626,Seq2Trend,Normal,False,0.5,300,300,20,20,16,0.001,0.6,0.1,median,True,"[0.25, 0.5, 0.75]",False,P50,,False,42,1,arps,6,,default_group,UNISIM_IV_P14_Seq2Trend,UNISIM_IV,Seq2Trend,0.8314049586776859,0.8826446280991735,3.428099173553719
UNISIM_IV_P14_Seq2Trend_trial_37,P14,0d6e7cf1516aaad80c3b1cfea7a58a01,37,12.122013385094744,2.4915443592677065,Seq2Trend,Normal,False,0.25,300,300,200,20,16,0.001,0.6,0.1,median,True,"[0.25, 0.5, 0.75]",False,P50,,False,42,1,static,2,,default_group,UNISIM_IV_P14_Seq2Trend,UNISIM_IV,Seq2Trend,0.8070247933884298,0.8161157024793388,3.2462809917355373
UNISIM_IV_P14_Seq2Trend_trial_26,P14,356f8c8c9db2a3449189d27161872ea3,26,5.648075347130242,0.0597091687539024,Seq2Trend,Normal,False,0.01,300,300,50,20,16,0.001,0.6,0.1,median,True,"[0.25, 0.5, 0.75]",False,P50,,False,42,1,pressure_ensemble,5,,default_group,UNISIM_IV_P14_Seq2Trend,UNISIM_IV,Seq2Trend,0.0012396694214876034,0.33016528925619837,0.662809917355372
UNISIM_IV_P14_Seq2Trend_trial_11,P14,b0d66840eec19cac24b4c5e30be3ecd2,11,56.07323945402963,11.068556300513308,Seq2Trend,Normal,False,0.5,300,300,200,20,16,0.05,0.6,0.1,median,True,"[0.25, 0.5, 0.75]",False,P50,,False,42,1,static,8,,default_group,UNISIM_IV_P14_Seq2Trend,UNISIM_IV,Seq2Trend,0.996694214876033,0.996694214876033,3.986776859504132
UNISIM_IV_P14_Seq2Trend_trial_63,P14,84fae21ff0e39834ed78bed5f3181be8,63,9.013814855115882,2.0043446016428543,Seq2Trend,Normal,False,0.01,300,300,50,20,16,0.005,0.6,0.1,median,True,"[0.25, 0.5, 0.75]",False,P50,,False,42,1,combined_exp_arps,6,,default_group,UNISIM_IV_P14_Seq2Trend,UNISIM_IV,Seq2Trend,0.7805785123966942,0.7822314049586777,3.1256198347107436
UNISIM_IV_P14_Seq2Trend_trial_56,P14,076f6cba03a505da22c5c4d52340dcfa,56,14.093703199737604,2.917758478084329,Seq2Trend,Normal,False,0.01,300,300,200,20,16,0.05,0.6,0.1,median,True,"[0.25, 0.5, 0.75]",False,P50,,False,42,1,exponential,3,,default_group,UNISIM_IV_P14_Seq2Trend,UNISIM_IV,Seq2Trend,0.828099173553719,0.8809917355371901,3.418181818181818
UNISIM_IV_P14_Seq2Trend_trial_75,P14,0e705f49e02a56ed99b5b7f1762306db,75,18.55955337563725,3.944741199499312,Seq2Trend,Normal,False,0.99,300,300,20,20,8,0.005,0.6,0.1,median,True,"[0.25, 0.5, 0.75]",False,P50,,False,42,1,exponential,6,,default_group,UNISIM_IV_P14_Seq2Trend,UNISIM_IV,Seq2Trend,0.9049586776859504,0.9140495867768595,3.63801652892562
UNISIM_IV_P14_Seq2Trend_trial_0,P14,e6079e96da55c140a6fc9e4dbaae07fe,0,22.593067567314375,4.695548864768511,Seq2Trend,Normal,False,0.99,300,300,100,20,16,0.005,0.6,0.1,median,True,"[0.25, 0.5, 0.75]",False,P50,,False,42,1,combined_exp_arps,3,,default_group,UNISIM_IV_P14_Seq2Trend,UNISIM_IV,Seq2Trend,0.971900826446281,0.9752066115702479,3.8942148760330575
UNISIM_IV_P14_Seq2Trend_trial_42,P14,1d380f54e3ec60b67c6d6fc145f6db38,42,10.80042638930499,2.2171037108805423,Seq2Trend,Normal,False,0.25,300,300,20,20,16,0.005,0.6,0.1,median,True,"[0.25, 0.5, 0.75]",False,P50,,False,42,1,arps,2,,default_group,UNISIM_IV_P14_Seq2Trend,UNISIM_IV,Seq2Trend,0.7925619834710744,0.8,3.185123966942149
UNISIM_IV_P14_Seq2Trend_trial_22,P14,9c76d88b9a2f5d98974ff1eb070699aa,22,14.92471533939204,3.2136833596500587,Seq2Trend,Normal,False,0.01,300,300,20,20,8,0.01,0.6,0.1,median,True,"[0.25, 0.5, 0.75]",False,P50,,False,42,1,pressure_ensemble,5,,default_group,UNISIM_IV_P14_Seq2Trend,UNISIM_IV,Seq2Trend,0.8876033057851239,0.8892561983471075,3.553719008264463
UNISIM_IV_P14_Seq2Trend_trial_19,P14,e43ecfc03ddf52ada116af5bbbd022c1,19,15.24103787504566,3.2197167683796,Seq2Trend,Normal,False,0.5,300,300,50,20,16,0.01,0.6,0.1,median,True,"[0.25, 0.5, 0.75]",False,P50,,False,42,1,pressure_ensemble,4,,default_group,UNISIM_IV_P14_Seq2Trend,UNISIM_IV,Seq2Trend,0.8884297520661157,0.8933884297520661,3.5636363636363635
UNISIM_IV_P14_Seq2Trend_trial_93,P14,f4ab651fd8829bf1656c1335877149e3,93,11.503892345782477,2.339090502054124,Seq2Trend,Normal,False,0.25,300,300,20,20,16,0.005,0.6,0.1,median,True,"[0.25, 0.5, 0.75]",False,P50,,False,42,1,combined_exp_arps,5,,default_group,UNISIM_IV_P14_Seq2Trend,UNISIM_IV,Seq2Trend,0.7975206611570248,0.8074380165289257,3.2099173553719007
UNISIM_IV_P14_Seq2Trend_trial_15,P14,4e99d03e3046d9c6425bfdf6f9cb1959,15,30.3622893781019,6.387382515980134,Seq2Trend,Normal,False,0.99,300,300,50,20,16,0.05,0.6,0.1,median,True,"[0.25, 0.5, 0.75]",False,P50,,False,42,1,exponential,2,,default_group,UNISIM_IV_P14_Seq2Trend,UNISIM_IV,Seq2Trend,0.984297520661157,0.9859504132231405,3.940495867768595
UNISIM_IV_P14_Seq2Trend_trial_90,P14,cc8a14edab46aabb1c5bcf6dbaec6c8f,90,41.21270652281727,8.492108569960603,Seq2Trend,Normal,False,0.5,300,300,200,20,16,0.05,0.6,0.1,median,True,"[0.25, 0.5, 0.75]",False,P50,,False,42,1,exponential,2,,default_group,UNISIM_IV_P14_Seq2Trend,UNISIM_IV,Seq2Trend,0.9917355371900827,0.9917355371900827,3.9669421487603307
UNISIM_IV_P14_Seq2Trend_trial_41,P14,06bd7dac906b9e885923b45f47d0fc0c,41,12.5178954026543,2.5866450912076795,Seq2Trend,Normal,False,0.25,300,300,20,20,8,0.005,0.6,0.1,median,True,"[0.25, 0.5, 0.75]",False,P50,,False,42,1,static,5,,default_group,UNISIM_IV_P14_Seq2Trend,UNISIM_IV,Seq2Trend,0.8099173553719008,0.8198347107438017,3.259504132231405
UNISIM_IV_P14_Seq2Trend_trial_43,P14,5eb99203ca69f93e0919d8519f391914,43,14.810318904285754,3.0949909017500365,Seq2Trend,Normal,False,0.5,300,300,20,20,8,0.01,0.6,0.1,median,True,"[0.25, 0.5, 0.75]",False,P50,,False,42,1,static,5,,default_group,UNISIM_IV_P14_Seq2Trend,UNISIM_IV,Seq2Trend,0.8396694214876033,0.8867768595041322,3.4528925619834707
UNISIM_IV_P14_Seq2Trend_trial_68,P14,cd7cf9bf416243cb1cb27878f3c8dd1a,68,14.63519138868137,3.0601213844887347,Seq2Trend,Normal,False,0.25,300,300,100,20,16,0.005,0.6,0.1,median,True,"[0.25, 0.5, 0.75]",False,P50,,False,42,1,static,4,,default_group,UNISIM_IV_P14_Seq2Trend,UNISIM_IV,Seq2Trend,0.8371900826446281,0.8859504132231405,3.446280991735537
UNISIM_IV_P14_Seq2Trend_trial_39,P14,17faa6dd1afc249d8dfde3ad8d7478a5,39,12.934524134167985,2.6925119601768235,Seq2Trend,Normal,False,0.5,300,300,100,20,8,0.001,0.6,0.1,median,True,"[0.25, 0.5, 0.75]",False,P50,,False,42,1,arps,2,,default_group,UNISIM_IV_P14_Seq2Trend,UNISIM_IV,Seq2Trend,0.8140495867768595,0.868595041322314,3.3652892561983467
UNISIM_IV_P14_Seq2Trend_trial_84,P14,577e6ae04ab15564365eb00e5099c060,84,13.14377462808741,2.744279179076091,Seq2Trend,Normal,False,0.5,300,300,20,20,8,0.05,0.6,0.1,median,True,"[0.25, 0.5, 0.75]",False,P50,,False,42,1,pressure_ensemble,7,,default_group,UNISIM_IV_P14_Seq2Trend,UNISIM_IV,Seq2Trend,0.8173553719008264,0.871900826446281,3.378512396694215
UNISIM_IV_P14_Seq2Trend_trial_57,P14,0ae72f9a2c43b51ddb520926072ca646,57,25.508075231673093,5.604129311064273,Seq2Trend,Normal,False,0.01,300,300,200,20,8,0.05,0.6,0.1,median,True,"[0.25, 0.5, 0.75]",False,P50,,False,42,1,exponential,6,,default_group,UNISIM_IV_P14_Seq2Trend,UNISIM_IV,Seq2Trend,0.9793388429752066,0.9793388429752066,3.9173553719008263
UNISIM_IV_P14_Seq2Trend_trial_32,P14,2ee73b7d77525b45c04a16218756b1ae,32,19.80939820989129,4.154363209096896,Seq2Trend,Normal,False,0.01,300,300,50,20,16,0.05,0.6,0.1,median,True,"[0.25, 0.5, 0.75]",False,P50,,False,42,1,combined_exp_arps,2,,default_group,UNISIM_IV_P14_Seq2Trend,UNISIM_IV,Seq2Trend,0.9128099173553719,0.921900826446281,3.669421487603306
UNISIM_IV_P14_Seq2Trend_trial_52,P14,60ce3ecd4a36c18b95f8c88b1e8d032b,52,22.81553542877477,4.874355555797201,Seq2Trend,Normal,False,0.99,300,300,100,20,8,0.005,0.6,0.1,median,True,"[0.25, 0.5, 0.75]",False,P50,,False,42,1,static,8,,default_group,UNISIM_IV_P14_Seq2Trend,UNISIM_IV,Seq2Trend,0.9743801652892562,0.9760330578512396,3.9008264462809916
UNISIM_IV_P14_Seq2Trend_trial_30,P14,25a494da0812a7d77c7884e217438ace,30,17.466969199796917,3.696712922969733,Seq2Trend,Normal,False,0.5,300,300,50,20,8,0.01,0.6,0.1,median,True,"[0.25, 0.5, 0.75]",False,P50,,False,42,1,pressure_ensemble,7,,default_group,UNISIM_IV_P14_Seq2Trend,UNISIM_IV,Seq2Trend,0.8975206611570248,0.9082644628099174,3.6115702479338845
UNISIM_IV_P14_Seq2Trend_trial_36,P14,2bb72573a2af8e992743b208018b3718,36,11.445822736477435,1.9857283466362747,Seq2Trend,Normal,False,0.99,300,300,20,20,8,0.001,0.6,0.1,median,True,"[0.25, 0.5, 0.75]",False,P50,,False,42,1,exponential,5,,default_group,UNISIM_IV_P14_Seq2Trend,UNISIM_IV,Seq2Trend,0.7776859504132232,0.8066115702479338,3.1685950413223143
UNISIM_IV_P14_Seq2Trend_trial_35,P14,f62c1587c57180884ad1791dc98d331e,35,7.617373248310254,0.9193820114174898,Seq2Trend,Normal,False,0.01,300,300,20,20,16,0.001,0.6,0.1,median,True,"[0.25, 0.5, 0.75]",False,P50,,False,42,1,exponential,3,,default_group,UNISIM_IV_P14_Seq2Trend,UNISIM_IV,Seq2Trend,0.6413223140495867,0.6991735537190082,2.68099173553719
UNISIM_IV_P14_Seq2Trend_trial_97,P14,f464e772d557a42b2dd81c84eb4277e6,97,6.295219210811552,0.2459811195186279,Seq2Trend,Normal,False,0.01,300,300,20,20,8,0.001,0.6,0.1,median,True,"[0.25, 0.5, 0.75]",False,P50,,False,42,1,arps,2,,default_group,UNISIM_IV_P14_Seq2Trend,UNISIM_IV,Seq2Trend,0.14793388429752066,0.5487603305785124,1.393388429752066
UNISIM_IV_P14_Seq2Trend_trial_28,P14,b076632d53d5a3385f318cc0b7b89b14,28,26.081502817548696,5.504309410419602,Seq2Trend,Normal,False,0.5,300,300,50,20,16,0.05,0.6,0.1,median,True,"[0.25, 0.5, 0.75]",False,P50,,False,42,1,exponential,5,,default_group,UNISIM_IV_P14_Seq2Trend,UNISIM_IV,Seq2Trend,0.9776859504132231,0.9801652892561984,3.915702479338843
UNISIM_IV_P14_Seq2Trend_trial_10,P14,c3d64fdefcf7da01a8bcb6d499b3d83c,10,9.326086582135062,1.8697798168179376,Seq2Trend,Normal,False,0.01,300,300,20,20,8,0.05,0.6,0.1,median,True,"[0.25, 0.5, 0.75]",False,P50,,False,42,1,arps,5,,default_group,UNISIM_IV_P14_Seq2Trend,UNISIM_IV,Seq2Trend,0.771900826446281,0.7859504132231405,3.115702479338843
UNISIM_IV_P14_Seq2Trend_trial_46,P14,c12dafc4584af89418ec46999ed6af4f,46,25.04713250573752,5.275798103809053,Seq2Trend,Normal,False,0.25,300,300,50,20,8,0.05,0.6,0.1,median,True,"[0.25, 0.5, 0.75]",False,P50,,False,42,1,pressure_ensemble,6,,default_group,UNISIM_IV_P14_Seq2Trend,UNISIM_IV,Seq2Trend,0.9768595041322314,0.9785123966942149,3.9107438016528926
UNISIM_IV_P14_Seq2Trend_trial_156,P14,d754a7d390328e235317c1a4aedbe332,156,21.87197975393236,4.608101703741098,Seq2Trend,Normal,False,0.99,300,300,50,20,8,0.005,0.6,0.1,median,True,"[0.25, 0.5, 0.75]",False,P50,,False,42,1,combined_exp_arps,5,,default_group,UNISIM_IV_P14_Seq2Trend,UNISIM_IV,Seq2Trend,0.9495867768595041,0.952892561983471,3.80495867768595
UNISIM_IV_P14_Seq2Trend_trial_180,P14,4c5d3c2e12713641a27d94b8fff9a6df,180,21.87197975393236,4.608101703741098,Seq2Trend,Normal,False,0.99,300,300,50,20,8,0.005,0.6,0.1,median,True,"[0.25, 0.5, 0.75]",False,P50,,False,42,1,combined_exp_arps,5,,default_group,UNISIM_IV_P14_Seq2Trend,UNISIM_IV,Seq2Trend,0.9495867768595041,0.952892561983471,3.80495867768595
UNISIM_IV_P14_Seq2Trend_trial_194,P14,db0aaadc5746187c06899b14acb77cbf,194,21.87197975393236,4.608101703741098,Seq2Trend,Normal,False,0.99,300,300,50,20,8,0.005,0.6,0.1,median,True,"[0.25, 0.5, 0.75]",False,P50,,False,42,1,combined_exp_arps,5,,default_group,UNISIM_IV_P14_Seq2Trend,UNISIM_IV,Seq2Trend,0.9495867768595041,0.952892561983471,3.80495867768595
UNISIM_IV_P14_Seq2Trend_trial_167,P14,2f7e18f006a543fb72e8e43fccf788a8,167,21.87197975393236,4.608101703741098,Seq2Trend,Normal,False,0.99,300,300,50,20,8,0.005,0.6,0.1,median,True,"[0.25, 0.5, 0.75]",False,P50,,False,42,1,combined_exp_arps,5,,default_group,UNISIM_IV_P14_Seq2Trend,UNISIM_IV,Seq2Trend,0.9495867768595041,0.952892561983471,3.80495867768595
UNISIM_IV_P14_Seq2Trend_trial_184,P14,725c7a906a633ff94f91b8aea7ca2bf5,184,21.87197975393236,4.608101703741098,Seq2Trend,Normal,False,0.99,300,300,50,20,8,0.005,0.6,0.1,median,True,"[0.25, 0.5, 0.75]",False,P50,,False,42,1,combined_exp_arps,5,,default_group,UNISIM_IV_P14_Seq2Trend,UNISIM_IV,Seq2Trend,0.9495867768595041,0.952892561983471,3.80495867768595
UNISIM_IV_P14_Seq2Trend_trial_168,P14,a646f775149d0cd08142c370d44787b2,168,21.87197975393236,4.608101703741098,Seq2Trend,Normal,False,0.99,300,300,50,20,8,0.005,0.6,0.1,median,True,"[0.25, 0.5, 0.75]",False,P50,,False,42,1,combined_exp_arps,5,,default_group,UNISIM_IV_P14_Seq2Trend,UNISIM_IV,Seq2Trend,0.9495867768595041,0.952892561983471,3.80495867768595
UNISIM_IV_P14_Seq2Trend_trial_187,P14,1859a149469042743aafd54ae66699a0,187,21.87197975393236,4.608101703741098,Seq2Trend,Normal,False,0.99,300,300,50,20,8,0.005,0.6,0.1,median,True,"[0.25, 0.5, 0.75]",False,P50,,False,42,1,combined_exp_arps,5,,default_group,UNISIM_IV_P14_Seq2Trend,UNISIM_IV,Seq2Trend,0.9495867768595041,0.952892561983471,3.80495867768595
UNISIM_IV_P14_Seq2Trend_trial_174,P14,f3a645fae57aa39a5f48d7451548bc60,174,21.87197975393236,4.608101703741098,Seq2Trend,Normal,False,0.99,300,300,50,20,8,0.005,0.6,0.1,median,True,"[0.25, 0.5, 0.75]",False,P50,,False,42,1,combined_exp_arps,5,,default_group,UNISIM_IV_P14_Seq2Trend,UNISIM_IV,Seq2Trend,0.9495867768595041,0.952892561983471,3.80495867768595
UNISIM_IV_P14_Seq2Trend_trial_199,P14,28e3a9f10f77d12123c48372ca83763f,199,21.87197975393236,4.608101703741098,Seq2Trend,Normal,False,0.99,300,300,50,20,8,0.005,0.6,0.1,median,True,"[0.25, 0.5, 0.75]",False,P50,,False,42,1,combined_exp_arps,5,,default_group,UNISIM_IV_P14_Seq2Trend,UNISIM_IV,Seq2Trend,0.9495867768595041,0.952892561983471,3.80495867768595
UNISIM_IV_P14_Seq2Trend_trial_154,P14,2625fe5b1783d3b03b6ec07298d34129,154,21.87197975393236,4.608101703741098,Seq2Trend,Normal,False,0.99,300,300,50,20,8,0.005,0.6,0.1,median,True,"[0.25, 0.5, 0.75]",False,P50,,False,42,1,combined_exp_arps,5,,default_group,UNISIM_IV_P14_Seq2Trend,UNISIM_IV,Seq2Trend,0.9495867768595041,0.952892561983471,3.80495867768595
UNISIM_IV_P14_Seq2Trend_trial_175,P14,cc8c28d47862446850bcab5a266a58db,175,21.87197975393236,4.608101703741098,Seq2Trend,Normal,False,0.99,300,300,50,20,8,0.005,0.6,0.1,median,True,"[0.25, 0.5, 0.75]",False,P50,,False,42,1,combined_exp_arps,5,,default_group,UNISIM_IV_P14_Seq2Trend,UNISIM_IV,Seq2Trend,0.9495867768595041,0.952892561983471,3.80495867768595
UNISIM_IV_P14_Seq2Trend_trial_150,P14,6e1a6684401c7bfe51f5e3a62f6814ec,150,21.87197975393236,4.608101703741098,Seq2Trend,Normal,False,0.99,300,300,50,20,8,0.005,0.6,0.1,median,True,"[0.25, 0.5, 0.75]",False,P50,,False,42,1,combined_exp_arps,5,,default_group,UNISIM_IV_P14_Seq2Trend,UNISIM_IV,Seq2Trend,0.9495867768595041,0.952892561983471,3.80495867768595
UNISIM_IV_P14_Seq2Trend_trial_193,P14,98247a943617c3e28d7cc13f4f07c9a3,193,21.87197975393236,4.608101703741098,Seq2Trend,Normal,False,0.99,300,300,50,20,8,0.005,0.6,0.1,median,True,"[0.25, 0.5, 0.75]",False,P50,,False,42,1,combined_exp_arps,5,,default_group,UNISIM_IV_P14_Seq2Trend,UNISIM_IV,Seq2Trend,0.9495867768595041,0.952892561983471,3.80495867768595
UNISIM_IV_P14_Seq2Trend_trial_189,P14,d234f63caec4352e737124b6ea8e5284,189,21.87197975393236,4.608101703741098,Seq2Trend,Normal,False,0.99,300,300,50,20,8,0.005,0.6,0.1,median,True,"[0.25, 0.5, 0.75]",False,P50,,False,42,1,combined_exp_arps,5,,default_group,UNISIM_IV_P14_Seq2Trend,UNISIM_IV,Seq2Trend,0.9495867768595041,0.952892561983471,3.80495867768595
UNISIM_IV_P14_Seq2Trend_trial_164,P14,93bfed87068f225ee67c97d9efd9206e,164,21.87197975393236,4.608101703741098,Seq2Trend,Normal,False,0.99,300,300,50,20,8,0.005,0.6,0.1,median,True,"[0.25, 0.5, 0.75]",False,P50,,False,42,1,combined_exp_arps,5,,default_group,UNISIM_IV_P14_Seq2Trend,UNISIM_IV,Seq2Trend,0.9495867768595041,0.952892561983471,3.80495867768595
UNISIM_IV_P14_Seq2Trend_trial_197,P14,d85cafe0c787e077f241a9258a0f6340,197,21.87197975393236,4.608101703741098,Seq2Trend,Normal,False,0.99,300,300,50,20,8,0.005,0.6,0.1,median,True,"[0.25, 0.5, 0.75]",False,P50,,False,42,1,combined_exp_arps,5,,default_group,UNISIM_IV_P14_Seq2Trend,UNISIM_IV,Seq2Trend,0.9495867768595041,0.952892561983471,3.80495867768595
UNISIM_IV_P14_Seq2Trend_trial_185,P14,95beab55b90f9b1a91219c65a1d2ca38,185,21.87197975393236,4.608101703741098,Seq2Trend,Normal,False,0.99,300,300,50,20,8,0.005,0.6,0.1,median,True,"[0.25, 0.5, 0.75]",False,P50,,False,42,1,combined_exp_arps,5,,default_group,UNISIM_IV_P14_Seq2Trend,UNISIM_IV,Seq2Trend,0.9495867768595041,0.952892561983471,3.80495867768595
UNISIM_IV_P14_Seq2Trend_trial_182,P14,1b27658027b9d9e5985f9d8d9e0df743,182,21.87197975393236,4.608101703741098,Seq2Trend,Normal,False,0.99,300,300,50,20,8,0.005,0.6,0.1,median,True,"[0.25, 0.5, 0.75]",False,P50,,False,42,1,combined_exp_arps,5,,default_group,UNISIM_IV_P14_Seq2Trend,UNISIM_IV,Seq2Trend,0.9495867768595041,0.952892561983471,3.80495867768595
UNISIM_IV_P14_Seq2Trend_trial_153,P14,0704288d10dc164888bd3a5651165edb,153,21.87197975393236,4.608101703741098,Seq2Trend,Normal,False,0.99,300,300,50,20,8,0.005,0.6,0.1,median,True,"[0.25, 0.5, 0.75]",False,P50,,False,42,1,combined_exp_arps,5,,default_group,UNISIM_IV_P14_Seq2Trend,UNISIM_IV,Seq2Trend,0.9495867768595041,0.952892561983471,3.80495867768595
UNISIM_IV_P14_Seq2Trend_trial_177,P14,bce8c42c47de65808d96f0fc5e3ca744,177,21.87197975393236,4.608101703741098,Seq2Trend,Normal,False,0.99,300,300,50,20,8,0.005,0.6,0.1,median,True,"[0.25, 0.5, 0.75]",False,P50,,False,42,1,combined_exp_arps,5,,default_group,UNISIM_IV_P14_Seq2Trend,UNISIM_IV,Seq2Trend,0.9495867768595041,0.952892561983471,3.80495867768595
UNISIM_IV_P14_Seq2Trend_trial_183,P14,437e41fd39a3646758856b4ebed20ffe,183,21.87197975393236,4.608101703741098,Seq2Trend,Normal,False,0.99,300,300,50,20,8,0.005,0.6,0.1,median,True,"[0.25, 0.5, 0.75]",False,P50,,False,42,1,combined_exp_arps,5,,default_group,UNISIM_IV_P14_Seq2Trend,UNISIM_IV,Seq2Trend,0.9495867768595041,0.952892561983471,3.80495867768595
UNISIM_IV_P14_Seq2Trend_trial_161,P14,ad9dee240f17b6777fc98634a5498a91,161,21.87197975393236,4.608101703741098,Seq2Trend,Normal,False,0.99,300,300,50,20,8,0.005,0.6,0.1,median,True,"[0.25, 0.5, 0.75]",False,P50,,False,42,1,combined_exp_arps,5,,default_group,UNISIM_IV_P14_Seq2Trend,UNISIM_IV,Seq2Trend,0.9495867768595041,0.952892561983471,3.80495867768595
UNISIM_IV_P14_Seq2Trend_trial_171,P14,4c842767e319f3fe460645dbf23edfcf,171,21.87197975393236,4.608101703741098,Seq2Trend,Normal,False,0.99,300,300,50,20,8,0.005,0.6,0.1,median,True,"[0.25, 0.5, 0.75]",False,P50,,False,42,1,combined_exp_arps,5,,default_group,UNISIM_IV_P14_Seq2Trend,UNISIM_IV,Seq2Trend,0.9495867768595041,0.952892561983471,3.80495867768595
UNISIM_IV_P14_Seq2Trend_trial_170,P14,5502d2d083b9a986ce9856964dd5c603,170,21.87197975393236,4.608101703741098,Seq2Trend,Normal,False,0.99,300,300,50,20,8,0.005,0.6,0.1,median,True,"[0.25, 0.5, 0.75]",False,P50,,False,42,1,combined_exp_arps,5,,default_group,UNISIM_IV_P14_Seq2Trend,UNISIM_IV,Seq2Trend,0.9495867768595041,0.952892561983471,3.80495867768595
UNISIM_IV_P14_Seq2Trend_trial_178,P14,b40ae97d012466f15ab231ca81012173,178,21.87197975393236,4.608101703741098,Seq2Trend,Normal,False,0.99,300,300,50,20,8,0.005,0.6,0.1,median,True,"[0.25, 0.5, 0.75]",False,P50,,False,42,1,combined_exp_arps,5,,default_group,UNISIM_IV_P14_Seq2Trend,UNISIM_IV,Seq2Trend,0.9495867768595041,0.952892561983471,3.80495867768595
UNISIM_IV_P14_Seq2Trend_trial_163,P14,5c0c3fd02ce6e064efa483a80ad165da,163,21.87197975393236,4.608101703741098,Seq2Trend,Normal,False,0.99,300,300,50,20,8,0.005,0.6,0.1,median,True,"[0.25, 0.5, 0.75]",False,P50,,False,42,1,combined_exp_arps,5,,default_group,UNISIM_IV_P14_Seq2Trend,UNISIM_IV,Seq2Trend,0.9495867768595041,0.952892561983471,3.80495867768595
UNISIM_IV_P14_Seq2Trend_trial_188,P14,2b722fa2da47d3b0d082ec11f0cfc9c7,188,21.87197975393236,4.608101703741098,Seq2Trend,Normal,False,0.99,300,300,50,20,8,0.005,0.6,0.1,median,True,"[0.25, 0.5, 0.75]",False,P50,,False,42,1,combined_exp_arps,5,,default_group,UNISIM_IV_P14_Seq2Trend,UNISIM_IV,Seq2Trend,0.9495867768595041,0.952892561983471,3.80495867768595
UNISIM_IV_P14_Seq2Trend_trial_191,P14,9caa33282f826e717846173b30f27860,191,21.87197975393236,4.608101703741098,Seq2Trend,Normal,False,0.99,300,300,50,20,8,0.005,0.6,0.1,median,True,"[0.25, 0.5, 0.75]",False,P50,,False,42,1,combined_exp_arps,5,,default_group,UNISIM_IV_P14_Seq2Trend,UNISIM_IV,Seq2Trend,0.9495867768595041,0.952892561983471,3.80495867768595
UNISIM_IV_P14_Seq2Trend_trial_195,P14,05b069a6bf98eb4e08316981a416312c,195,21.87197975393236,4.608101703741098,Seq2Trend,Normal,False,0.99,300,300,50,20,8,0.005,0.6,0.1,median,True,"[0.25, 0.5, 0.75]",False,P50,,False,42,1,combined_exp_arps,5,,default_group,UNISIM_IV_P14_Seq2Trend,UNISIM_IV,Seq2Trend,0.9495867768595041,0.952892561983471,3.80495867768595
UNISIM_IV_P14_Seq2Trend_trial_162,P14,bddc89cda7c1fd48ac8a26ffb84cc1c0,162,21.87197975393236,4.608101703741098,Seq2Trend,Normal,False,0.99,300,300,50,20,8,0.005,0.6,0.1,median,True,"[0.25, 0.5, 0.75]",False,P50,,False,42,1,combined_exp_arps,5,,default_group,UNISIM_IV_P14_Seq2Trend,UNISIM_IV,Seq2Trend,0.9495867768595041,0.952892561983471,3.80495867768595
UNISIM_IV_P14_Seq2Trend_trial_169,P14,afe2d5e354b1e754b5bd106f93c332be,169,21.87197975393236,4.608101703741098,Seq2Trend,Normal,False,0.99,300,300,50,20,8,0.005,0.6,0.1,median,True,"[0.25, 0.5, 0.75]",False,P50,,False,42,1,combined_exp_arps,5,,default_group,UNISIM_IV_P14_Seq2Trend,UNISIM_IV,Seq2Trend,0.9495867768595041,0.952892561983471,3.80495867768595
UNISIM_IV_P14_Seq2Trend_trial_155,P14,cac07a4bd8305ad2650753577d9a520e,155,21.87197975393236,4.608101703741098,Seq2Trend,Normal,False,0.99,300,300,50,20,8,0.005,0.6,0.1,median,True,"[0.25, 0.5, 0.75]",False,P50,,False,42,1,combined_exp_arps,5,,default_group,UNISIM_IV_P14_Seq2Trend,UNISIM_IV,Seq2Trend,0.9495867768595041,0.952892561983471,3.80495867768595
UNISIM_IV_P14_Seq2Trend_trial_198,P14,a5e0bc3dcbd2f45a98ef4d987dcb181e,198,21.87197975393236,4.608101703741098,Seq2Trend,Normal,False,0.99,300,300,50,20,8,0.005,0.6,0.1,median,True,"[0.25, 0.5, 0.75]",False,P50,,False,42,1,combined_exp_arps,5,,default_group,UNISIM_IV_P14_Seq2Trend,UNISIM_IV,Seq2Trend,0.9495867768595041,0.952892561983471,3.80495867768595
UNISIM_IV_P14_Seq2Trend_trial_172,P14,db460af2fbc4538c5b7d6959769692d5,172,21.87197975393236,4.608101703741098,Seq2Trend,Normal,False,0.99,300,300,50,20,8,0.005,0.6,0.1,median,True,"[0.25, 0.5, 0.75]",False,P50,,False,42,1,combined_exp_arps,5,,default_group,UNISIM_IV_P14_Seq2Trend,UNISIM_IV,Seq2Trend,0.9495867768595041,0.952892561983471,3.80495867768595
UNISIM_IV_P14_Seq2Trend_trial_186,P14,5920769350689564f0cfd1d9714d1ee6,186,21.87197975393236,4.608101703741098,Seq2Trend,Normal,False,0.99,300,300,50,20,8,0.005,0.6,0.1,median,True,"[0.25, 0.5, 0.75]",False,P50,,False,42,1,combined_exp_arps,5,,default_group,UNISIM_IV_P14_Seq2Trend,UNISIM_IV,Seq2Trend,0.9495867768595041,0.952892561983471,3.80495867768595
UNISIM_IV_P14_Seq2Trend_trial_181,P14,8925628259b8083e556ca3831e312447,181,21.87197975393236,4.608101703741098,Seq2Trend,Normal,False,0.99,300,300,50,20,8,0.005,0.6,0.1,median,True,"[0.25, 0.5, 0.75]",False,P50,,False,42,1,combined_exp_arps,5,,default_group,UNISIM_IV_P14_Seq2Trend,UNISIM_IV,Seq2Trend,0.9495867768595041,0.952892561983471,3.80495867768595
UNISIM_IV_P14_Seq2Trend_trial_158,P14,034331e806697cc0c6d5387627ab68c6,158,21.87197975393236,4.608101703741098,Seq2Trend,Normal,False,0.99,300,300,50,20,8,0.005,0.6,0.1,median,True,"[0.25, 0.5, 0.75]",False,P50,,False,42,1,combined_exp_arps,5,,default_group,UNISIM_IV_P14_Seq2Trend,UNISIM_IV,Seq2Trend,0.9495867768595041,0.952892561983471,3.80495867768595
UNISIM_IV_P14_Seq2Trend_trial_151,P14,824362804458346dad02caeed97ec7a6,151,21.87197975393236,4.608101703741098,Seq2Trend,Normal,False,0.99,300,300,50,20,8,0.005,0.6,0.1,median,True,"[0.25, 0.5, 0.75]",False,P50,,False,42,1,combined_exp_arps,5,,default_group,UNISIM_IV_P14_Seq2Trend,UNISIM_IV,Seq2Trend,0.9495867768595041,0.952892561983471,3.80495867768595
UNISIM_IV_P14_Seq2Trend_trial_165,P14,f32a37e47199c9c1df49bb272c1d7bf2,165,21.87197975393236,4.608101703741098,Seq2Trend,Normal,False,0.99,300,300,50,20,8,0.005,0.6,0.1,median,True,"[0.25, 0.5, 0.75]",False,P50,,False,42,1,combined_exp_arps,5,,default_group,UNISIM_IV_P14_Seq2Trend,UNISIM_IV,Seq2Trend,0.9495867768595041,0.952892561983471,3.80495867768595
UNISIM_IV_P14_Seq2Trend_trial_152,P14,02970f1516d4ad73df22b5d0ce3a497a,152,21.87197975393236,4.608101703741098,Seq2Trend,Normal,False,0.99,300,300,50,20,8,0.005,0.6,0.1,median,True,"[0.25, 0.5, 0.75]",False,P50,,False,42,1,combined_exp_arps,5,,default_group,UNISIM_IV_P14_Seq2Trend,UNISIM_IV,Seq2Trend,0.9495867768595041,0.952892561983471,3.80495867768595
UNISIM_IV_P14_Seq2Trend_trial_190,P14,532139b143f03b2c2fb2f3fd14cdbbc7,190,21.87197975393236,4.608101703741098,Seq2Trend,Normal,False,0.99,300,300,50,20,8,0.005,0.6,0.1,median,True,"[0.25, 0.5, 0.75]",False,P50,,False,42,1,combined_exp_arps,5,,default_group,UNISIM_IV_P14_Seq2Trend,UNISIM_IV,Seq2Trend,0.9495867768595041,0.952892561983471,3.80495867768595
UNISIM_IV_P14_Seq2Trend_trial_179,P14,034317f1a6e35257bd2f1d4cbc97b7cc,179,21.87197975393236,4.608101703741098,Seq2Trend,Normal,False,0.99,300,300,50,20,8,0.005,0.6,0.1,median,True,"[0.25, 0.5, 0.75]",False,P50,,False,42,1,combined_exp_arps,5,,default_group,UNISIM_IV_P14_Seq2Trend,UNISIM_IV,Seq2Trend,0.9495867768595041,0.952892561983471,3.80495867768595
UNISIM_IV_P14_Seq2Trend_trial_173,P14,2e10ab79e2f5f6d8066d5071ec37b432,173,21.87197975393236,4.608101703741098,Seq2Trend,Normal,False,0.99,300,300,50,20,8,0.005,0.6,0.1,median,True,"[0.25, 0.5, 0.75]",False,P50,,False,42,1,combined_exp_arps,5,,default_group,UNISIM_IV_P14_Seq2Trend,UNISIM_IV,Seq2Trend,0.9495867768595041,0.952892561983471,3.80495867768595
UNISIM_IV_P14_Seq2Trend_trial_176,P14,ecf451c4974f6f7151906819ff81a806,176,21.87197975393236,4.608101703741098,Seq2Trend,Normal,False,0.99,300,300,50,20,8,0.005,0.6,0.1,median,True,"[0.25, 0.5, 0.75]",False,P50,,False,42,1,combined_exp_arps,5,,default_group,UNISIM_IV_P14_Seq2Trend,UNISIM_IV,Seq2Trend,0.9495867768595041,0.952892561983471,3.80495867768595
UNISIM_IV_P14_Seq2Trend_trial_157,P14,d8bb46d1c4778a4841bfb8e1a6b7d37e,157,21.87197975393236,4.608101703741098,Seq2Trend,Normal,False,0.99,300,300,50,20,8,0.005,0.6,0.1,median,True,"[0.25, 0.5, 0.75]",False,P50,,False,42,1,combined_exp_arps,5,,default_group,UNISIM_IV_P14_Seq2Trend,UNISIM_IV,Seq2Trend,0.9495867768595041,0.952892561983471,3.80495867768595
UNISIM_IV_P14_Seq2Trend_trial_159,P14,87ca70ae3960011b41b41d8872c6a107,159,21.87197975393236,4.608101703741098,Seq2Trend,Normal,False,0.99,300,300,50,20,8,0.005,0.6,0.1,median,True,"[0.25, 0.5, 0.75]",False,P50,,False,42,1,combined_exp_arps,5,,default_group,UNISIM_IV_P14_Seq2Trend,UNISIM_IV,Seq2Trend,0.9495867768595041,0.952892561983471,3.80495867768595
UNISIM_IV_P14_Seq2Trend_trial_166,P14,4c11b88f58af27c3447d1f97b101a75c,166,21.87197975393236,4.608101703741098,Seq2Trend,Normal,False,0.99,300,300,50,20,8,0.005,0.6,0.1,median,True,"[0.25, 0.5, 0.75]",False,P50,,False,42,1,combined_exp_arps,5,,default_group,UNISIM_IV_P14_Seq2Trend,UNISIM_IV,Seq2Trend,0.9495867768595041,0.952892561983471,3.80495867768595
UNISIM_IV_P14_Seq2Trend_trial_192,P14,98c3276e16190f12a53f1f76fdf96890,192,21.87197975393236,4.608101703741098,Seq2Trend,Normal,False,0.99,300,300,50,20,8,0.005,0.6,0.1,median,True,"[0.25, 0.5, 0.75]",False,P50,,False,42,1,combined_exp_arps,5,,default_group,UNISIM_IV_P14_Seq2Trend,UNISIM_IV,Seq2Trend,0.9495867768595041,0.952892561983471,3.80495867768595
UNISIM_IV_P14_Seq2Trend_trial_196,P14,494d68d576da6ad01d520c684a63492a,196,21.87197975393236,4.608101703741098,Seq2Trend,Normal,False,0.99,300,300,50,20,8,0.005,0.6,0.1,median,True,"[0.25, 0.5, 0.75]",False,P50,,False,42,1,combined_exp_arps,5,,default_group,UNISIM_IV_P14_Seq2Trend,UNISIM_IV,Seq2Trend,0.9495867768595041,0.952892561983471,3.80495867768595
UNISIM_IV_P14_Seq2Trend_trial_160,P14,d7b3feb878dca549fb3e8f61e4e9f0fc,160,21.87197975393236,4.608101703741098,Seq2Trend,Normal,False,0.99,300,300,50,20,8,0.005,0.6,0.1,median,True,"[0.25, 0.5, 0.75]",False,P50,,False,42,1,combined_exp_arps,5,,default_group,UNISIM_IV_P14_Seq2Trend,UNISIM_IV,Seq2Trend,0.9495867768595041,0.952892561983471,3.80495867768595
UNISIM_IV_P14_Seq2Trend_trial_119,P14,9f65c35757b3448da8818080703d6e4d,119,7.61761993491632,0.9195017649150368,Seq2Trend,Normal,False,0.01,300,300,20,20,16,0.001,0.6,0.1,median,True,"[0.25, 0.5, 0.75]",False,P50,,False,42,1,arps,3,,default_group,UNISIM_IV_P14_Seq2Trend,UNISIM_IV,Seq2Trend,0.6628099173553719,0.7206611570247934,2.7669421487603305
UNISIM_IV_P14_Seq2Trend_trial_124,P14,11538d82dc0695df51ea57091268fac9,124,7.61761993491632,0.9195017649150368,Seq2Trend,Normal,False,0.01,300,300,20,20,16,0.001,0.6,0.1,median,True,"[0.25, 0.5, 0.75]",False,P50,,False,42,1,arps,3,,default_group,UNISIM_IV_P14_Seq2Trend,UNISIM_IV,Seq2Trend,0.6628099173553719,0.7206611570247934,2.7669421487603305
UNISIM_IV_P14_Seq2Trend_trial_111,P14,2c19717bce0c6751aff4734d22ed1b79,111,7.61761993491632,0.9195017649150368,Seq2Trend,Normal,False,0.01,300,300,20,20,16,0.001,0.6,0.1,median,True,"[0.25, 0.5, 0.75]",False,P50,,False,42,1,arps,3,,default_group,UNISIM_IV_P14_Seq2Trend,UNISIM_IV,Seq2Trend,0.6628099173553719,0.7206611570247934,2.7669421487603305
UNISIM_IV_P14_Seq2Trend_trial_125,P14,53bb1e5b126c4cb9688a86a13b5d2fba,125,7.61761993491632,0.9195017649150368,Seq2Trend,Normal,False,0.01,300,300,20,20,16,0.001,0.6,0.1,median,True,"[0.25, 0.5, 0.75]",False,P50,,False,42,1,arps,3,,default_group,UNISIM_IV_P14_Seq2Trend,UNISIM_IV,Seq2Trend,0.6628099173553719,0.7206611570247934,2.7669421487603305
UNISIM_IV_P14_Seq2Trend_trial_133,P14,3f0f3fd9d2fe1fe3c13fe93c613cbb98,133,7.61761993491632,0.9195017649150368,Seq2Trend,Normal,False,0.01,300,300,20,20,16,0.001,0.6,0.1,median,True,"[0.25, 0.5, 0.75]",False,P50,,False,42,1,arps,3,,default_group,UNISIM_IV_P14_Seq2Trend,UNISIM_IV,Seq2Trend,0.6628099173553719,0.7206611570247934,2.7669421487603305
UNISIM_IV_P14_Seq2Trend_trial_137,P14,9050fec4d5fee292c4fd32a05b099146,137,7.61761993491632,0.9195017649150368,Seq2Trend,Normal,False,0.01,300,300,20,20,16,0.001,0.6,0.1,median,True,"[0.25, 0.5, 0.75]",False,P50,,False,42,1,arps,3,,default_group,UNISIM_IV_P14_Seq2Trend,UNISIM_IV,Seq2Trend,0.6628099173553719,0.7206611570247934,2.7669421487603305
UNISIM_IV_P14_Seq2Trend_trial_100,P14,d68984504518860fe0c1b4837e3164db,100,7.61761993491632,0.9195017649150368,Seq2Trend,Normal,False,0.01,300,300,20,20,16,0.001,0.6,0.1,median,True,"[0.25, 0.5, 0.75]",False,P50,,False,42,1,arps,3,,default_group,UNISIM_IV_P14_Seq2Trend,UNISIM_IV,Seq2Trend,0.6628099173553719,0.7206611570247934,2.7669421487603305
UNISIM_IV_P14_Seq2Trend_trial_104,P14,d6dbdfb23f854ffb17ff59fc16ac89e0,104,7.61761993491632,0.9195017649150368,Seq2Trend,Normal,False,0.01,300,300,20,20,16,0.001,0.6,0.1,median,True,"[0.25, 0.5, 0.75]",False,P50,,False,42,1,arps,3,,default_group,UNISIM_IV_P14_Seq2Trend,UNISIM_IV,Seq2Trend,0.6628099173553719,0.7206611570247934,2.7669421487603305
UNISIM_IV_P14_Seq2Trend_trial_145,P14,9c1c785ba841b516a17b031074d86849,145,7.61761993491632,0.9195017649150368,Seq2Trend,Normal,False,0.01,300,300,20,20,16,0.001,0.6,0.1,median,True,"[0.25, 0.5, 0.75]",False,P50,,False,42,1,arps,3,,default_group,UNISIM_IV_P14_Seq2Trend,UNISIM_IV,Seq2Trend,0.6628099173553719,0.7206611570247934,2.7669421487603305
UNISIM_IV_P14_Seq2Trend_trial_149,P14,9d183d1a42fb8bb620faa53cb7319248,149,7.61761993491632,0.9195017649150368,Seq2Trend,Normal,False,0.01,300,300,20,20,16,0.001,0.6,0.1,median,True,"[0.25, 0.5, 0.75]",False,P50,,False,42,1,arps,3,,default_group,UNISIM_IV_P14_Seq2Trend,UNISIM_IV,Seq2Trend,0.6628099173553719,0.7206611570247934,2.7669421487603305
UNISIM_IV_P14_Seq2Trend_trial_134,P14,07581216808b015edc1449d5eecca359,134,7.61761993491632,0.9195017649150368,Seq2Trend,Normal,False,0.01,300,300,20,20,16,0.001,0.6,0.1,median,True,"[0.25, 0.5, 0.75]",False,P50,,False,42,1,arps,3,,default_group,UNISIM_IV_P14_Seq2Trend,UNISIM_IV,Seq2Trend,0.6628099173553719,0.7206611570247934,2.7669421487603305
UNISIM_IV_P14_Seq2Trend_trial_116,P14,25aebd3ae6571cd253b08068b65d6997,116,7.61761993491632,0.9195017649150368,Seq2Trend,Normal,False,0.01,300,300,20,20,16,0.001,0.6,0.1,median,True,"[0.25, 0.5, 0.75]",False,P50,,False,42,1,arps,3,,default_group,UNISIM_IV_P14_Seq2Trend,UNISIM_IV,Seq2Trend,0.6628099173553719,0.7206611570247934,2.7669421487603305
UNISIM_IV_P14_Seq2Trend_trial_127,P14,a6f0024cca985ead449dd551058313f1,127,7.61761993491632,0.9195017649150368,Seq2Trend,Normal,False,0.01,300,300,20,20,16,0.001,0.6,0.1,median,True,"[0.25, 0.5, 0.75]",False,P50,,False,42,1,arps,3,,default_group,UNISIM_IV_P14_Seq2Trend,UNISIM_IV,Seq2Trend,0.6628099173553719,0.7206611570247934,2.7669421487603305
UNISIM_IV_P14_Seq2Trend_trial_113,P14,e27a3a5f4206693ce451eea4fb4b4c91,113,7.61761993491632,0.9195017649150368,Seq2Trend,Normal,False,0.01,300,300,20,20,16,0.001,0.6,0.1,median,True,"[0.25, 0.5, 0.75]",False,P50,,False,42,1,arps,3,,default_group,UNISIM_IV_P14_Seq2Trend,UNISIM_IV,Seq2Trend,0.6628099173553719,0.7206611570247934,2.7669421487603305
UNISIM_IV_P14_Seq2Trend_trial_107,P14,2603473791538c66434368904397f2c7,107,7.61761993491632,0.9195017649150368,Seq2Trend,Normal,False,0.01,300,300,20,20,16,0.001,0.6,0.1,median,True,"[0.25, 0.5, 0.75]",False,P50,,False,42,1,arps,3,,default_group,UNISIM_IV_P14_Seq2Trend,UNISIM_IV,Seq2Trend,0.6628099173553719,0.7206611570247934,2.7669421487603305
UNISIM_IV_P14_Seq2Trend_trial_117,P14,eb611ec56f0a61e643aa0a0c2ff95cbb,117,7.61761993491632,0.9195017649150368,Seq2Trend,Normal,False,0.01,300,300,20,20,16,0.001,0.6,0.1,median,True,"[0.25, 0.5, 0.75]",False,P50,,False,42,1,arps,3,,default_group,UNISIM_IV_P14_Seq2Trend,UNISIM_IV,Seq2Trend,0.6628099173553719,0.7206611570247934,2.7669421487603305
UNISIM_IV_P14_Seq2Trend_trial_129,P14,c81c5db527a584a56832692b2d2607e4,129,7.61761993491632,0.9195017649150368,Seq2Trend,Normal,False,0.01,300,300,20,20,16,0.001,0.6,0.1,median,True,"[0.25, 0.5, 0.75]",False,P50,,False,42,1,arps,3,,default_group,UNISIM_IV_P14_Seq2Trend,UNISIM_IV,Seq2Trend,0.6628099173553719,0.7206611570247934,2.7669421487603305
UNISIM_IV_P14_Seq2Trend_trial_109,P14,034520c2ea6c3fc61517f11188bd84fe,109,7.61761993491632,0.9195017649150368,Seq2Trend,Normal,False,0.01,300,300,20,20,16,0.001,0.6,0.1,median,True,"[0.25, 0.5, 0.75]",False,P50,,False,42,1,arps,3,,default_group,UNISIM_IV_P14_Seq2Trend,UNISIM_IV,Seq2Trend,0.6628099173553719,0.7206611570247934,2.7669421487603305
UNISIM_IV_P14_Seq2Trend_trial_110,P14,384ae48682728664af51954a4036493c,110,7.61761993491632,0.9195017649150368,Seq2Trend,Normal,False,0.01,300,300,20,20,16,0.001,0.6,0.1,median,True,"[0.25, 0.5, 0.75]",False,P50,,False,42,1,arps,3,,default_group,UNISIM_IV_P14_Seq2Trend,UNISIM_IV,Seq2Trend,0.6628099173553719,0.7206611570247934,2.7669421487603305
UNISIM_IV_P14_Seq2Trend_trial_131,P14,7b3fa272b0550c88c431b4447ba377cb,131,7.61761993491632,0.9195017649150368,Seq2Trend,Normal,False,0.01,300,300,20,20,16,0.001,0.6,0.1,median,True,"[0.25, 0.5, 0.75]",False,P50,,False,42,1,arps,3,,default_group,UNISIM_IV_P14_Seq2Trend,UNISIM_IV,Seq2Trend,0.6628099173553719,0.7206611570247934,2.7669421487603305
UNISIM_IV_P14_Seq2Trend_trial_130,P14,1ead792c9a37e5a5cf3a503074f6a8af,130,7.61761993491632,0.9195017649150368,Seq2Trend,Normal,False,0.01,300,300,20,20,16,0.001,0.6,0.1,median,True,"[0.25, 0.5, 0.75]",False,P50,,False,42,1,arps,3,,default_group,UNISIM_IV_P14_Seq2Trend,UNISIM_IV,Seq2Trend,0.6628099173553719,0.7206611570247934,2.7669421487603305
UNISIM_IV_P14_Seq2Trend_trial_114,P14,cc098b628a1d4e7924aaf43044c90080,114,7.61761993491632,0.9195017649150368,Seq2Trend,Normal,False,0.01,300,300,20,20,16,0.001,0.6,0.1,median,True,"[0.25, 0.5, 0.75]",False,P50,,False,42,1,arps,3,,default_group,UNISIM_IV_P14_Seq2Trend,UNISIM_IV,Seq2Trend,0.6628099173553719,0.7206611570247934,2.7669421487603305
UNISIM_IV_P14_Seq2Trend_trial_141,P14,6023e169a0554b8e5b960602b1dc09e0,141,7.61761993491632,0.9195017649150368,Seq2Trend,Normal,False,0.01,300,300,20,20,16,0.001,0.6,0.1,median,True,"[0.25, 0.5, 0.75]",False,P50,,False,42,1,arps,3,,default_group,UNISIM_IV_P14_Seq2Trend,UNISIM_IV,Seq2Trend,0.6628099173553719,0.7206611570247934,2.7669421487603305
UNISIM_IV_P14_Seq2Trend_trial_128,P14,d1c0095dc449d5d3f015ebcb40ca3b1e,128,7.61761993491632,0.9195017649150368,Seq2Trend,Normal,False,0.01,300,300,20,20,16,0.001,0.6,0.1,median,True,"[0.25, 0.5, 0.75]",False,P50,,False,42,1,arps,3,,default_group,UNISIM_IV_P14_Seq2Trend,UNISIM_IV,Seq2Trend,0.6628099173553719,0.7206611570247934,2.7669421487603305
UNISIM_IV_P14_Seq2Trend_trial_135,P14,585136382c13a225ce03fc80f343c567,135,7.61761993491632,0.9195017649150368,Seq2Trend,Normal,False,0.01,300,300,20,20,16,0.001,0.6,0.1,median,True,"[0.25, 0.5, 0.75]",False,P50,,False,42,1,arps,3,,default_group,UNISIM_IV_P14_Seq2Trend,UNISIM_IV,Seq2Trend,0.6628099173553719,0.7206611570247934,2.7669421487603305
UNISIM_IV_P14_Seq2Trend_trial_112,P14,361b69bbc3c8ed80dbf1e83082bc335b,112,7.61761993491632,0.9195017649150368,Seq2Trend,Normal,False,0.01,300,300,20,20,16,0.001,0.6,0.1,median,True,"[0.25, 0.5, 0.75]",False,P50,,False,42,1,arps,3,,default_group,UNISIM_IV_P14_Seq2Trend,UNISIM_IV,Seq2Trend,0.6628099173553719,0.7206611570247934,2.7669421487603305
UNISIM_IV_P14_Seq2Trend_trial_108,P14,bb931e6e5e2ebc2b47b86a0e2e2f8d0d,108,7.61761993491632,0.9195017649150368,Seq2Trend,Normal,False,0.01,300,300,20,20,16,0.001,0.6,0.1,median,True,"[0.25, 0.5, 0.75]",False,P50,,False,42,1,arps,3,,default_group,UNISIM_IV_P14_Seq2Trend,UNISIM_IV,Seq2Trend,0.6628099173553719,0.7206611570247934,2.7669421487603305
UNISIM_IV_P14_Seq2Trend_trial_126,P14,1efd6b8f5fe1142b51128a3453af1832,126,7.61761993491632,0.9195017649150368,Seq2Trend,Normal,False,0.01,300,300,20,20,16,0.001,0.6,0.1,median,True,"[0.25, 0.5, 0.75]",False,P50,,False,42,1,arps,3,,default_group,UNISIM_IV_P14_Seq2Trend,UNISIM_IV,Seq2Trend,0.6628099173553719,0.7206611570247934,2.7669421487603305
UNISIM_IV_P14_Seq2Trend_trial_140,P14,58795ec0e6a307f10d2cb31eb3cb0c84,140,7.61761993491632,0.9195017649150368,Seq2Trend,Normal,False,0.01,300,300,20,20,16,0.001,0.6,0.1,median,True,"[0.25, 0.5, 0.75]",False,P50,,False,42,1,arps,3,,default_group,UNISIM_IV_P14_Seq2Trend,UNISIM_IV,Seq2Trend,0.6628099173553719,0.7206611570247934,2.7669421487603305
UNISIM_IV_P14_Seq2Trend_trial_139,P14,ecb90d16ba495806a038d2ac12816c86,139,7.61761993491632,0.9195017649150368,Seq2Trend,Normal,False,0.01,300,300,20,20,16,0.001,0.6,0.1,median,True,"[0.25, 0.5, 0.75]",False,P50,,False,42,1,arps,3,,default_group,UNISIM_IV_P14_Seq2Trend,UNISIM_IV,Seq2Trend,0.6628099173553719,0.7206611570247934,2.7669421487603305
UNISIM_IV_P14_Seq2Trend_trial_115,P14,4c5696a3c3c646566a28c3223761be19,115,7.61761993491632,0.9195017649150368,Seq2Trend,Normal,False,0.01,300,300,20,20,16,0.001,0.6,0.1,median,True,"[0.25, 0.5, 0.75]",False,P50,,False,42,1,arps,3,,default_group,UNISIM_IV_P14_Seq2Trend,UNISIM_IV,Seq2Trend,0.6628099173553719,0.7206611570247934,2.7669421487603305
UNISIM_IV_P14_Seq2Trend_trial_105,P14,66e1ea5849118f75caa6e49b2a57c8de,105,7.61761993491632,0.9195017649150368,Seq2Trend,Normal,False,0.01,300,300,20,20,16,0.001,0.6,0.1,median,True,"[0.25, 0.5, 0.75]",False,P50,,False,42,1,arps,3,,default_group,UNISIM_IV_P14_Seq2Trend,UNISIM_IV,Seq2Trend,0.6628099173553719,0.7206611570247934,2.7669421487603305
UNISIM_IV_P14_Seq2Trend_trial_132,P14,36f477112e03ba77bfff3d24f864b6f1,132,7.61761993491632,0.9195017649150368,Seq2Trend,Normal,False,0.01,300,300,20,20,16,0.001,0.6,0.1,median,True,"[0.25, 0.5, 0.75]",False,P50,,False,42,1,arps,3,,default_group,UNISIM_IV_P14_Seq2Trend,UNISIM_IV,Seq2Trend,0.6628099173553719,0.7206611570247934,2.7669421487603305
UNISIM_IV_P14_Seq2Trend_trial_147,P14,8c54b432cc82a773f9d1ad1b16b9f43b,147,7.61761993491632,0.9195017649150368,Seq2Trend,Normal,False,0.01,300,300,20,20,16,0.001,0.6,0.1,median,True,"[0.25, 0.5, 0.75]",False,P50,,False,42,1,arps,3,,default_group,UNISIM_IV_P14_Seq2Trend,UNISIM_IV,Seq2Trend,0.6628099173553719,0.7206611570247934,2.7669421487603305
UNISIM_IV_P14_Seq2Trend_trial_123,P14,d7889b6bc1ca7d611a2b7294606dc4c2,123,7.61761993491632,0.9195017649150368,Seq2Trend,Normal,False,0.01,300,300,20,20,16,0.001,0.6,0.1,median,True,"[0.25, 0.5, 0.75]",False,P50,,False,42,1,arps,3,,default_group,UNISIM_IV_P14_Seq2Trend,UNISIM_IV,Seq2Trend,0.6628099173553719,0.7206611570247934,2.7669421487603305
UNISIM_IV_P14_Seq2Trend_trial_122,P14,8beefe5938d5b0dd3d46f19f7424cc59,122,7.61761993491632,0.9195017649150368,Seq2Trend,Normal,False,0.01,300,300,20,20,16,0.001,0.6,0.1,median,True,"[0.25, 0.5, 0.75]",False,P50,,False,42,1,arps,3,,default_group,UNISIM_IV_P14_Seq2Trend,UNISIM_IV,Seq2Trend,0.6628099173553719,0.7206611570247934,2.7669421487603305
UNISIM_IV_P14_Seq2Trend_trial_138,P14,fe391325d66d322d280e6ca59156412d,138,7.61761993491632,0.9195017649150368,Seq2Trend,Normal,False,0.01,300,300,20,20,16,0.001,0.6,0.1,median,True,"[0.25, 0.5, 0.75]",False,P50,,False,42,1,arps,3,,default_group,UNISIM_IV_P14_Seq2Trend,UNISIM_IV,Seq2Trend,0.6628099173553719,0.7206611570247934,2.7669421487603305
UNISIM_IV_P14_Seq2Trend_trial_101,P14,3c87eb3f46bf996bb3fc70857fa4ed53,101,7.61761993491632,0.9195017649150368,Seq2Trend,Normal,False,0.01,300,300,20,20,16,0.001,0.6,0.1,median,True,"[0.25, 0.5, 0.75]",False,P50,,False,42,1,arps,3,,default_group,UNISIM_IV_P14_Seq2Trend,UNISIM_IV,Seq2Trend,0.6628099173553719,0.7206611570247934,2.7669421487603305
UNISIM_IV_P14_Seq2Trend_trial_148,P14,99582594b0cc6b30e993d8b8fa920eed,148,7.61761993491632,0.9195017649150368,Seq2Trend,Normal,False,0.01,300,300,20,20,16,0.001,0.6,0.1,median,True,"[0.25, 0.5, 0.75]",False,P50,,False,42,1,arps,3,,default_group,UNISIM_IV_P14_Seq2Trend,UNISIM_IV,Seq2Trend,0.6628099173553719,0.7206611570247934,2.7669421487603305
UNISIM_IV_P14_Seq2Trend_trial_121,P14,b3e21913a04ecaa9dca96184d3fe408a,121,7.61761993491632,0.9195017649150368,Seq2Trend,Normal,False,0.01,300,300,20,20,16,0.001,0.6,0.1,median,True,"[0.25, 0.5, 0.75]",False,P50,,False,42,1,arps,3,,default_group,UNISIM_IV_P14_Seq2Trend,UNISIM_IV,Seq2Trend,0.6628099173553719,0.7206611570247934,2.7669421487603305
UNISIM_IV_P14_Seq2Trend_trial_142,P14,207c05356c2d4721314433a75b1fca74,142,7.61761993491632,0.9195017649150368,Seq2Trend,Normal,False,0.01,300,300,20,20,16,0.001,0.6,0.1,median,True,"[0.25, 0.5, 0.75]",False,P50,,False,42,1,arps,3,,default_group,UNISIM_IV_P14_Seq2Trend,UNISIM_IV,Seq2Trend,0.6628099173553719,0.7206611570247934,2.7669421487603305
UNISIM_IV_P14_Seq2Trend_trial_103,P14,cf601acd077f953610c8aa3305e03c8e,103,7.61761993491632,0.9195017649150368,Seq2Trend,Normal,False,0.01,300,300,20,20,16,0.001,0.6,0.1,median,True,"[0.25, 0.5, 0.75]",False,P50,,False,42,1,arps,3,,default_group,UNISIM_IV_P14_Seq2Trend,UNISIM_IV,Seq2Trend,0.6628099173553719,0.7206611570247934,2.7669421487603305
UNISIM_IV_P14_Seq2Trend_trial_144,P14,49a100ba517cf9eed92a3d4b08ac2469,144,7.61761993491632,0.9195017649150368,Seq2Trend,Normal,False,0.01,300,300,20,20,16,0.001,0.6,0.1,median,True,"[0.25, 0.5, 0.75]",False,P50,,False,42,1,arps,3,,default_group,UNISIM_IV_P14_Seq2Trend,UNISIM_IV,Seq2Trend,0.6628099173553719,0.7206611570247934,2.7669421487603305
UNISIM_IV_P14_Seq2Trend_trial_118,P14,88416bca3a27f46b4a9c75a7da4ee02d,118,7.61761993491632,0.9195017649150368,Seq2Trend,Normal,False,0.01,300,300,20,20,16,0.001,0.6,0.1,median,True,"[0.25, 0.5, 0.75]",False,P50,,False,42,1,arps,3,,default_group,UNISIM_IV_P14_Seq2Trend,UNISIM_IV,Seq2Trend,0.6628099173553719,0.7206611570247934,2.7669421487603305
UNISIM_IV_P14_Seq2Trend_trial_106,P14,04320225e2c98ecc225ce77f85def45f,106,7.61761993491632,0.9195017649150368,Seq2Trend,Normal,False,0.01,300,300,20,20,16,0.001,0.6,0.1,median,True,"[0.25, 0.5, 0.75]",False,P50,,False,42,1,arps,3,,default_group,UNISIM_IV_P14_Seq2Trend,UNISIM_IV,Seq2Trend,0.6628099173553719,0.7206611570247934,2.7669421487603305
UNISIM_IV_P14_Seq2Trend_trial_143,P14,1be0bfe8265e9f1fc34c35df35135a85,143,7.61761993491632,0.9195017649150368,Seq2Trend,Normal,False,0.01,300,300,20,20,16,0.001,0.6,0.1,median,True,"[0.25, 0.5, 0.75]",False,P50,,False,42,1,arps,3,,default_group,UNISIM_IV_P14_Seq2Trend,UNISIM_IV,Seq2Trend,0.6628099173553719,0.7206611570247934,2.7669421487603305
UNISIM_IV_P14_Seq2Trend_trial_136,P14,901250af3cfa2e6d89d8bf9d42b081d0,136,7.61761993491632,0.9195017649150368,Seq2Trend,Normal,False,0.01,300,300,20,20,16,0.001,0.6,0.1,median,True,"[0.25, 0.5, 0.75]",False,P50,,False,42,1,arps,3,,default_group,UNISIM_IV_P14_Seq2Trend,UNISIM_IV,Seq2Trend,0.6628099173553719,0.7206611570247934,2.7669421487603305
UNISIM_IV_P14_Seq2Trend_trial_120,P14,cad2b673b5d0475414692ac20c2a5aa6,120,7.61761993491632,0.9195017649150368,Seq2Trend,Normal,False,0.01,300,300,20,20,16,0.001,0.6,0.1,median,True,"[0.25, 0.5, 0.75]",False,P50,,False,42,1,arps,3,,default_group,UNISIM_IV_P14_Seq2Trend,UNISIM_IV,Seq2Trend,0.6628099173553719,0.7206611570247934,2.7669421487603305
UNISIM_IV_P14_Seq2Trend_trial_146,P14,22f4004796a045ca496556890544f94c,146,7.61761993491632,0.9195017649150368,Seq2Trend,Normal,False,0.01,300,300,20,20,16,0.001,0.6,0.1,median,True,"[0.25, 0.5, 0.75]",False,P50,,False,42,1,arps,3,,default_group,UNISIM_IV_P14_Seq2Trend,UNISIM_IV,Seq2Trend,0.6628099173553719,0.7206611570247934,2.7669421487603305
UNISIM_IV_P14_Seq2Trend_trial_102,P14,cfdddb43ee14c9bae94af94bfd2ea0ba,102,7.61761993491632,0.9195017649150368,Seq2Trend,Normal,False,0.01,300,300,20,20,16,0.001,0.6,0.1,median,True,"[0.25, 0.5, 0.75]",False,P50,,False,42,1,arps,3,,default_group,UNISIM_IV_P14_Seq2Trend,UNISIM_IV,Seq2Trend,0.6628099173553719,0.7206611570247934,2.7669421487603305
UNISIM_IV_P15_Seq2Trend_trial_8,P15,04f9ebed227bfae50b2fdf6950c46c03,8,5.780096447312151,0.4850700898504838,Seq2Trend,Normal,False,0.99,300,300,50,20,8,0.001,0.6,0.1,median,True,"[0.25, 0.5, 0.75]",False,P50,,False,42,1,arps,8,,default_group,UNISIM_IV_P15_Seq2Trend,UNISIM_IV,Seq2Trend,0.3975206611570248,0.3371900826446281,1.4694214876033058
UNISIM_IV_P15_Seq2Trend_trial_61,P15,0ca24c15005f2e2c0f6fa8c7c309dea4,61,5.748634793004012,0.8227812278829294,Seq2Trend,Normal,False,0.99,300,300,20,20,8,0.001,0.6,0.1,median,True,"[0.25, 0.5, 0.75]",False,P50,,False,42,1,arps,8,,default_group,UNISIM_IV_P15_Seq2Trend,UNISIM_IV,Seq2Trend,0.5706611570247934,0.3359504132231405,1.8132231404958676
UNISIM_IV_P15_Seq2Trend_trial_77,P15,2cf7f4ac8eee6c0beb4291ea58d62e9d,77,6.196301273333386,0.2286934108406058,Seq2Trend,Normal,False,0.5,300,300,100,20,8,0.001,0.6,0.1,median,True,"[0.25, 0.5, 0.75]",False,P50,,False,42,1,static,4,,default_group,UNISIM_IV_P15_Seq2Trend,UNISIM_IV,Seq2Trend,0.13388429752066117,0.47520661157024796,1.2181818181818183
UNISIM_IV_P15_Seq2Trend_trial_64,P15,bcdec9e2992f627793d5836373fe0642,64,6.525137477043947,0.2522174566935108,Seq2Trend,Normal,False,0.01,300,300,20,20,8,0.01,0.6,0.1,median,True,"[0.25, 0.5, 0.75]",False,P50,,False,42,1,exponential,4,,default_group,UNISIM_IV_P15_Seq2Trend,UNISIM_IV,Seq2Trend,0.19793388429752065,0.6326446280991735,1.6611570247933884
UNISIM_IV_P15_Seq2Trend_trial_41,P15,fe218368d2ccc48d1109bdd1834ce66b,41,7.14856585040554,0.4981063242681711,Seq2Trend,Normal,False,0.99,300,300,200,20,16,0.005,0.6,0.1,median,True,"[0.25, 0.5, 0.75]",False,P50,,False,42,1,static,5,,default_group,UNISIM_IV_P15_Seq2Trend,UNISIM_IV,Seq2Trend,0.4,0.6826446280991736,2.1652892561983474
UNISIM_IV_P15_Seq2Trend_trial_13,P15,c2b86650fb634c58d4ce0e81e77eecdf,13,6.386711832953116,0.2279459623603549,Seq2Trend,Normal,False,0.25,300,300,20,20,16,0.01,0.6,0.1,median,True,"[0.25, 0.5, 0.75]",False,P50,,False,42,1,combined_exp_arps,2,,default_group,UNISIM_IV_P15_Seq2Trend,UNISIM_IV,Seq2Trend,0.1305785123966942,0.571900826446281,1.4049586776859506
UNISIM_IV_P15_Seq2Trend_trial_60,P15,337efc04bfc115f8611d5fccedaec1ce,60,6.105277649599712,0.2730603132178531,Seq2Trend,Normal,False,0.01,300,300,100,20,8,0.001,0.6,0.1,median,True,"[0.25, 0.5, 0.75]",False,P50,,False,42,1,combined_exp_arps,6,,default_group,UNISIM_IV_P15_Seq2Trend,UNISIM_IV,Seq2Trend,0.21074380165289255,0.46115702479338844,1.343801652892562
UNISIM_IV_P15_Seq2Trend_trial_19,P15,b47676c1e27247e8dd9416cc6b18e8a0,19,6.096161881457168,0.2788511507555546,Seq2Trend,Normal,False,0.01,300,300,100,20,8,0.001,0.6,0.1,median,True,"[0.25, 0.5, 0.75]",False,P50,,False,42,1,pressure_ensemble,5,,default_group,UNISIM_IV_P15_Seq2Trend,UNISIM_IV,Seq2Trend,0.21322314049586777,0.46033057851239667,1.3471074380165289
UNISIM_IV_P15_Seq2Trend_trial_98,P15,fa3ab71481ca672ad8dea5f4a4bae1fb,98,6.60612105294382,0.2605826575376832,Seq2Trend,Normal,False,0.01,300,300,200,20,8,0.01,0.6,0.1,median,True,"[0.25, 0.5, 0.75]",False,P50,,False,42,1,arps,2,,default_group,UNISIM_IV_P15_Seq2Trend,UNISIM_IV,Seq2Trend,0.20330578512396694,0.6446280991735537,1.6958677685950412
UNISIM_IV_P15_Seq2Trend_trial_2,P15,e49ec63dbad3bb84a5a4171fd5b90265,2,9.343960251915709,1.379582465051724,Seq2Trend,Normal,False,0.5,300,300,100,20,16,0.05,0.6,0.1,median,True,"[0.25, 0.5, 0.75]",False,P50,,False,42,1,static,4,,default_group,UNISIM_IV_P15_Seq2Trend,UNISIM_IV,Seq2Trend,0.7388429752066116,0.7876033057851239,3.0528925619834713
UNISIM_IV_P15_Seq2Trend_trial_69,P15,8ef1b7d73a4f35613dbd52159719d6e3,69,6.373838055473197,0.2264026422799952,Seq2Trend,Normal,False,0.99,300,300,50,20,16,0.005,0.6,0.1,median,True,"[0.25, 0.5, 0.75]",False,P50,,False,42,1,exponential,8,,default_group,UNISIM_IV_P15_Seq2Trend,UNISIM_IV,Seq2Trend,0.128099173553719,0.5685950413223141,1.3933884297520662
UNISIM_IV_P15_Seq2Trend_trial_44,P15,0aac189162283b4c1981df7389fcc1b9,44,6.569169418606776,0.2595048410513275,Seq2Trend,Normal,False,0.01,300,300,100,20,16,0.01,0.6,0.1,median,True,"[0.25, 0.5, 0.75]",False,P50,,False,42,1,pressure_ensemble,7,,default_group,UNISIM_IV_P15_Seq2Trend,UNISIM_IV,Seq2Trend,0.2024793388429752,0.6396694214876033,1.684297520661157
UNISIM_IV_P15_Seq2Trend_trial_43,P15,30c9b4a7ba6ea87da270ecd0137bb63e,43,6.064740441932512,0.255098831589194,Seq2Trend,Normal,False,0.25,300,300,50,20,16,0.005,0.6,0.1,median,True,"[0.25, 0.5, 0.75]",False,P50,,False,42,1,arps,2,,default_group,UNISIM_IV_P15_Seq2Trend,UNISIM_IV,Seq2Trend,0.20082644628099172,0.4537190082644628,1.309090909090909
UNISIM_IV_P15_Seq2Trend_trial_96,P15,47a1d3249e01e22c0df5077e0248f578,96,6.041262202756065,0.2862577967028778,Seq2Trend,Normal,False,0.99,300,300,100,20,8,0.001,0.6,0.1,median,True,"[0.25, 0.5, 0.75]",False,P50,,False,42,1,pressure_ensemble,8,,default_group,UNISIM_IV_P15_Seq2Trend,UNISIM_IV,Seq2Trend,0.21983471074380165,0.41074380165289254,1.2611570247933883
UNISIM_IV_P15_Seq2Trend_trial_73,P15,2579219ee6a9ec7e7cefecee97892f65,73,5.926294768478409,0.3006987459344857,Seq2Trend,Normal,False,0.25,300,300,100,20,8,0.001,0.6,0.1,median,True,"[0.25, 0.5, 0.75]",False,P50,,False,42,1,arps,4,,default_group,UNISIM_IV_P15_Seq2Trend,UNISIM_IV,Seq2Trend,0.22396694214876034,0.3942148760330578,1.2363636363636363
UNISIM_IV_P15_Seq2Trend_trial_92,P15,25df1e5e6e660fe55bb5e6612034b2bc,92,7.97419249194576,0.7596641253496986,Seq2Trend,Normal,False,0.5,300,300,50,20,16,0.05,0.6,0.1,median,True,"[0.25, 0.5, 0.75]",False,P50,,False,42,1,arps,5,,default_group,UNISIM_IV_P15_Seq2Trend,UNISIM_IV,Seq2Trend,0.5462809917355372,0.756198347107438,2.604958677685951
UNISIM_IV_P15_Seq2Trend_trial_32,P15,882797b83739d14c6cf79bd034d310c8,32,6.967069237093964,0.4034465021496217,Seq2Trend,Normal,False,0.5,300,300,100,20,8,0.01,0.6,0.1,median,True,"[0.25, 0.5, 0.75]",False,P50,,False,42,1,combined_exp_arps,4,,default_group,UNISIM_IV_P15_Seq2Trend,UNISIM_IV,Seq2Trend,0.2950413223140496,0.6727272727272727,1.9355371900826448
UNISIM_IV_P15_Seq2Trend_trial_50,P15,4b0ca5ab0233fd4643f57b3bdf33a5cd,50,8.326170117895469,1.02588482533582,Seq2Trend,Normal,False,0.99,300,300,100,20,8,0.05,0.6,0.1,median,True,"[0.25, 0.5, 0.75]",False,P50,,False,42,1,static,4,,default_group,UNISIM_IV_P15_Seq2Trend,UNISIM_IV,Seq2Trend,0.7024793388429752,0.7669421487603306,2.9388429752066116
UNISIM_IV_P15_Seq2Trend_trial_29,P15,292d8824f832142089c734f812d5cbb5,29,5.785667305881137,0.4609239665326294,Seq2Trend,Normal,False,0.25,300,300,20,20,8,0.005,0.6,0.1,median,True,"[0.25, 0.5, 0.75]",False,P50,,False,42,1,exponential,7,,default_group,UNISIM_IV_P15_Seq2Trend,UNISIM_IV,Seq2Trend,0.39090909090909093,0.3413223140495868,1.4644628099173556
UNISIM_IV_P15_Seq2Trend_trial_76,P15,57a7901e38c5839783704d7b69f14783,76,5.872889768692121,0.3869619711219063,Seq2Trend,Normal,False,0.99,300,300,100,20,16,0.001,0.6,0.1,median,True,"[0.25, 0.5, 0.75]",False,P50,,False,42,1,exponential,7,,default_group,UNISIM_IV_P15_Seq2Trend,UNISIM_IV,Seq2Trend,0.29338842975206614,0.3884297520661157,1.3636363636363638
UNISIM_IV_P15_Seq2Trend_trial_15,P15,fddd8c7c00fa57739431f71be72fa2d6,15,7.618985913654516,0.7078728449824667,Seq2Trend,Normal,False,0.99,300,300,200,20,8,0.005,0.6,0.1,median,True,"[0.25, 0.5, 0.75]",False,P50,,False,42,1,static,8,,default_group,UNISIM_IV_P15_Seq2Trend,UNISIM_IV,Seq2Trend,0.5322314049586777,0.7421487603305785,2.5487603305785127
UNISIM_IV_P15_Seq2Trend_trial_4,P15,04af1782020c9a980fde27d1f934fb43,4,6.847587312065325,0.2788874431713805,Seq2Trend,Normal,False,0.99,300,300,20,20,16,0.01,0.6,0.1,median,True,"[0.25, 0.5, 0.75]",False,P50,,False,42,1,arps,2,,default_group,UNISIM_IV_P15_Seq2Trend,UNISIM_IV,Seq2Trend,0.2140495867768595,0.6644628099173554,1.7570247933884298
UNISIM_IV_P15_Seq2Trend_trial_68,P15,72a5a0e46409845b97b5b5bdb8b43914,68,6.423693590818141,0.2464026932774799,Seq2Trend,Normal,False,0.01,300,300,100,20,16,0.05,0.6,0.1,median,True,"[0.25, 0.5, 0.75]",False,P50,,False,42,1,arps,8,,default_group,UNISIM_IV_P15_Seq2Trend,UNISIM_IV,Seq2Trend,0.14958677685950414,0.5793388429752067,1.4578512396694217
UNISIM_IV_P15_Seq2Trend_trial_48,P15,e451b7c2711fb55924e5984e7eaf0749,48,6.418449813036889,0.2470103157061567,Seq2Trend,Normal,False,0.01,300,300,100,20,8,0.01,0.6,0.1,median,True,"[0.25, 0.5, 0.75]",False,P50,,False,42,1,pressure_ensemble,4,,default_group,UNISIM_IV_P15_Seq2Trend,UNISIM_IV,Seq2Trend,0.15041322314049588,0.5776859504132231,1.456198347107438
UNISIM_IV_P15_Seq2Trend_trial_28,P15,8f9d73e1fa943eb92516d88c05a42470,28,8.603105075410198,0.7830624402548201,Seq2Trend,Normal,False,0.5,300,300,200,20,8,0.05,0.6,0.1,median,True,"[0.25, 0.5, 0.75]",False,P50,,False,42,1,pressure_ensemble,2,,default_group,UNISIM_IV_P15_Seq2Trend,UNISIM_IV,Seq2Trend,0.5508264462809918,0.7714876033057851,2.644628099173554
UNISIM_IV_P15_Seq2Trend_trial_37,P15,8f7ecc4adda5150b2c74df27749282c9,37,6.189351466457681,0.2146228791692615,Seq2Trend,Normal,False,0.25,300,300,20,20,8,0.05,0.6,0.1,median,True,"[0.25, 0.5, 0.75]",False,P50,,False,42,1,combined_exp_arps,7,,default_group,UNISIM_IV_P15_Seq2Trend,UNISIM_IV,Seq2Trend,0.12520661157024793,0.47396694214876034,1.1983471074380165
UNISIM_IV_P15_Seq2Trend_trial_47,P15,00cb669844934137d38303af96e4a55b,47,6.29580285316577,0.1951125200888248,Seq2Trend,Normal,False,0.5,300,300,20,20,8,0.05,0.6,0.1,median,True,"[0.25, 0.5, 0.75]",False,P50,,False,42,1,pressure_ensemble,6,,default_group,UNISIM_IV_P15_Seq2Trend,UNISIM_IV,Seq2Trend,0.12272727272727273,0.5516528925619835,1.3487603305785123
UNISIM_IV_P15_Seq2Trend_trial_33,P15,b3252d4d80c9bee0ff90e315b92731fb,33,6.112925137801264,0.2461547400745705,Seq2Trend,Normal,False,0.99,300,300,200,20,16,0.001,0.6,0.1,median,True,"[0.25, 0.5, 0.75]",False,P50,,False,42,1,arps,2,,default_group,UNISIM_IV_P15_Seq2Trend,UNISIM_IV,Seq2Trend,0.1487603305785124,0.4628099173553719,1.2231404958677685
UNISIM_IV_P15_Seq2Trend_trial_39,P15,a8e1bf8d0d076e7422cd970ab87cc3c5,39,6.079320933461685,0.3024419770562563,Seq2Trend,Normal,False,0.01,300,300,50,20,16,0.001,0.6,0.1,median,True,"[0.25, 0.5, 0.75]",False,P50,,False,42,1,exponential,5,,default_group,UNISIM_IV_P15_Seq2Trend,UNISIM_IV,Seq2Trend,0.22603305785123967,0.45578512396694215,1.3636363636363638
UNISIM_IV_P15_Seq2Trend_trial_59,P15,ac34c12983c36f805aff6af010fd3285,59,6.114225915098945,0.2736366493492911,Seq2Trend,Normal,False,0.01,300,300,200,20,16,0.001,0.6,0.1,median,True,"[0.25, 0.5, 0.75]",False,P50,,False,42,1,pressure_ensemble,4,,default_group,UNISIM_IV_P15_Seq2Trend,UNISIM_IV,Seq2Trend,0.2115702479338843,0.4636363636363636,1.350413223140496
UNISIM_IV_P15_Seq2Trend_trial_31,P15,2f54f061ba09489acc2efe906d60f4ea,31,6.29580285316577,0.1951125200888248,Seq2Trend,Normal,False,0.5,300,300,20,20,8,0.05,0.6,0.1,median,True,"[0.25, 0.5, 0.75]",False,P50,,False,42,1,pressure_ensemble,8,,default_group,UNISIM_IV_P15_Seq2Trend,UNISIM_IV,Seq2Trend,0.12272727272727273,0.5516528925619835,1.3487603305785123
UNISIM_IV_P15_Seq2Trend_trial_63,P15,6419686cdc4af5e3317375835e0c04f3,63,11.765962862308331,2.315784287341202,Seq2Trend,Normal,False,0.99,300,300,100,20,8,0.05,0.6,0.1,median,True,"[0.25, 0.5, 0.75]",False,P50,,False,42,1,pressure_ensemble,3,,default_group,UNISIM_IV_P15_Seq2Trend,UNISIM_IV,Seq2Trend,0.7958677685950413,0.8107438016528926,3.2132231404958675
UNISIM_IV_P15_Seq2Trend_trial_20,P15,87f35940c917dafedcfcc00584f458ea,20,6.847995208079307,0.3689552236037394,Seq2Trend,Normal,False,0.5,300,300,50,20,8,0.05,0.6,0.1,median,True,"[0.25, 0.5, 0.75]",False,P50,,False,42,1,exponential,8,,default_group,UNISIM_IV_P15_Seq2Trend,UNISIM_IV,Seq2Trend,0.28677685950413223,0.6652892561983471,1.9041322314049587
UNISIM_IV_P15_Seq2Trend_trial_94,P15,dda66acf85d2d21a643ce763e50ec6fb,94,6.67315684373074,0.271488131485158,Seq2Trend,Normal,False,0.25,300,300,20,20,8,0.05,0.6,0.1,median,True,"[0.25, 0.5, 0.75]",False,P50,,False,42,1,exponential,2,,default_group,UNISIM_IV_P15_Seq2Trend,UNISIM_IV,Seq2Trend,0.20909090909090908,0.6495867768595042,1.7173553719008265
UNISIM_IV_P15_Seq2Trend_trial_0,P15,92bfbeee6202c495722d8fc409600ed5,0,7.808860196426528,0.625022934866914,Seq2Trend,Normal,False,0.25,300,300,100,20,16,0.05,0.6,0.1,median,True,"[0.25, 0.5, 0.75]",False,P50,,False,42,1,pressure_ensemble,6,,default_group,UNISIM_IV_P15_Seq2Trend,UNISIM_IV,Seq2Trend,0.428099173553719,0.7495867768595041,2.355371900826446
UNISIM_IV_P15_Seq2Trend_trial_78,P15,4f1a88b85f243b7343074581de683050,78,6.218695595665374,0.2614600101808652,Seq2Trend,Normal,False,0.01,300,300,200,20,8,0.05,0.6,0.1,median,True,"[0.25, 0.5, 0.75]",False,P50,,False,42,1,pressure_ensemble,4,,default_group,UNISIM_IV_P15_Seq2Trend,UNISIM_IV,Seq2Trend,0.20413223140495868,0.4818181818181818,1.3719008264462809
UNISIM_IV_P15_Seq2Trend_trial_70,P15,832c840c8c2a5da08639f6f91efbf319,70,6.466518500138499,0.2281678876118557,Seq2Trend,Normal,False,0.25,300,300,100,20,16,0.01,0.6,0.1,median,True,"[0.25, 0.5, 0.75]",False,P50,,False,42,1,arps,3,,default_group,UNISIM_IV_P15_Seq2Trend,UNISIM_IV,Seq2Trend,0.1318181818181818,0.6243801652892562,1.512396694214876
UNISIM_IV_P15_Seq2Trend_trial_12,P15,175e943988a7363cbdbaba92aedfc782,12,6.504850456516975,0.24750885754021,Seq2Trend,Normal,False,0.01,300,300,50,20,8,0.05,0.6,0.1,median,True,"[0.25, 0.5, 0.75]",False,P50,,False,42,1,static,7,,default_group,UNISIM_IV_P15_Seq2Trend,UNISIM_IV,Seq2Trend,0.15206611570247933,0.6297520661157024,1.5636363636363635
UNISIM_IV_P15_Seq2Trend_trial_58,P15,3ca28f68a424e76f33acf2f5f8768c28,58,7.4345516212305425,0.6410582698943605,Seq2Trend,Normal,False,0.99,300,300,200,20,8,0.005,0.6,0.1,median,True,"[0.25, 0.5, 0.75]",False,P50,,False,42,1,arps,4,,default_group,UNISIM_IV_P15_Seq2Trend,UNISIM_IV,Seq2Trend,0.43388429752066116,0.6958677685950413,2.259504132231405
UNISIM_IV_P15_Seq2Trend_trial_6,P15,51520f4cfa112227832a1b5847828bbc,6,6.6336279757863785,0.2680775575361995,Seq2Trend,Normal,False,0.01,300,300,200,20,8,0.05,0.6,0.1,median,True,"[0.25, 0.5, 0.75]",False,P50,,False,42,1,combined_exp_arps,4,,default_group,UNISIM_IV_P15_Seq2Trend,UNISIM_IV,Seq2Trend,0.20743801652892563,0.6479338842975206,1.7107438016528924
UNISIM_IV_P15_Seq2Trend_trial_11,P15,432988ef4f8e78fc8763b6ceab13f30a,11,6.254909278399038,0.2477978802721257,Seq2Trend,Normal,False,0.01,300,300,200,20,8,0.001,0.6,0.1,median,True,"[0.25, 0.5, 0.75]",False,P50,,False,42,1,arps,2,,default_group,UNISIM_IV_P15_Seq2Trend,UNISIM_IV,Seq2Trend,0.15289256198347106,0.5371900826446281,1.3801652892561984
UNISIM_IV_P15_Seq2Trend_trial_67,P15,10567786fc398117fc4c295b7351f72b,67,5.974243161723639,0.2634806864135698,Seq2Trend,Normal,False,0.5,300,300,100,20,16,0.001,0.6,0.1,median,True,"[0.25, 0.5, 0.75]",False,P50,,False,42,1,static,5,,default_group,UNISIM_IV_P15_Seq2Trend,UNISIM_IV,Seq2Trend,0.2049586776859504,0.39917355371900826,1.2082644628099173
UNISIM_IV_P15_Seq2Trend_trial_82,P15,14cc897a86adce5c3e4b5058fb85fd2e,82,6.369511656575814,0.2407515913400925,Seq2Trend,Normal,False,0.01,300,300,200,20,8,0.001,0.6,0.1,median,True,"[0.25, 0.5, 0.75]",False,P50,,False,42,1,pressure_ensemble,3,,default_group,UNISIM_IV_P15_Seq2Trend,UNISIM_IV,Seq2Trend,0.14132231404958678,0.5661157024793388,1.4148760330578511
UNISIM_IV_P15_Seq2Trend_trial_54,P15,43dbff9605a4f5f201dd66c7aea46867,54,8.922685153220232,1.2393356432920588,Seq2Trend,Normal,False,0.99,300,300,50,20,16,0.05,0.6,0.1,median,True,"[0.25, 0.5, 0.75]",False,P50,,False,42,1,static,8,,default_group,UNISIM_IV_P15_Seq2Trend,UNISIM_IV,Seq2Trend,0.7264462809917356,0.78099173553719,3.0148760330578512
UNISIM_IV_P15_Seq2Trend_trial_91,P15,dfb4a69ce32c1aa7f870aa30405140f5,91,7.16931324928594,0.4204087086150198,Seq2Trend,Normal,False,0.01,300,300,200,20,8,0.005,0.6,0.1,median,True,"[0.25, 0.5, 0.75]",False,P50,,False,42,1,exponential,8,,default_group,UNISIM_IV_P15_Seq2Trend,UNISIM_IV,Seq2Trend,0.2991735537190083,0.6851239669421487,1.968595041322314
UNISIM_IV_P15_Seq2Trend_trial_25,P15,5ed609a11417712991e0c28ffb6a8b30,25,6.222843036026664,0.2268826834740846,Seq2Trend,Normal,False,0.25,300,300,200,20,16,0.001,0.6,0.1,median,True,"[0.25, 0.5, 0.75]",False,P50,,False,42,1,static,2,,default_group,UNISIM_IV_P15_Seq2Trend,UNISIM_IV,Seq2Trend,0.12975206611570247,0.4834710743801653,1.2264462809917356
UNISIM_IV_P15_Seq2Trend_trial_56,P15,ad5cc3390988a5eaaeca8017e182fab1,56,6.079320933461685,0.3024419770562563,Seq2Trend,Normal,False,0.01,300,300,50,20,16,0.001,0.6,0.1,median,True,"[0.25, 0.5, 0.75]",False,P50,,False,42,1,exponential,8,,default_group,UNISIM_IV_P15_Seq2Trend,UNISIM_IV,Seq2Trend,0.22603305785123967,0.45578512396694215,1.3636363636363638
UNISIM_IV_P15_Seq2Trend_trial_87,P15,5683930ef715c623a350b2f316daf6f7,87,6.093064330753942,0.2513554732237578,Seq2Trend,Normal,False,0.5,300,300,20,20,16,0.005,0.6,0.1,median,True,"[0.25, 0.5, 0.75]",False,P50,,False,42,1,combined_exp_arps,8,,default_group,UNISIM_IV_P15_Seq2Trend,UNISIM_IV,Seq2Trend,0.19669421487603306,0.45950413223140496,1.312396694214876
UNISIM_IV_P15_Seq2Trend_trial_36,P15,7ad6728e016b0cb4157ab458abe8830f,36,10.207132791997475,1.7758949802476178,Seq2Trend,Normal,False,0.99,300,300,50,20,8,0.05,0.6,0.1,median,True,"[0.25, 0.5, 0.75]",False,P50,,False,42,1,arps,8,,default_group,UNISIM_IV_P15_Seq2Trend,UNISIM_IV,Seq2Trend,0.7661157024793388,0.7966942148760331,3.1256198347107436
UNISIM_IV_P15_Seq2Trend_trial_3,P15,3fece62970cd044d48210c1e39fa9f18,3,5.748634793004012,0.8227812278829294,Seq2Trend,Normal,False,0.99,300,300,20,20,8,0.001,0.6,0.1,median,True,"[0.25, 0.5, 0.75]",False,P50,,False,42,1,arps,2,,default_group,UNISIM_IV_P15_Seq2Trend,UNISIM_IV,Seq2Trend,0.5706611570247934,0.3359504132231405,1.8132231404958676
UNISIM_IV_P15_Seq2Trend_trial_35,P15,3a85595b1bced141af23f5d712fd13ee,35,15.338520370993432,3.6273945235886895,Seq2Trend,Normal,False,0.99,300,300,100,20,16,0.05,0.6,0.1,median,True,"[0.25, 0.5, 0.75]",False,P50,,False,42,1,exponential,5,,default_group,UNISIM_IV_P15_Seq2Trend,UNISIM_IV,Seq2Trend,0.8958677685950414,0.8942148760330578,3.5801652892561986
UNISIM_IV_P15_Seq2Trend_trial_49,P15,3ceecc776ade2edbc25844ba8c544876,49,7.400135559320768,0.5779728366510777,Seq2Trend,Normal,False,0.5,300,300,100,20,8,0.01,0.6,0.1,median,True,"[0.25, 0.5, 0.75]",False,P50,,False,42,1,exponential,7,,default_group,UNISIM_IV_P15_Seq2Trend,UNISIM_IV,Seq2Trend,0.41570247933884297,0.6942148760330579,2.2198347107438017
UNISIM_IV_P15_Seq2Trend_trial_99,P15,ab8efa9d606215bfdc27008d4431b632,99,7.27421569057732,0.2358821180888113,Seq2Trend,Normal,False,0.99,300,300,200,20,16,0.05,0.6,0.1,median,True,"[0.25, 0.5, 0.75]",False,P50,,False,42,1,combined_exp_arps,8,,default_group,UNISIM_IV_P15_Seq2Trend,UNISIM_IV,Seq2Trend,0.13801652892561983,0.6909090909090909,1.6578512396694216
UNISIM_IV_P15_Seq2Trend_trial_40,P15,b3c1c2013d3c778c724e2e0738b6d6d3,40,6.3323237220024335,0.2347817471778709,Seq2Trend,Normal,False,0.25,300,300,100,20,8,0.005,0.6,0.1,median,True,"[0.25, 0.5, 0.75]",False,P50,,False,42,1,exponential,3,,default_group,UNISIM_IV_P15_Seq2Trend,UNISIM_IV,Seq2Trend,0.1371900826446281,0.5586776859504132,1.3917355371900826
UNISIM_IV_P15_Seq2Trend_trial_86,P15,ecd2a5d9e6f9d443b62d98c1a46165e9,86,6.893114618260282,0.3520727196487423,Seq2Trend,Normal,False,0.5,300,300,200,20,8,0.01,0.6,0.1,median,True,"[0.25, 0.5, 0.75]",False,P50,,False,42,1,arps,6,,default_group,UNISIM_IV_P15_Seq2Trend,UNISIM_IV,Seq2Trend,0.2396694214876033,0.6669421487603305,1.8132231404958676
UNISIM_IV_P15_Seq2Trend_trial_7,P15,e5f7a31397865833c6a34d0a1914254a,7,6.3991284576285095,0.2281804650016638,Seq2Trend,Normal,False,0.25,300,300,20,20,8,0.01,0.6,0.1,median,True,"[0.25, 0.5, 0.75]",False,P50,,False,42,1,combined_exp_arps,8,,default_group,UNISIM_IV_P15_Seq2Trend,UNISIM_IV,Seq2Trend,0.13305785123966943,0.5743801652892562,1.4148760330578511
UNISIM_IV_P15_Seq2Trend_trial_14,P15,68445263b883e7f67b3db2cfc6757c89,14,11.867384416059496,2.338256140172005,Seq2Trend,Normal,False,0.99,300,300,20,20,8,0.05,0.6,0.1,median,True,"[0.25, 0.5, 0.75]",False,P50,,False,42,1,pressure_ensemble,5,,default_group,UNISIM_IV_P15_Seq2Trend,UNISIM_IV,Seq2Trend,0.7966942148760331,0.8115702479338843,3.216528925619835
UNISIM_IV_P15_Seq2Trend_trial_18,P15,43f4d1648e61f0017612dfd69f1d07c4,18,6.476824473895176,0.2428329564914963,Seq2Trend,Normal,False,0.01,300,300,100,20,8,0.05,0.6,0.1,median,True,"[0.25, 0.5, 0.75]",False,P50,,False,42,1,combined_exp_arps,2,,default_group,UNISIM_IV_P15_Seq2Trend,UNISIM_IV,Seq2Trend,0.14380165289256197,0.6272727272727273,1.5421487603305786
UNISIM_IV_P15_Seq2Trend_trial_51,P15,ca21ab8cb454b74469fd4af8c42b05ee,51,5.945698970626596,0.301586680092414,Seq2Trend,Normal,False,0.5,300,300,100,20,16,0.001,0.6,0.1,median,True,"[0.25, 0.5, 0.75]",False,P50,,False,42,1,combined_exp_arps,6,,default_group,UNISIM_IV_P15_Seq2Trend,UNISIM_IV,Seq2Trend,0.22479338842975208,0.39669421487603307,1.2429752066115702
UNISIM_IV_P15_Seq2Trend_trial_93,P15,c1d22c88cce9a8a82c78320c3fa7cc5f,93,6.42079745736954,0.2439089051319613,Seq2Trend,Normal,False,0.01,300,300,20,20,8,0.05,0.6,0.1,median,True,"[0.25, 0.5, 0.75]",False,P50,,False,42,1,static,4,,default_group,UNISIM_IV_P15_Seq2Trend,UNISIM_IV,Seq2Trend,0.1446280991735537,0.5785123966942148,1.446280991735537
UNISIM_IV_P15_Seq2Trend_trial_57,P15,a8f29ac6783308ba323c8245439c6472,57,6.373699909410712,0.2418951347269249,Seq2Trend,Normal,False,0.01,300,300,50,20,8,0.05,0.6,0.1,median,True,"[0.25, 0.5, 0.75]",False,P50,,False,42,1,combined_exp_arps,2,,default_group,UNISIM_IV_P15_Seq2Trend,UNISIM_IV,Seq2Trend,0.14297520661157026,0.5677685950413223,1.421487603305785
UNISIM_IV_P15_Seq2Trend_trial_34,P15,1a1f3c72afb42fda7fe7eccf81f822b5,34,6.144604871547772,0.2659513190314494,Seq2Trend,Normal,False,0.25,300,300,200,20,16,0.01,0.6,0.1,median,True,"[0.25, 0.5, 0.75]",False,P50,,False,42,1,combined_exp_arps,6,,default_group,UNISIM_IV_P15_Seq2Trend,UNISIM_IV,Seq2Trend,0.2066115702479339,0.46611570247933887,1.3454545454545455
UNISIM_IV_P15_Seq2Trend_trial_62,P15,286a3ed406434cab1120fe461ba9d1de,62,6.242026358781419,0.2308758111252649,Seq2Trend,Normal,False,0.25,300,300,50,20,16,0.05,0.6,0.1,median,True,"[0.25, 0.5, 0.75]",False,P50,,False,42,1,combined_exp_arps,6,,default_group,UNISIM_IV_P15_Seq2Trend,UNISIM_IV,Seq2Trend,0.1347107438016529,0.4925619834710744,1.2545454545454546
UNISIM_IV_P15_Seq2Trend_trial_81,P15,94c745e7499dfac425bc3606a815d3b4,81,6.292118197752254,0.2262079215252031,Seq2Trend,Normal,False,0.25,300,300,200,20,16,0.005,0.6,0.1,median,True,"[0.25, 0.5, 0.75]",False,P50,,False,42,1,combined_exp_arps,4,,default_group,UNISIM_IV_P15_Seq2Trend,UNISIM_IV,Seq2Trend,0.12727272727272726,0.5479338842975207,1.350413223140496
UNISIM_IV_P15_Seq2Trend_trial_24,P15,bef563db00accdb0809de46fdc6a69ef,24,6.577116393459743,0.244622851533678,Seq2Trend,Normal,False,0.01,300,300,100,20,8,0.05,0.6,0.1,median,True,"[0.25, 0.5, 0.75]",False,P50,,False,42,1,arps,4,,default_group,UNISIM_IV_P15_Seq2Trend,UNISIM_IV,Seq2Trend,0.14628099173553719,0.6421487603305785,1.5768595041322315
UNISIM_IV_P15_Seq2Trend_trial_90,P15,5065ed4d5d9c6052257d131312f276c6,90,6.197321575664959,0.2696697529092813,Seq2Trend,Normal,False,0.5,300,300,50,20,16,0.01,0.6,0.1,median,True,"[0.25, 0.5, 0.75]",False,P50,,False,42,1,combined_exp_arps,5,,default_group,UNISIM_IV_P15_Seq2Trend,UNISIM_IV,Seq2Trend,0.20826446280991737,0.4768595041322314,1.3702479338842974
UNISIM_IV_P15_Seq2Trend_trial_16,P15,f1b9e46cdad133f729d0354d365fc68c,16,6.005068439297208,0.365451210659929,Seq2Trend,Normal,False,0.5,300,300,50,20,8,0.05,0.6,0.1,median,True,"[0.25, 0.5, 0.75]",False,P50,,False,42,1,combined_exp_arps,6,,default_group,UNISIM_IV_P15_Seq2Trend,UNISIM_IV,Seq2Trend,0.2859504132231405,0.4024793388429752,1.3768595041322316
UNISIM_IV_P15_Seq2Trend_trial_89,P15,6d7d7a547e5ddd446453f8ecf31b737c,89,8.001995825652433,0.8693605426870412,Seq2Trend,Normal,False,0.99,300,300,200,20,8,0.001,0.6,0.1,median,True,"[0.25, 0.5, 0.75]",False,P50,,False,42,1,pressure_ensemble,3,,default_group,UNISIM_IV_P15_Seq2Trend,UNISIM_IV,Seq2Trend,0.5834710743801653,0.7570247933884298,2.68099173553719
UNISIM_IV_P15_Seq2Trend_trial_5,P15,b609af9405fe16fb2218dd69c1eaec06,5,5.859446583432342,0.4184951011573636,Seq2Trend,Normal,False,0.5,300,300,50,20,16,0.001,0.6,0.1,median,True,"[0.25, 0.5, 0.75]",False,P50,,False,42,1,exponential,3,,default_group,UNISIM_IV_P15_Seq2Trend,UNISIM_IV,Seq2Trend,0.2983471074380165,0.3867768595041322,1.3702479338842974
UNISIM_IV_P15_Seq2Trend_trial_65,P15,cd6ab83ac39e3365573bb214961f8a61,65,5.898389528139942,0.6546322052091961,Seq2Trend,Normal,False,0.5,300,300,20,20,16,0.001,0.6,0.1,median,True,"[0.25, 0.5, 0.75]",False,P50,,False,42,1,combined_exp_arps,3,,default_group,UNISIM_IV_P15_Seq2Trend,UNISIM_IV,Seq2Trend,0.4380165289256198,0.39090909090909093,1.6578512396694216
UNISIM_IV_P15_Seq2Trend_trial_84,P15,3c59edec82e4c246b5593cac77e405ba,84,8.108284077425434,0.9205417963018308,Seq2Trend,Normal,False,0.99,300,300,100,20,16,0.01,0.6,0.1,median,True,"[0.25, 0.5, 0.75]",False,P50,,False,42,1,arps,2,,default_group,UNISIM_IV_P15_Seq2Trend,UNISIM_IV,Seq2Trend,0.684297520661157,0.7611570247933884,2.8909090909090907
UNISIM_IV_P15_Seq2Trend_trial_85,P15,4a561d2d56cd04405ebb454383a6568e,85,6.684980416018744,1.2502721942644817,Seq2Trend,Normal,False,0.25,300,300,20,20,16,0.001,0.6,0.1,median,True,"[0.25, 0.5, 0.75]",False,P50,,False,42,1,arps,2,,default_group,UNISIM_IV_P15_Seq2Trend,UNISIM_IV,Seq2Trend,0.728099173553719,0.6520661157024793,2.760330578512397
UNISIM_IV_P15_Seq2Trend_trial_52,P15,f9a22867d1f13e0e0516751ac3e139ce,52,6.466518500138499,0.2281678876118557,Seq2Trend,Normal,False,0.25,300,300,100,20,16,0.01,0.6,0.1,median,True,"[0.25, 0.5, 0.75]",False,P50,,False,42,1,arps,2,,default_group,UNISIM_IV_P15_Seq2Trend,UNISIM_IV,Seq2Trend,0.1318181818181818,0.6243801652892562,1.512396694214876
UNISIM_IV_P15_Seq2Trend_trial_71,P15,e2904c00166733287b49d9220d61dfa2,71,5.717100471785167,0.8195197004735012,Seq2Trend,Normal,False,0.99,300,300,20,20,8,0.001,0.6,0.1,median,True,"[0.25, 0.5, 0.75]",False,P50,,False,42,1,pressure_ensemble,8,,default_group,UNISIM_IV_P15_Seq2Trend,UNISIM_IV,Seq2Trend,0.5685950413223141,0.3330578512396694,1.803305785123967
UNISIM_IV_P15_Seq2Trend_trial_53,P15,febe8729551ca4d03b661ee5cace4b1f,53,8.623093842488593,1.113324339434194,Seq2Trend,Normal,False,0.5,300,300,100,20,16,0.05,0.6,0.1,median,True,"[0.25, 0.5, 0.75]",False,P50,,False,42,1,exponential,8,,default_group,UNISIM_IV_P15_Seq2Trend,UNISIM_IV,Seq2Trend,0.7148760330578512,0.7735537190082644,2.976859504132231
UNISIM_IV_P15_Seq2Trend_trial_66,P15,4b99058788360a8e2103cfa7c5213c4a,66,6.173892893886903,0.2659478089608566,Seq2Trend,Normal,False,0.01,300,300,20,20,8,0.005,0.6,0.1,median,True,"[0.25, 0.5, 0.75]",False,P50,,False,42,1,arps,2,,default_group,UNISIM_IV_P15_Seq2Trend,UNISIM_IV,Seq2Trend,0.20578512396694215,0.471900826446281,1.3553719008264462
UNISIM_IV_P15_Seq2Trend_trial_9,P15,538f329db92852e894e9985f22247b24,9,5.996577242797386,0.285407598427654,Seq2Trend,Normal,False,0.5,300,300,50,20,16,0.005,0.6,0.1,median,True,"[0.25, 0.5, 0.75]",False,P50,,False,42,1,arps,4,,default_group,UNISIM_IV_P15_Seq2Trend,UNISIM_IV,Seq2Trend,0.2190082644628099,0.40165289256198344,1.2413223140495866
UNISIM_IV_P15_Seq2Trend_trial_74,P15,a5c09e55deb9c0b10ee81cd78dd2d1ff,74,7.122829871709198,0.4484832496732266,Seq2Trend,Normal,False,0.99,300,300,100,20,8,0.005,0.6,0.1,median,True,"[0.25, 0.5, 0.75]",False,P50,,False,42,1,combined_exp_arps,7,,default_group,UNISIM_IV_P15_Seq2Trend,UNISIM_IV,Seq2Trend,0.30413223140495865,0.6818181818181818,1.971900826446281
UNISIM_IV_P15_Seq2Trend_trial_55,P15,37a2e643ef307b5f1f7fc8bf74980f5e,55,6.379124604044631,0.240118028191301,Seq2Trend,Normal,False,0.01,300,300,200,20,8,0.001,0.6,0.1,median,True,"[0.25, 0.5, 0.75]",False,P50,,False,42,1,combined_exp_arps,5,,default_group,UNISIM_IV_P15_Seq2Trend,UNISIM_IV,Seq2Trend,0.14049586776859505,0.5710743801652892,1.4231404958677685
UNISIM_IV_P15_Seq2Trend_trial_97,P15,cb76a2d75fc5753fcef8c016b3e3e05f,97,6.223907359958282,0.2721041629105768,Seq2Trend,Normal,False,0.01,300,300,20,20,16,0.001,0.6,0.1,median,True,"[0.25, 0.5, 0.75]",False,P50,,False,42,1,static,4,,default_group,UNISIM_IV_P15_Seq2Trend,UNISIM_IV,Seq2Trend,0.20991735537190082,0.484297520661157,1.3884297520661155
UNISIM_IV_P15_Seq2Trend_trial_23,P15,6e5e4ae5cc5cdd646438252d91f7c70b,23,6.925699630592128,0.3778128788179676,Seq2Trend,Normal,False,0.25,300,300,200,20,8,0.01,0.6,0.1,median,True,"[0.25, 0.5, 0.75]",False,P50,,False,42,1,exponential,5,,default_group,UNISIM_IV_P15_Seq2Trend,UNISIM_IV,Seq2Trend,0.2900826446280992,0.6677685950413224,1.915702479338843
UNISIM_IV_P15_Seq2Trend_trial_21,P15,5f70c840112d1b8015ab35a07ba2a1eb,21,6.96088860183616,0.3517192001484756,Seq2Trend,Normal,False,0.25,300,300,50,20,16,0.05,0.6,0.1,median,True,"[0.25, 0.5, 0.75]",False,P50,,False,42,1,arps,5,,default_group,UNISIM_IV_P15_Seq2Trend,UNISIM_IV,Seq2Trend,0.23801652892561984,0.671900826446281,1.8198347107438018
UNISIM_IV_P15_Seq2Trend_trial_95,P15,d31c5612e7284b8763d5df1ed300c7a2,95,5.892409016798985,0.3389672771266092,Seq2Trend,Normal,False,0.25,300,300,50,20,16,0.005,0.6,0.1,median,True,"[0.25, 0.5, 0.75]",False,P50,,False,42,1,exponential,4,,default_group,UNISIM_IV_P15_Seq2Trend,UNISIM_IV,Seq2Trend,0.23388429752066114,0.39008264462809916,1.2479338842975207
UNISIM_IV_P15_Seq2Trend_trial_17,P15,5d8ac09141cf8fd1a85dac6b7c3fbe83,17,6.027003967886471,0.2848268705138227,Seq2Trend,Normal,False,0.99,300,300,100,20,8,0.001,0.6,0.1,median,True,"[0.25, 0.5, 0.75]",False,P50,,False,42,1,exponential,8,,default_group,UNISIM_IV_P15_Seq2Trend,UNISIM_IV,Seq2Trend,0.21735537190082643,0.40743801652892564,1.2495867768595041
UNISIM_IV_P15_Seq2Trend_trial_46,P15,60146a5f2a16c83c9d2d4a3102a01856,46,6.589783805674221,0.2474338126232657,Seq2Trend,Normal,False,0.5,300,300,50,20,8,0.01,0.6,0.1,median,True,"[0.25, 0.5, 0.75]",False,P50,,False,42,1,combined_exp_arps,7,,default_group,UNISIM_IV_P15_Seq2Trend,UNISIM_IV,Seq2Trend,0.15123966942148762,0.6429752066115703,1.5884297520661157
UNISIM_IV_P15_Seq2Trend_trial_80,P15,f5bb9d1f77748a07039781239b390fed,80,6.566089862599357,0.2545842981818763,Seq2Trend,Normal,False,0.01,300,300,200,20,16,0.05,0.6,0.1,median,True,"[0.25, 0.5, 0.75]",False,P50,,False,42,1,static,6,,default_group,UNISIM_IV_P15_Seq2Trend,UNISIM_IV,Seq2Trend,0.2,0.6388429752066116,1.677685950413223
UNISIM_IV_P15_Seq2Trend_trial_42,P15,54061beb7fc503eca3efa740bd985cf2,42,6.407623200011181,0.2443615889621924,Seq2Trend,Normal,False,0.01,300,300,100,20,8,0.05,0.6,0.1,median,True,"[0.25, 0.5, 0.75]",False,P50,,False,42,1,exponential,7,,default_group,UNISIM_IV_P15_Seq2Trend,UNISIM_IV,Seq2Trend,0.14545454545454545,0.5752066115702479,1.4413223140495868
UNISIM_IV_P15_Seq2Trend_trial_10,P15,b06e11084f70c3703169eb660628352f,10,6.291104942406103,0.2378541643136172,Seq2Trend,Normal,False,0.01,300,300,50,20,16,0.01,0.6,0.1,median,True,"[0.25, 0.5, 0.75]",False,P50,,False,42,1,arps,2,,default_group,UNISIM_IV_P15_Seq2Trend,UNISIM_IV,Seq2Trend,0.1396694214876033,0.5454545454545454,1.3702479338842974
UNISIM_IV_P15_Seq2Trend_trial_22,P15,3ae4e867bef10f56056962611b43ee9a,22,5.943511511432089,0.2878110314350011,Seq2Trend,Normal,False,0.25,300,300,100,20,16,0.001,0.6,0.1,median,True,"[0.25, 0.5, 0.75]",False,P50,,False,42,1,exponential,4,,default_group,UNISIM_IV_P15_Seq2Trend,UNISIM_IV,Seq2Trend,0.2206611570247934,0.3958677685950413,1.2330578512396695
UNISIM_IV_P15_Seq2Trend_trial_75,P15,179b1bf7ca2600d898e1c938d886668c,75,43.26000626624,10.22974125606648,Seq2Trend,Normal,False,0.25,300,300,200,20,8,0.05,0.6,0.1,median,True,"[0.25, 0.5, 0.75]",False,P50,,False,42,1,arps,2,,default_group,UNISIM_IV_P15_Seq2Trend,UNISIM_IV,Seq2Trend,0.9958677685950413,0.9933884297520661,3.9785123966942146
UNISIM_IV_P15_Seq2Trend_trial_88,P15,62075c5645b4a9c9caa2c2af9122decc,88,6.525137477043947,0.2522174566935108,Seq2Trend,Normal,False,0.01,300,300,20,20,8,0.01,0.6,0.1,median,True,"[0.25, 0.5, 0.75]",False,P50,,False,42,1,exponential,4,,default_group,UNISIM_IV_P15_Seq2Trend,UNISIM_IV,Seq2Trend,0.19793388429752065,0.6326446280991735,1.6611570247933884
UNISIM_IV_P15_Seq2Trend_trial_72,P15,2c097776ca97bd3f207d98e4f62e2d3f,72,5.85647425942776,0.4045622887182835,Seq2Trend,Normal,False,0.5,300,300,20,20,16,0.005,0.6,0.1,median,True,"[0.25, 0.5, 0.75]",False,P50,,False,42,1,static,4,,default_group,UNISIM_IV_P15_Seq2Trend,UNISIM_IV,Seq2Trend,0.2958677685950413,0.3859504132231405,1.3636363636363638
UNISIM_IV_P15_Seq2Trend_trial_26,P15,72cf187ff6d89aba7cf78dc2aea587b5,26,7.312803649531887,0.5384586530455967,Seq2Trend,Normal,False,0.5,300,300,100,20,8,0.01,0.6,0.1,median,True,"[0.25, 0.5, 0.75]",False,P50,,False,42,1,static,7,,default_group,UNISIM_IV_P15_Seq2Trend,UNISIM_IV,Seq2Trend,0.40743801652892564,0.6925619834710743,2.2
UNISIM_IV_P15_Seq2Trend_trial_45,P15,546f548db3dd3f24cf8c63cd99092792,45,6.468250156144308,0.2491705722236481,Seq2Trend,Normal,False,0.01,300,300,20,20,16,0.01,0.6,0.1,median,True,"[0.25, 0.5, 0.75]",False,P50,,False,42,1,exponential,4,,default_group,UNISIM_IV_P15_Seq2Trend,UNISIM_IV,Seq2Trend,0.1537190082644628,0.6256198347107438,1.5586776859504132
UNISIM_IV_P15_Seq2Trend_trial_38,P15,5b2c8cf5a099b921d65d30d77e130283,38,6.027003967886471,0.2848268705138227,Seq2Trend,Normal,False,0.99,300,300,100,20,8,0.001,0.6,0.1,median,True,"[0.25, 0.5, 0.75]",False,P50,,False,42,1,exponential,7,,default_group,UNISIM_IV_P15_Seq2Trend,UNISIM_IV,Seq2Trend,0.21735537190082643,0.40743801652892564,1.2495867768595041
UNISIM_IV_P15_Seq2Trend_trial_83,P15,30623d19ae0afcdfa6b742a39c95f468,83,6.738415240533531,0.2924427670034674,Seq2Trend,Normal,False,0.01,300,300,200,20,16,0.005,0.6,0.1,median,True,"[0.25, 0.5, 0.75]",False,P50,,False,42,1,exponential,7,,default_group,UNISIM_IV_P15_Seq2Trend,UNISIM_IV,Seq2Trend,0.2231404958677686,0.6586776859504132,1.7636363636363637
UNISIM_IV_P15_Seq2Trend_trial_1,P15,479542b581ea3a8c13b717e5f481d232,1,6.027003967886471,0.2848268705138227,Seq2Trend,Normal,False,0.99,300,300,100,20,8,0.001,0.6,0.1,median,True,"[0.25, 0.5, 0.75]",False,P50,,False,42,1,exponential,5,,default_group,UNISIM_IV_P15_Seq2Trend,UNISIM_IV,Seq2Trend,0.21735537190082643,0.40743801652892564,1.2495867768595041
UNISIM_IV_P15_Seq2Trend_trial_27,P15,fe8e2861fc52f659c38e1aa7917ba774,27,6.007315373873468,0.3282946419115058,Seq2Trend,Normal,False,0.5,300,300,20,20,16,0.001,0.6,0.1,median,True,"[0.25, 0.5, 0.75]",False,P50,,False,42,1,static,7,,default_group,UNISIM_IV_P15_Seq2Trend,UNISIM_IV,Seq2Trend,0.23057851239669422,0.4041322314049587,1.2694214876033059
UNISIM_IV_P15_Seq2Trend_trial_30,P15,b994635b2e3b6df2f8338956f42da9ea,30,8.603105075410198,0.7830624402548201,Seq2Trend,Normal,False,0.5,300,300,200,20,8,0.05,0.6,0.1,median,True,"[0.25, 0.5, 0.75]",False,P50,,False,42,1,pressure_ensemble,4,,default_group,UNISIM_IV_P15_Seq2Trend,UNISIM_IV,Seq2Trend,0.5508264462809918,0.7714876033057851,2.644628099173554
UNISIM_IV_P15_Seq2Trend_trial_79,P15,28a32d08f4ded35c6d7645474a75bf0e,79,6.41101119551441,0.2454989558344246,Seq2Trend,Normal,False,0.01,300,300,20,20,16,0.05,0.6,0.1,median,True,"[0.25, 0.5, 0.75]",False,P50,,False,42,1,exponential,2,,default_group,UNISIM_IV_P15_Seq2Trend,UNISIM_IV,Seq2Trend,0.14710743801652892,0.5768595041322314,1.4479338842975207
UNISIM_IV_P15_Seq2Trend_trial_141,P15,ea9bb24b8dea5b744d14da127c9a6d85,141,6.053034746929361,0.2501988928869163,Seq2Trend,Normal,False,0.25,300,300,50,20,16,0.001,0.6,0.1,median,True,"[0.25, 0.5, 0.75]",False,P50,,False,42,1,static,6,,default_group,UNISIM_IV_P15_Seq2Trend,UNISIM_IV,Seq2Trend,0.17479338842975206,0.43264462809917353,1.2148760330578512
UNISIM_IV_P15_Seq2Trend_trial_122,P15,01d6a50f6296cab3f4afa5830a57f29c,122,6.053034746929361,0.2501988928869163,Seq2Trend,Normal,False,0.25,300,300,50,20,16,0.001,0.6,0.1,median,True,"[0.25, 0.5, 0.75]",False,P50,,False,42,1,static,6,,default_group,UNISIM_IV_P15_Seq2Trend,UNISIM_IV,Seq2Trend,0.17479338842975206,0.43264462809917353,1.2148760330578512
UNISIM_IV_P15_Seq2Trend_trial_117,P15,9b85af8ec764f7c7343b6b336142dc50,117,6.053034746929361,0.2501988928869163,Seq2Trend,Normal,False,0.25,300,300,50,20,16,0.001,0.6,0.1,median,True,"[0.25, 0.5, 0.75]",False,P50,,False,42,1,static,6,,default_group,UNISIM_IV_P15_Seq2Trend,UNISIM_IV,Seq2Trend,0.17479338842975206,0.43264462809917353,1.2148760330578512
UNISIM_IV_P15_Seq2Trend_trial_104,P15,3620f77523740fe0df2d6354f290d173,104,6.053034746929361,0.2501988928869163,Seq2Trend,Normal,False,0.25,300,300,50,20,16,0.001,0.6,0.1,median,True,"[0.25, 0.5, 0.75]",False,P50,,False,42,1,static,6,,default_group,UNISIM_IV_P15_Seq2Trend,UNISIM_IV,Seq2Trend,0.17479338842975206,0.43264462809917353,1.2148760330578512
UNISIM_IV_P15_Seq2Trend_trial_135,P15,0f9baaf3fd58dcaad1c9f6807b58365c,135,6.053034746929361,0.2501988928869163,Seq2Trend,Normal,False,0.25,300,300,50,20,16,0.001,0.6,0.1,median,True,"[0.25, 0.5, 0.75]",False,P50,,False,42,1,static,6,,default_group,UNISIM_IV_P15_Seq2Trend,UNISIM_IV,Seq2Trend,0.17479338842975206,0.43264462809917353,1.2148760330578512
UNISIM_IV_P15_Seq2Trend_trial_106,P15,d090c79d4222b87ff170e55ea216ed6e,106,6.053034746929361,0.2501988928869163,Seq2Trend,Normal,False,0.25,300,300,50,20,16,0.001,0.6,0.1,median,True,"[0.25, 0.5, 0.75]",False,P50,,False,42,1,static,6,,default_group,UNISIM_IV_P15_Seq2Trend,UNISIM_IV,Seq2Trend,0.17479338842975206,0.43264462809917353,1.2148760330578512
UNISIM_IV_P15_Seq2Trend_trial_127,P15,de99d3eccefbfb30fea6694509c04651,127,6.053034746929361,0.2501988928869163,Seq2Trend,Normal,False,0.25,300,300,50,20,16,0.001,0.6,0.1,median,True,"[0.25, 0.5, 0.75]",False,P50,,False,42,1,static,6,,default_group,UNISIM_IV_P15_Seq2Trend,UNISIM_IV,Seq2Trend,0.17479338842975206,0.43264462809917353,1.2148760330578512
UNISIM_IV_P15_Seq2Trend_trial_145,P15,3f7721726b9739089fbfb142113149ea,145,6.053034746929361,0.2501988928869163,Seq2Trend,Normal,False,0.25,300,300,50,20,16,0.001,0.6,0.1,median,True,"[0.25, 0.5, 0.75]",False,P50,,False,42,1,static,6,,default_group,UNISIM_IV_P15_Seq2Trend,UNISIM_IV,Seq2Trend,0.17479338842975206,0.43264462809917353,1.2148760330578512
UNISIM_IV_P15_Seq2Trend_trial_130,P15,1e7acd4c2ae3bf138ba0ed95da6a6b2c,130,6.053034746929361,0.2501988928869163,Seq2Trend,Normal,False,0.25,300,300,50,20,16,0.001,0.6,0.1,median,True,"[0.25, 0.5, 0.75]",False,P50,,False,42,1,static,6,,default_group,UNISIM_IV_P15_Seq2Trend,UNISIM_IV,Seq2Trend,0.17479338842975206,0.43264462809917353,1.2148760330578512
UNISIM_IV_P15_Seq2Trend_trial_113,P15,a82dc638608b70d399d0d89f1207b4c9,113,6.053034746929361,0.2501988928869163,Seq2Trend,Normal,False,0.25,300,300,50,20,16,0.001,0.6,0.1,median,True,"[0.25, 0.5, 0.75]",False,P50,,False,42,1,static,6,,default_group,UNISIM_IV_P15_Seq2Trend,UNISIM_IV,Seq2Trend,0.17479338842975206,0.43264462809917353,1.2148760330578512
UNISIM_IV_P15_Seq2Trend_trial_103,P15,5657b2c8bfdbe65c795ba71ba90c8b77,103,6.053034746929361,0.2501988928869163,Seq2Trend,Normal,False,0.25,300,300,50,20,16,0.001,0.6,0.1,median,True,"[0.25, 0.5, 0.75]",False,P50,,False,42,1,static,6,,default_group,UNISIM_IV_P15_Seq2Trend,UNISIM_IV,Seq2Trend,0.17479338842975206,0.43264462809917353,1.2148760330578512
UNISIM_IV_P15_Seq2Trend_trial_136,P15,752d156ceea859acd424c070f83d86af,136,6.053034746929361,0.2501988928869163,Seq2Trend,Normal,False,0.25,300,300,50,20,16,0.001,0.6,0.1,median,True,"[0.25, 0.5, 0.75]",False,P50,,False,42,1,static,6,,default_group,UNISIM_IV_P15_Seq2Trend,UNISIM_IV,Seq2Trend,0.17479338842975206,0.43264462809917353,1.2148760330578512
UNISIM_IV_P15_Seq2Trend_trial_138,P15,b1f25816f261389e2e0f903316cca13f,138,6.053034746929361,0.2501988928869163,Seq2Trend,Normal,False,0.25,300,300,50,20,16,0.001,0.6,0.1,median,True,"[0.25, 0.5, 0.75]",False,P50,,False,42,1,static,6,,default_group,UNISIM_IV_P15_Seq2Trend,UNISIM_IV,Seq2Trend,0.17479338842975206,0.43264462809917353,1.2148760330578512
UNISIM_IV_P15_Seq2Trend_trial_115,P15,bd2fea2d193131b185b4a5c445d02c8a,115,6.053034746929361,0.2501988928869163,Seq2Trend,Normal,False,0.25,300,300,50,20,16,0.001,0.6,0.1,median,True,"[0.25, 0.5, 0.75]",False,P50,,False,42,1,static,6,,default_group,UNISIM_IV_P15_Seq2Trend,UNISIM_IV,Seq2Trend,0.17479338842975206,0.43264462809917353,1.2148760330578512
UNISIM_IV_P15_Seq2Trend_trial_137,P15,4317343fc7d7f97c3f6dbe3c3e91e3ff,137,6.053034746929361,0.2501988928869163,Seq2Trend,Normal,False,0.25,300,300,50,20,16,0.001,0.6,0.1,median,True,"[0.25, 0.5, 0.75]",False,P50,,False,42,1,static,6,,default_group,UNISIM_IV_P15_Seq2Trend,UNISIM_IV,Seq2Trend,0.17479338842975206,0.43264462809917353,1.2148760330578512
UNISIM_IV_P15_Seq2Trend_trial_118,P15,0613a6b9d21e7ab6535ffa501edcdb06,118,6.053034746929361,0.2501988928869163,Seq2Trend,Normal,False,0.25,300,300,50,20,16,0.001,0.6,0.1,median,True,"[0.25, 0.5, 0.75]",False,P50,,False,42,1,static,6,,default_group,UNISIM_IV_P15_Seq2Trend,UNISIM_IV,Seq2Trend,0.17479338842975206,0.43264462809917353,1.2148760330578512
UNISIM_IV_P15_Seq2Trend_trial_123,P15,655bcfccd0d323938196731f62524e07,123,6.053034746929361,0.2501988928869163,Seq2Trend,Normal,False,0.25,300,300,50,20,16,0.001,0.6,0.1,median,True,"[0.25, 0.5, 0.75]",False,P50,,False,42,1,static,6,,default_group,UNISIM_IV_P15_Seq2Trend,UNISIM_IV,Seq2Trend,0.17479338842975206,0.43264462809917353,1.2148760330578512
UNISIM_IV_P15_Seq2Trend_trial_121,P15,121f5e9a5d65ba38d1da5fccd44c092f,121,6.053034746929361,0.2501988928869163,Seq2Trend,Normal,False,0.25,300,300,50,20,16,0.001,0.6,0.1,median,True,"[0.25, 0.5, 0.75]",False,P50,,False,42,1,static,6,,default_group,UNISIM_IV_P15_Seq2Trend,UNISIM_IV,Seq2Trend,0.17479338842975206,0.43264462809917353,1.2148760330578512
UNISIM_IV_P15_Seq2Trend_trial_128,P15,f788c92b5725fc1dd59aef56e2b4e664,128,6.053034746929361,0.2501988928869163,Seq2Trend,Normal,False,0.25,300,300,50,20,16,0.001,0.6,0.1,median,True,"[0.25, 0.5, 0.75]",False,P50,,False,42,1,static,6,,default_group,UNISIM_IV_P15_Seq2Trend,UNISIM_IV,Seq2Trend,0.17479338842975206,0.43264462809917353,1.2148760330578512
UNISIM_IV_P15_Seq2Trend_trial_114,P15,2d9ec74f433a60a1fbcd17ea7ca15e67,114,6.053034746929361,0.2501988928869163,Seq2Trend,Normal,False,0.25,300,300,50,20,16,0.001,0.6,0.1,median,True,"[0.25, 0.5, 0.75]",False,P50,,False,42,1,static,6,,default_group,UNISIM_IV_P15_Seq2Trend,UNISIM_IV,Seq2Trend,0.17479338842975206,0.43264462809917353,1.2148760330578512
UNISIM_IV_P15_Seq2Trend_trial_112,P15,72e82ef9f12ad580db2a43a3a1c06f14,112,6.053034746929361,0.2501988928869163,Seq2Trend,Normal,False,0.25,300,300,50,20,16,0.001,0.6,0.1,median,True,"[0.25, 0.5, 0.75]",False,P50,,False,42,1,static,6,,default_group,UNISIM_IV_P15_Seq2Trend,UNISIM_IV,Seq2Trend,0.17479338842975206,0.43264462809917353,1.2148760330578512
UNISIM_IV_P15_Seq2Trend_trial_125,P15,3fb9532efe0214f6a11d5189a96e14f8,125,6.053034746929361,0.2501988928869163,Seq2Trend,Normal,False,0.25,300,300,50,20,16,0.001,0.6,0.1,median,True,"[0.25, 0.5, 0.75]",False,P50,,False,42,1,static,6,,default_group,UNISIM_IV_P15_Seq2Trend,UNISIM_IV,Seq2Trend,0.17479338842975206,0.43264462809917353,1.2148760330578512
UNISIM_IV_P15_Seq2Trend_trial_139,P15,1a149ec1fe2f36d68ba55268f0ef98fe,139,6.053034746929361,0.2501988928869163,Seq2Trend,Normal,False,0.25,300,300,50,20,16,0.001,0.6,0.1,median,True,"[0.25, 0.5, 0.75]",False,P50,,False,42,1,static,6,,default_group,UNISIM_IV_P15_Seq2Trend,UNISIM_IV,Seq2Trend,0.17479338842975206,0.43264462809917353,1.2148760330578512
UNISIM_IV_P15_Seq2Trend_trial_142,P15,56e7a3817814f39bdfb63c7c33ae3392,142,6.053034746929361,0.2501988928869163,Seq2Trend,Normal,False,0.25,300,300,50,20,16,0.001,0.6,0.1,median,True,"[0.25, 0.5, 0.75]",False,P50,,False,42,1,static,6,,default_group,UNISIM_IV_P15_Seq2Trend,UNISIM_IV,Seq2Trend,0.17479338842975206,0.43264462809917353,1.2148760330578512
UNISIM_IV_P15_Seq2Trend_trial_101,P15,9cc22b51fc54333f8612fccf21be3894,101,6.053034746929361,0.2501988928869163,Seq2Trend,Normal,False,0.25,300,300,50,20,16,0.001,0.6,0.1,median,True,"[0.25, 0.5, 0.75]",False,P50,,False,42,1,static,6,,default_group,UNISIM_IV_P15_Seq2Trend,UNISIM_IV,Seq2Trend,0.17479338842975206,0.43264462809917353,1.2148760330578512
UNISIM_IV_P15_Seq2Trend_trial_148,P15,799f3184a14c2bbb805f347bb75a9ec7,148,6.053034746929361,0.2501988928869163,Seq2Trend,Normal,False,0.25,300,300,50,20,16,0.001,0.6,0.1,median,True,"[0.25, 0.5, 0.75]",False,P50,,False,42,1,static,6,,default_group,UNISIM_IV_P15_Seq2Trend,UNISIM_IV,Seq2Trend,0.17479338842975206,0.43264462809917353,1.2148760330578512
UNISIM_IV_P15_Seq2Trend_trial_126,P15,11e606fc63950602ca607f1c36cecfb9,126,6.053034746929361,0.2501988928869163,Seq2Trend,Normal,False,0.25,300,300,50,20,16,0.001,0.6,0.1,median,True,"[0.25, 0.5, 0.75]",False,P50,,False,42,1,static,6,,default_group,UNISIM_IV_P15_Seq2Trend,UNISIM_IV,Seq2Trend,0.17479338842975206,0.43264462809917353,1.2148760330578512
UNISIM_IV_P15_Seq2Trend_trial_109,P15,f50fe23eb3fd696d9177300beeaf8933,109,6.053034746929361,0.2501988928869163,Seq2Trend,Normal,False,0.25,300,300,50,20,16,0.001,0.6,0.1,median,True,"[0.25, 0.5, 0.75]",False,P50,,False,42,1,static,6,,default_group,UNISIM_IV_P15_Seq2Trend,UNISIM_IV,Seq2Trend,0.17479338842975206,0.43264462809917353,1.2148760330578512
UNISIM_IV_P15_Seq2Trend_trial_105,P15,cf56181af9f8936d282f372232c9f410,105,6.053034746929361,0.2501988928869163,Seq2Trend,Normal,False,0.25,300,300,50,20,16,0.001,0.6,0.1,median,True,"[0.25, 0.5, 0.75]",False,P50,,False,42,1,static,6,,default_group,UNISIM_IV_P15_Seq2Trend,UNISIM_IV,Seq2Trend,0.17479338842975206,0.43264462809917353,1.2148760330578512
UNISIM_IV_P15_Seq2Trend_trial_111,P15,3f37ec5ba45eab1d547a02d5c577162a,111,6.053034746929361,0.2501988928869163,Seq2Trend,Normal,False,0.25,300,300,50,20,16,0.001,0.6,0.1,median,True,"[0.25, 0.5, 0.75]",False,P50,,False,42,1,static,6,,default_group,UNISIM_IV_P15_Seq2Trend,UNISIM_IV,Seq2Trend,0.17479338842975206,0.43264462809917353,1.2148760330578512
UNISIM_IV_P15_Seq2Trend_trial_144,P15,34771da6b18b9b16157a2e48419c0a4d,144,6.053034746929361,0.2501988928869163,Seq2Trend,Normal,False,0.25,300,300,50,20,16,0.001,0.6,0.1,median,True,"[0.25, 0.5, 0.75]",False,P50,,False,42,1,static,6,,default_group,UNISIM_IV_P15_Seq2Trend,UNISIM_IV,Seq2Trend,0.17479338842975206,0.43264462809917353,1.2148760330578512
UNISIM_IV_P15_Seq2Trend_trial_147,P15,e36e30c063c3684e7818f544afeb221f,147,6.053034746929361,0.2501988928869163,Seq2Trend,Normal,False,0.25,300,300,50,20,16,0.001,0.6,0.1,median,True,"[0.25, 0.5, 0.75]",False,P50,,False,42,1,static,6,,default_group,UNISIM_IV_P15_Seq2Trend,UNISIM_IV,Seq2Trend,0.17479338842975206,0.43264462809917353,1.2148760330578512
UNISIM_IV_P15_Seq2Trend_trial_100,P15,fb03bc43dcf7e0262b0fbfe5a26e0edc,100,6.053034746929361,0.2501988928869163,Seq2Trend,Normal,False,0.25,300,300,50,20,16,0.001,0.6,0.1,median,True,"[0.25, 0.5, 0.75]",False,P50,,False,42,1,static,6,,default_group,UNISIM_IV_P15_Seq2Trend,UNISIM_IV,Seq2Trend,0.17479338842975206,0.43264462809917353,1.2148760330578512
UNISIM_IV_P15_Seq2Trend_trial_102,P15,5c335f4eb5ded37b610bb41727ba0bbb,102,6.053034746929361,0.2501988928869163,Seq2Trend,Normal,False,0.25,300,300,50,20,16,0.001,0.6,0.1,median,True,"[0.25, 0.5, 0.75]",False,P50,,False,42,1,static,6,,default_group,UNISIM_IV_P15_Seq2Trend,UNISIM_IV,Seq2Trend,0.17479338842975206,0.43264462809917353,1.2148760330578512
UNISIM_IV_P15_Seq2Trend_trial_149,P15,dfb082a084474db32577636ae259c0cf,149,6.053034746929361,0.2501988928869163,Seq2Trend,Normal,False,0.25,300,300,50,20,16,0.001,0.6,0.1,median,True,"[0.25, 0.5, 0.75]",False,P50,,False,42,1,static,6,,default_group,UNISIM_IV_P15_Seq2Trend,UNISIM_IV,Seq2Trend,0.17479338842975206,0.43264462809917353,1.2148760330578512
UNISIM_IV_P15_Seq2Trend_trial_116,P15,c8fa029cd04e7c9c5e64046648b8c4ca,116,6.053034746929361,0.2501988928869163,Seq2Trend,Normal,False,0.25,300,300,50,20,16,0.001,0.6,0.1,median,True,"[0.25, 0.5, 0.75]",False,P50,,False,42,1,static,6,,default_group,UNISIM_IV_P15_Seq2Trend,UNISIM_IV,Seq2Trend,0.17479338842975206,0.43264462809917353,1.2148760330578512
UNISIM_IV_P15_Seq2Trend_trial_146,P15,7860c7ece8adab21f3018edc81edebcb,146,6.053034746929361,0.2501988928869163,Seq2Trend,Normal,False,0.25,300,300,50,20,16,0.001,0.6,0.1,median,True,"[0.25, 0.5, 0.75]",False,P50,,False,42,1,static,6,,default_group,UNISIM_IV_P15_Seq2Trend,UNISIM_IV,Seq2Trend,0.17479338842975206,0.43264462809917353,1.2148760330578512
UNISIM_IV_P15_Seq2Trend_trial_134,P15,93b659cde2f0bdf9c7e4c56d0063a5f2,134,6.053034746929361,0.2501988928869163,Seq2Trend,Normal,False,0.25,300,300,50,20,16,0.001,0.6,0.1,median,True,"[0.25, 0.5, 0.75]",False,P50,,False,42,1,static,6,,default_group,UNISIM_IV_P15_Seq2Trend,UNISIM_IV,Seq2Trend,0.17479338842975206,0.43264462809917353,1.2148760330578512
UNISIM_IV_P15_Seq2Trend_trial_143,P15,af56030e0feb9cf771a8cb6526346d37,143,6.053034746929361,0.2501988928869163,Seq2Trend,Normal,False,0.25,300,300,50,20,16,0.001,0.6,0.1,median,True,"[0.25, 0.5, 0.75]",False,P50,,False,42,1,static,6,,default_group,UNISIM_IV_P15_Seq2Trend,UNISIM_IV,Seq2Trend,0.17479338842975206,0.43264462809917353,1.2148760330578512
UNISIM_IV_P15_Seq2Trend_trial_131,P15,76d8a3d68f8e489c1fcd6cba2f67735c,131,6.053034746929361,0.2501988928869163,Seq2Trend,Normal,False,0.25,300,300,50,20,16,0.001,0.6,0.1,median,True,"[0.25, 0.5, 0.75]",False,P50,,False,42,1,static,6,,default_group,UNISIM_IV_P15_Seq2Trend,UNISIM_IV,Seq2Trend,0.17479338842975206,0.43264462809917353,1.2148760330578512
UNISIM_IV_P15_Seq2Trend_trial_120,P15,7fc9855e6b948ab4b9661e42b8b49c8f,120,6.053034746929361,0.2501988928869163,Seq2Trend,Normal,False,0.25,300,300,50,20,16,0.001,0.6,0.1,median,True,"[0.25, 0.5, 0.75]",False,P50,,False,42,1,static,6,,default_group,UNISIM_IV_P15_Seq2Trend,UNISIM_IV,Seq2Trend,0.17479338842975206,0.43264462809917353,1.2148760330578512
UNISIM_IV_P15_Seq2Trend_trial_129,P15,32005310e70cf6e24c8af3325d4b30a2,129,6.053034746929361,0.2501988928869163,Seq2Trend,Normal,False,0.25,300,300,50,20,16,0.001,0.6,0.1,median,True,"[0.25, 0.5, 0.75]",False,P50,,False,42,1,static,6,,default_group,UNISIM_IV_P15_Seq2Trend,UNISIM_IV,Seq2Trend,0.17479338842975206,0.43264462809917353,1.2148760330578512
UNISIM_IV_P15_Seq2Trend_trial_140,P15,abb797492861963aa2fa090be8c0312f,140,6.053034746929361,0.2501988928869163,Seq2Trend,Normal,False,0.25,300,300,50,20,16,0.001,0.6,0.1,median,True,"[0.25, 0.5, 0.75]",False,P50,,False,42,1,static,6,,default_group,UNISIM_IV_P15_Seq2Trend,UNISIM_IV,Seq2Trend,0.17479338842975206,0.43264462809917353,1.2148760330578512
UNISIM_IV_P15_Seq2Trend_trial_124,P15,43d6e376946e22210abe1a39b759a46e,124,6.053034746929361,0.2501988928869163,Seq2Trend,Normal,False,0.25,300,300,50,20,16,0.001,0.6,0.1,median,True,"[0.25, 0.5, 0.75]",False,P50,,False,42,1,static,6,,default_group,UNISIM_IV_P15_Seq2Trend,UNISIM_IV,Seq2Trend,0.17479338842975206,0.43264462809917353,1.2148760330578512
UNISIM_IV_P15_Seq2Trend_trial_119,P15,39d7df0e662f299d1fefb32301677fd3,119,6.053034746929361,0.2501988928869163,Seq2Trend,Normal,False,0.25,300,300,50,20,16,0.001,0.6,0.1,median,True,"[0.25, 0.5, 0.75]",False,P50,,False,42,1,static,6,,default_group,UNISIM_IV_P15_Seq2Trend,UNISIM_IV,Seq2Trend,0.17479338842975206,0.43264462809917353,1.2148760330578512
UNISIM_IV_P15_Seq2Trend_trial_107,P15,66f5bc80e7be881e761ffd3901840522,107,6.053034746929361,0.2501988928869163,Seq2Trend,Normal,False,0.25,300,300,50,20,16,0.001,0.6,0.1,median,True,"[0.25, 0.5, 0.75]",False,P50,,False,42,1,static,6,,default_group,UNISIM_IV_P15_Seq2Trend,UNISIM_IV,Seq2Trend,0.17479338842975206,0.43264462809917353,1.2148760330578512
UNISIM_IV_P15_Seq2Trend_trial_132,P15,ac7a0c6724a85aca6971d1a62a704d7b,132,6.053034746929361,0.2501988928869163,Seq2Trend,Normal,False,0.25,300,300,50,20,16,0.001,0.6,0.1,median,True,"[0.25, 0.5, 0.75]",False,P50,,False,42,1,static,6,,default_group,UNISIM_IV_P15_Seq2Trend,UNISIM_IV,Seq2Trend,0.17479338842975206,0.43264462809917353,1.2148760330578512
UNISIM_IV_P15_Seq2Trend_trial_133,P15,970e733921ea569b692430be5ccb5be8,133,6.053034746929361,0.2501988928869163,Seq2Trend,Normal,False,0.25,300,300,50,20,16,0.001,0.6,0.1,median,True,"[0.25, 0.5, 0.75]",False,P50,,False,42,1,static,6,,default_group,UNISIM_IV_P15_Seq2Trend,UNISIM_IV,Seq2Trend,0.17479338842975206,0.43264462809917353,1.2148760330578512
UNISIM_IV_P15_Seq2Trend_trial_108,P15,69f922f374f0fd6a5dd569f341facb95,108,6.053034746929361,0.2501988928869163,Seq2Trend,Normal,False,0.25,300,300,50,20,16,0.001,0.6,0.1,median,True,"[0.25, 0.5, 0.75]",False,P50,,False,42,1,static,6,,default_group,UNISIM_IV_P15_Seq2Trend,UNISIM_IV,Seq2Trend,0.17479338842975206,0.43264462809917353,1.2148760330578512
UNISIM_IV_P15_Seq2Trend_trial_110,P15,40cb8254f3d50a907952272a88845dcc,110,6.053034746929361,0.2501988928869163,Seq2Trend,Normal,False,0.25,300,300,50,20,16,0.001,0.6,0.1,median,True,"[0.25, 0.5, 0.75]",False,P50,,False,42,1,static,6,,default_group,UNISIM_IV_P15_Seq2Trend,UNISIM_IV,Seq2Trend,0.17479338842975206,0.43264462809917353,1.2148760330578512
UNISIM_IV_P15_Seq2Trend_trial_155,P15,4ea6a27a9addee46132834c8257b7156,155,5.824081128927889,0.4487355613770008,Seq2Trend,Normal,False,0.5,300,300,20,20,8,0.005,0.6,0.1,median,True,"[0.25, 0.5, 0.75]",False,P50,,False,42,1,combined_exp_arps,2,,default_group,UNISIM_IV_P15_Seq2Trend,UNISIM_IV,Seq2Trend,0.32520661157024794,0.3632231404958678,1.3768595041322316
UNISIM_IV_P15_Seq2Trend_trial_199,P15,28dc52613f91173dfbcc85baef926e3b,199,5.824081128927889,0.4487355613770008,Seq2Trend,Normal,False,0.5,300,300,20,20,8,0.005,0.6,0.1,median,True,"[0.25, 0.5, 0.75]",False,P50,,False,42,1,combined_exp_arps,2,,default_group,UNISIM_IV_P15_Seq2Trend,UNISIM_IV,Seq2Trend,0.32520661157024794,0.3632231404958678,1.3768595041322316
UNISIM_IV_P15_Seq2Trend_trial_157,P15,ca83223b940f7a5deb241c42ed6f6b4a,157,5.824081128927889,0.4487355613770008,Seq2Trend,Normal,False,0.5,300,300,20,20,8,0.005,0.6,0.1,median,True,"[0.25, 0.5, 0.75]",False,P50,,False,42,1,combined_exp_arps,2,,default_group,UNISIM_IV_P15_Seq2Trend,UNISIM_IV,Seq2Trend,0.32520661157024794,0.3632231404958678,1.3768595041322316
UNISIM_IV_P15_Seq2Trend_trial_164,P15,0deac287661e54a4c7a5a6031f7a5173,164,5.824081128927889,0.4487355613770008,Seq2Trend,Normal,False,0.5,300,300,20,20,8,0.005,0.6,0.1,median,True,"[0.25, 0.5, 0.75]",False,P50,,False,42,1,combined_exp_arps,2,,default_group,UNISIM_IV_P15_Seq2Trend,UNISIM_IV,Seq2Trend,0.32520661157024794,0.3632231404958678,1.3768595041322316
UNISIM_IV_P15_Seq2Trend_trial_186,P15,d99b07630f676559a175714c1c2748b0,186,5.824081128927889,0.4487355613770008,Seq2Trend,Normal,False,0.5,300,300,20,20,8,0.005,0.6,0.1,median,True,"[0.25, 0.5, 0.75]",False,P50,,False,42,1,combined_exp_arps,2,,default_group,UNISIM_IV_P15_Seq2Trend,UNISIM_IV,Seq2Trend,0.32520661157024794,0.3632231404958678,1.3768595041322316
UNISIM_IV_P15_Seq2Trend_trial_176,P15,b851389ecc31f63f99a824faab37466a,176,5.824081128927889,0.4487355613770008,Seq2Trend,Normal,False,0.5,300,300,20,20,8,0.005,0.6,0.1,median,True,"[0.25, 0.5, 0.75]",False,P50,,False,42,1,combined_exp_arps,2,,default_group,UNISIM_IV_P15_Seq2Trend,UNISIM_IV,Seq2Trend,0.32520661157024794,0.3632231404958678,1.3768595041322316
UNISIM_IV_P15_Seq2Trend_trial_183,P15,9a179c7ba69eb76ac62b5ef3315d69bc,183,5.824081128927889,0.4487355613770008,Seq2Trend,Normal,False,0.5,300,300,20,20,8,0.005,0.6,0.1,median,True,"[0.25, 0.5, 0.75]",False,P50,,False,42,1,combined_exp_arps,2,,default_group,UNISIM_IV_P15_Seq2Trend,UNISIM_IV,Seq2Trend,0.32520661157024794,0.3632231404958678,1.3768595041322316
UNISIM_IV_P15_Seq2Trend_trial_178,P15,e6ca22ea7460d401a8d7530194d4f89e,178,5.824081128927889,0.4487355613770008,Seq2Trend,Normal,False,0.5,300,300,20,20,8,0.005,0.6,0.1,median,True,"[0.25, 0.5, 0.75]",False,P50,,False,42,1,combined_exp_arps,2,,default_group,UNISIM_IV_P15_Seq2Trend,UNISIM_IV,Seq2Trend,0.32520661157024794,0.3632231404958678,1.3768595041322316
UNISIM_IV_P15_Seq2Trend_trial_188,P15,4113081dbc5a1c43d68ad42716c72012,188,5.824081128927889,0.4487355613770008,Seq2Trend,Normal,False,0.5,300,300,20,20,8,0.005,0.6,0.1,median,True,"[0.25, 0.5, 0.75]",False,P50,,False,42,1,combined_exp_arps,2,,default_group,UNISIM_IV_P15_Seq2Trend,UNISIM_IV,Seq2Trend,0.32520661157024794,0.3632231404958678,1.3768595041322316
UNISIM_IV_P15_Seq2Trend_trial_166,P15,4411b5c321da2af871ea1a00ab86a190,166,5.824081128927889,0.4487355613770008,Seq2Trend,Normal,False,0.5,300,300,20,20,8,0.005,0.6,0.1,median,True,"[0.25, 0.5, 0.75]",False,P50,,False,42,1,combined_exp_arps,2,,default_group,UNISIM_IV_P15_Seq2Trend,UNISIM_IV,Seq2Trend,0.32520661157024794,0.3632231404958678,1.3768595041322316
UNISIM_IV_P15_Seq2Trend_trial_198,P15,7d87f978e13c4a5c526810f1f50c948a,198,5.824081128927889,0.4487355613770008,Seq2Trend,Normal,False,0.5,300,300,20,20,8,0.005,0.6,0.1,median,True,"[0.25, 0.5, 0.75]",False,P50,,False,42,1,combined_exp_arps,2,,default_group,UNISIM_IV_P15_Seq2Trend,UNISIM_IV,Seq2Trend,0.32520661157024794,0.3632231404958678,1.3768595041322316
UNISIM_IV_P15_Seq2Trend_trial_190,P15,a7d4865ebe1813e999003ccb6240f708,190,5.824081128927889,0.4487355613770008,Seq2Trend,Normal,False,0.5,300,300,20,20,8,0.005,0.6,0.1,median,True,"[0.25, 0.5, 0.75]",False,P50,,False,42,1,combined_exp_arps,2,,default_group,UNISIM_IV_P15_Seq2Trend,UNISIM_IV,Seq2Trend,0.32520661157024794,0.3632231404958678,1.3768595041322316
UNISIM_IV_P15_Seq2Trend_trial_193,P15,fdb921265d49ccc7c639efe4cdd2f044,193,5.824081128927889,0.4487355613770008,Seq2Trend,Normal,False,0.5,300,300,20,20,8,0.005,0.6,0.1,median,True,"[0.25, 0.5, 0.75]",False,P50,,False,42,1,combined_exp_arps,2,,default_group,UNISIM_IV_P15_Seq2Trend,UNISIM_IV,Seq2Trend,0.32520661157024794,0.3632231404958678,1.3768595041322316
UNISIM_IV_P15_Seq2Trend_trial_189,P15,23d056ba9c6930a61b435cf7ad69c005,189,5.824081128927889,0.4487355613770008,Seq2Trend,Normal,False,0.5,300,300,20,20,8,0.005,0.6,0.1,median,True,"[0.25, 0.5, 0.75]",False,P50,,False,42,1,combined_exp_arps,2,,default_group,UNISIM_IV_P15_Seq2Trend,UNISIM_IV,Seq2Trend,0.32520661157024794,0.3632231404958678,1.3768595041322316
UNISIM_IV_P15_Seq2Trend_trial_165,P15,2b300443a9cea9cca8ecba9fcc769efa,165,5.824081128927889,0.4487355613770008,Seq2Trend,Normal,False,0.5,300,300,20,20,8,0.005,0.6,0.1,median,True,"[0.25, 0.5, 0.75]",False,P50,,False,42,1,combined_exp_arps,2,,default_group,UNISIM_IV_P15_Seq2Trend,UNISIM_IV,Seq2Trend,0.32520661157024794,0.3632231404958678,1.3768595041322316
UNISIM_IV_P15_Seq2Trend_trial_159,P15,2ad94c6580cd973f25626c9f6302169f,159,5.824081128927889,0.4487355613770008,Seq2Trend,Normal,False,0.5,300,300,20,20,8,0.005,0.6,0.1,median,True,"[0.25, 0.5, 0.75]",False,P50,,False,42,1,combined_exp_arps,2,,default_group,UNISIM_IV_P15_Seq2Trend,UNISIM_IV,Seq2Trend,0.32520661157024794,0.3632231404958678,1.3768595041322316
UNISIM_IV_P15_Seq2Trend_trial_182,P15,77b51133cbfd765f25b65c8d55e91f41,182,5.824081128927889,0.4487355613770008,Seq2Trend,Normal,False,0.5,300,300,20,20,8,0.005,0.6,0.1,median,True,"[0.25, 0.5, 0.75]",False,P50,,False,42,1,combined_exp_arps,2,,default_group,UNISIM_IV_P15_Seq2Trend,UNISIM_IV,Seq2Trend,0.32520661157024794,0.3632231404958678,1.3768595041322316
UNISIM_IV_P15_Seq2Trend_trial_173,P15,9cab4b925e67f0131bef474b43239ce0,173,5.824081128927889,0.4487355613770008,Seq2Trend,Normal,False,0.5,300,300,20,20,8,0.005,0.6,0.1,median,True,"[0.25, 0.5, 0.75]",False,P50,,False,42,1,combined_exp_arps,2,,default_group,UNISIM_IV_P15_Seq2Trend,UNISIM_IV,Seq2Trend,0.32520661157024794,0.3632231404958678,1.3768595041322316
UNISIM_IV_P15_Seq2Trend_trial_179,P15,01ebe3b3b91a0063bc57ee1b11c45394,179,5.824081128927889,0.4487355613770008,Seq2Trend,Normal,False,0.5,300,300,20,20,8,0.005,0.6,0.1,median,True,"[0.25, 0.5, 0.75]",False,P50,,False,42,1,combined_exp_arps,2,,default_group,UNISIM_IV_P15_Seq2Trend,UNISIM_IV,Seq2Trend,0.32520661157024794,0.3632231404958678,1.3768595041322316
UNISIM_IV_P15_Seq2Trend_trial_162,P15,ff48cada2fb105e3a6ada0757df7a3ef,162,5.824081128927889,0.4487355613770008,Seq2Trend,Normal,False,0.5,300,300,20,20,8,0.005,0.6,0.1,median,True,"[0.25, 0.5, 0.75]",False,P50,,False,42,1,combined_exp_arps,2,,default_group,UNISIM_IV_P15_Seq2Trend,UNISIM_IV,Seq2Trend,0.32520661157024794,0.3632231404958678,1.3768595041322316
UNISIM_IV_P15_Seq2Trend_trial_151,P15,b6b81ef730f085f1e00520fad5175e3a,151,5.824081128927889,0.4487355613770008,Seq2Trend,Normal,False,0.5,300,300,20,20,8,0.005,0.6,0.1,median,True,"[0.25, 0.5, 0.75]",False,P50,,False,42,1,combined_exp_arps,2,,default_group,UNISIM_IV_P15_Seq2Trend,UNISIM_IV,Seq2Trend,0.32520661157024794,0.3632231404958678,1.3768595041322316
UNISIM_IV_P15_Seq2Trend_trial_170,P15,69db574c2dd3fb36f2e332d328446e47,170,5.824081128927889,0.4487355613770008,Seq2Trend,Normal,False,0.5,300,300,20,20,8,0.005,0.6,0.1,median,True,"[0.25, 0.5, 0.75]",False,P50,,False,42,1,combined_exp_arps,2,,default_group,UNISIM_IV_P15_Seq2Trend,UNISIM_IV,Seq2Trend,0.32520661157024794,0.3632231404958678,1.3768595041322316
UNISIM_IV_P15_Seq2Trend_trial_197,P15,e45e48b37ecc34556e69f427cd98fd03,197,5.824081128927889,0.4487355613770008,Seq2Trend,Normal,False,0.5,300,300,20,20,8,0.005,0.6,0.1,median,True,"[0.25, 0.5, 0.75]",False,P50,,False,42,1,combined_exp_arps,2,,default_group,UNISIM_IV_P15_Seq2Trend,UNISIM_IV,Seq2Trend,0.32520661157024794,0.3632231404958678,1.3768595041322316
UNISIM_IV_P15_Seq2Trend_trial_184,P15,926feefc3e2dc929f37394badc292a95,184,5.824081128927889,0.4487355613770008,Seq2Trend,Normal,False,0.5,300,300,20,20,8,0.005,0.6,0.1,median,True,"[0.25, 0.5, 0.75]",False,P50,,False,42,1,combined_exp_arps,2,,default_group,UNISIM_IV_P15_Seq2Trend,UNISIM_IV,Seq2Trend,0.32520661157024794,0.3632231404958678,1.3768595041322316
UNISIM_IV_P15_Seq2Trend_trial_181,P15,733be11bb3bbeec47413dcde43811759,181,5.824081128927889,0.4487355613770008,Seq2Trend,Normal,False,0.5,300,300,20,20,8,0.005,0.6,0.1,median,True,"[0.25, 0.5, 0.75]",False,P50,,False,42,1,combined_exp_arps,2,,default_group,UNISIM_IV_P15_Seq2Trend,UNISIM_IV,Seq2Trend,0.32520661157024794,0.3632231404958678,1.3768595041322316
UNISIM_IV_P15_Seq2Trend_trial_167,P15,9522a517323b4e6d2c47f478c0152854,167,5.824081128927889,0.4487355613770008,Seq2Trend,Normal,False,0.5,300,300,20,20,8,0.005,0.6,0.1,median,True,"[0.25, 0.5, 0.75]",False,P50,,False,42,1,combined_exp_arps,2,,default_group,UNISIM_IV_P15_Seq2Trend,UNISIM_IV,Seq2Trend,0.32520661157024794,0.3632231404958678,1.3768595041322316
UNISIM_IV_P15_Seq2Trend_trial_194,P15,72f6305e2efd281eb77619bfdb88e2e5,194,5.824081128927889,0.4487355613770008,Seq2Trend,Normal,False,0.5,300,300,20,20,8,0.005,0.6,0.1,median,True,"[0.25, 0.5, 0.75]",False,P50,,False,42,1,combined_exp_arps,2,,default_group,UNISIM_IV_P15_Seq2Trend,UNISIM_IV,Seq2Trend,0.32520661157024794,0.3632231404958678,1.3768595041322316
UNISIM_IV_P15_Seq2Trend_trial_158,P15,8750dc863c1cd703c8322ecf452c3b7a,158,5.824081128927889,0.4487355613770008,Seq2Trend,Normal,False,0.5,300,300,20,20,8,0.005,0.6,0.1,median,True,"[0.25, 0.5, 0.75]",False,P50,,False,42,1,combined_exp_arps,2,,default_group,UNISIM_IV_P15_Seq2Trend,UNISIM_IV,Seq2Trend,0.32520661157024794,0.3632231404958678,1.3768595041322316
UNISIM_IV_P15_Seq2Trend_trial_163,P15,7e44ea7b45163187de8bcb55d8665152,163,5.824081128927889,0.4487355613770008,Seq2Trend,Normal,False,0.5,300,300,20,20,8,0.005,0.6,0.1,median,True,"[0.25, 0.5, 0.75]",False,P50,,False,42,1,combined_exp_arps,2,,default_group,UNISIM_IV_P15_Seq2Trend,UNISIM_IV,Seq2Trend,0.32520661157024794,0.3632231404958678,1.3768595041322316
UNISIM_IV_P15_Seq2Trend_trial_174,P15,c9b52a5357a125665398998dd85f898a,174,5.824081128927889,0.4487355613770008,Seq2Trend,Normal,False,0.5,300,300,20,20,8,0.005,0.6,0.1,median,True,"[0.25, 0.5, 0.75]",False,P50,,False,42,1,combined_exp_arps,2,,default_group,UNISIM_IV_P15_Seq2Trend,UNISIM_IV,Seq2Trend,0.32520661157024794,0.3632231404958678,1.3768595041322316
UNISIM_IV_P15_Seq2Trend_trial_153,P15,02995716c8b3a3facdf6d9ba9bfb9482,153,5.824081128927889,0.4487355613770008,Seq2Trend,Normal,False,0.5,300,300,20,20,8,0.005,0.6,0.1,median,True,"[0.25, 0.5, 0.75]",False,P50,,False,42,1,combined_exp_arps,2,,default_group,UNISIM_IV_P15_Seq2Trend,UNISIM_IV,Seq2Trend,0.32520661157024794,0.3632231404958678,1.3768595041322316
UNISIM_IV_P15_Seq2Trend_trial_196,P15,e25a851661bd2ce90b33b555e465d18b,196,5.824081128927889,0.4487355613770008,Seq2Trend,Normal,False,0.5,300,300,20,20,8,0.005,0.6,0.1,median,True,"[0.25, 0.5, 0.75]",False,P50,,False,42,1,combined_exp_arps,2,,default_group,UNISIM_IV_P15_Seq2Trend,UNISIM_IV,Seq2Trend,0.32520661157024794,0.3632231404958678,1.3768595041322316
UNISIM_IV_P15_Seq2Trend_trial_168,P15,5519733d5e086b721be2bab29290931f,168,5.824081128927889,0.4487355613770008,Seq2Trend,Normal,False,0.5,300,300,20,20,8,0.005,0.6,0.1,median,True,"[0.25, 0.5, 0.75]",False,P50,,False,42,1,combined_exp_arps,2,,default_group,UNISIM_IV_P15_Seq2Trend,UNISIM_IV,Seq2Trend,0.32520661157024794,0.3632231404958678,1.3768595041322316
UNISIM_IV_P15_Seq2Trend_trial_191,P15,079d2506b32fbabcc7c2b3c31b425431,191,5.824081128927889,0.4487355613770008,Seq2Trend,Normal,False,0.5,300,300,20,20,8,0.005,0.6,0.1,median,True,"[0.25, 0.5, 0.75]",False,P50,,False,42,1,combined_exp_arps,2,,default_group,UNISIM_IV_P15_Seq2Trend,UNISIM_IV,Seq2Trend,0.32520661157024794,0.3632231404958678,1.3768595041322316
UNISIM_IV_P15_Seq2Trend_trial_161,P15,9603c534af9f5c0175624e171bcebb98,161,5.824081128927889,0.4487355613770008,Seq2Trend,Normal,False,0.5,300,300,20,20,8,0.005,0.6,0.1,median,True,"[0.25, 0.5, 0.75]",False,P50,,False,42,1,combined_exp_arps,2,,default_group,UNISIM_IV_P15_Seq2Trend,UNISIM_IV,Seq2Trend,0.32520661157024794,0.3632231404958678,1.3768595041322316
UNISIM_IV_P15_Seq2Trend_trial_180,P15,638ee2f17945dddd3c8eff394f891419,180,5.824081128927889,0.4487355613770008,Seq2Trend,Normal,False,0.5,300,300,20,20,8,0.005,0.6,0.1,median,True,"[0.25, 0.5, 0.75]",False,P50,,False,42,1,combined_exp_arps,2,,default_group,UNISIM_IV_P15_Seq2Trend,UNISIM_IV,Seq2Trend,0.32520661157024794,0.3632231404958678,1.3768595041322316
UNISIM_IV_P15_Seq2Trend_trial_154,P15,b6b2c120150375dc97aa40eca6767c6f,154,5.824081128927889,0.4487355613770008,Seq2Trend,Normal,False,0.5,300,300,20,20,8,0.005,0.6,0.1,median,True,"[0.25, 0.5, 0.75]",False,P50,,False,42,1,combined_exp_arps,2,,default_group,UNISIM_IV_P15_Seq2Trend,UNISIM_IV,Seq2Trend,0.32520661157024794,0.3632231404958678,1.3768595041322316
UNISIM_IV_P15_Seq2Trend_trial_160,P15,2b070a4383f31596bf5a750a8bd0f914,160,5.824081128927889,0.4487355613770008,Seq2Trend,Normal,False,0.5,300,300,20,20,8,0.005,0.6,0.1,median,True,"[0.25, 0.5, 0.75]",False,P50,,False,42,1,combined_exp_arps,2,,default_group,UNISIM_IV_P15_Seq2Trend,UNISIM_IV,Seq2Trend,0.32520661157024794,0.3632231404958678,1.3768595041322316
UNISIM_IV_P15_Seq2Trend_trial_172,P15,b06e79fe1218cb373a5468ae1036346e,172,5.824081128927889,0.4487355613770008,Seq2Trend,Normal,False,0.5,300,300,20,20,8,0.005,0.6,0.1,median,True,"[0.25, 0.5, 0.75]",False,P50,,False,42,1,combined_exp_arps,2,,default_group,UNISIM_IV_P15_Seq2Trend,UNISIM_IV,Seq2Trend,0.32520661157024794,0.3632231404958678,1.3768595041322316
UNISIM_IV_P15_Seq2Trend_trial_169,P15,5218fc04443924d05022e2da45f4b67e,169,5.824081128927889,0.4487355613770008,Seq2Trend,Normal,False,0.5,300,300,20,20,8,0.005,0.6,0.1,median,True,"[0.25, 0.5, 0.75]",False,P50,,False,42,1,combined_exp_arps,2,,default_group,UNISIM_IV_P15_Seq2Trend,UNISIM_IV,Seq2Trend,0.32520661157024794,0.3632231404958678,1.3768595041322316
UNISIM_IV_P15_Seq2Trend_trial_192,P15,24ca8e8b0a4ee116bc28cdb37e9bf41f,192,5.824081128927889,0.4487355613770008,Seq2Trend,Normal,False,0.5,300,300,20,20,8,0.005,0.6,0.1,median,True,"[0.25, 0.5, 0.75]",False,P50,,False,42,1,combined_exp_arps,2,,default_group,UNISIM_IV_P15_Seq2Trend,UNISIM_IV,Seq2Trend,0.32520661157024794,0.3632231404958678,1.3768595041322316
UNISIM_IV_P15_Seq2Trend_trial_156,P15,5b22f5a22eab58e4d44eac86827993c2,156,5.824081128927889,0.4487355613770008,Seq2Trend,Normal,False,0.5,300,300,20,20,8,0.005,0.6,0.1,median,True,"[0.25, 0.5, 0.75]",False,P50,,False,42,1,combined_exp_arps,2,,default_group,UNISIM_IV_P15_Seq2Trend,UNISIM_IV,Seq2Trend,0.32520661157024794,0.3632231404958678,1.3768595041322316
UNISIM_IV_P15_Seq2Trend_trial_175,P15,f310740d3e0ca43db44581eb6aca8656,175,5.824081128927889,0.4487355613770008,Seq2Trend,Normal,False,0.5,300,300,20,20,8,0.005,0.6,0.1,median,True,"[0.25, 0.5, 0.75]",False,P50,,False,42,1,combined_exp_arps,2,,default_group,UNISIM_IV_P15_Seq2Trend,UNISIM_IV,Seq2Trend,0.32520661157024794,0.3632231404958678,1.3768595041322316
UNISIM_IV_P15_Seq2Trend_trial_195,P15,0c38139152aed66fdaf0013825c5dd86,195,5.824081128927889,0.4487355613770008,Seq2Trend,Normal,False,0.5,300,300,20,20,8,0.005,0.6,0.1,median,True,"[0.25, 0.5, 0.75]",False,P50,,False,42,1,combined_exp_arps,2,,default_group,UNISIM_IV_P15_Seq2Trend,UNISIM_IV,Seq2Trend,0.32520661157024794,0.3632231404958678,1.3768595041322316
UNISIM_IV_P15_Seq2Trend_trial_185,P15,b91d9ee10de515935493743d399b66b1,185,5.824081128927889,0.4487355613770008,Seq2Trend,Normal,False,0.5,300,300,20,20,8,0.005,0.6,0.1,median,True,"[0.25, 0.5, 0.75]",False,P50,,False,42,1,combined_exp_arps,2,,default_group,UNISIM_IV_P15_Seq2Trend,UNISIM_IV,Seq2Trend,0.32520661157024794,0.3632231404958678,1.3768595041322316
UNISIM_IV_P15_Seq2Trend_trial_177,P15,3a50e25c37cf1564c8a996be2a8d587e,177,5.824081128927889,0.4487355613770008,Seq2Trend,Normal,False,0.5,300,300,20,20,8,0.005,0.6,0.1,median,True,"[0.25, 0.5, 0.75]",False,P50,,False,42,1,combined_exp_arps,2,,default_group,UNISIM_IV_P15_Seq2Trend,UNISIM_IV,Seq2Trend,0.32520661157024794,0.3632231404958678,1.3768595041322316
UNISIM_IV_P15_Seq2Trend_trial_187,P15,d77f7be0897b05159221900d326a6c12,187,5.824081128927889,0.4487355613770008,Seq2Trend,Normal,False,0.5,300,300,20,20,8,0.005,0.6,0.1,median,True,"[0.25, 0.5, 0.75]",False,P50,,False,42,1,combined_exp_arps,2,,default_group,UNISIM_IV_P15_Seq2Trend,UNISIM_IV,Seq2Trend,0.32520661157024794,0.3632231404958678,1.3768595041322316
UNISIM_IV_P15_Seq2Trend_trial_171,P15,d60e77a8a4f302d1a180c3cd5e9045a3,171,5.824081128927889,0.4487355613770008,Seq2Trend,Normal,False,0.5,300,300,20,20,8,0.005,0.6,0.1,median,True,"[0.25, 0.5, 0.75]",False,P50,,False,42,1,combined_exp_arps,2,,default_group,UNISIM_IV_P15_Seq2Trend,UNISIM_IV,Seq2Trend,0.32520661157024794,0.3632231404958678,1.3768595041322316
UNISIM_IV_P15_Seq2Trend_trial_152,P15,022aaf8c62822c010862938b334b1b61,152,5.824081128927889,0.4487355613770008,Seq2Trend,Normal,False,0.5,300,300,20,20,8,0.005,0.6,0.1,median,True,"[0.25, 0.5, 0.75]",False,P50,,False,42,1,combined_exp_arps,2,,default_group,UNISIM_IV_P15_Seq2Trend,UNISIM_IV,Seq2Trend,0.32520661157024794,0.3632231404958678,1.3768595041322316
UNISIM_IV_P15_Seq2Trend_trial_150,P15,66e6db4c9702456be3c9f075138bc484,150,5.824081128927889,0.4487355613770008,Seq2Trend,Normal,False,0.5,300,300,20,20,8,0.005,0.6,0.1,median,True,"[0.25, 0.5, 0.75]",False,P50,,False,42,1,combined_exp_arps,2,,default_group,UNISIM_IV_P15_Seq2Trend,UNISIM_IV,Seq2Trend,0.32520661157024794,0.3632231404958678,1.3768595041322316
UNISIM_IV_P16_Seq2Trend_trial_63,P16,84ba49f80a61d08c77f8732e8039fd2c,63,6.228272340721489,0.8605095868074718,Seq2Trend,Normal,False,0.5,300,300,50,20,8,0.001,0.6,0.1,median,True,"[0.25, 0.5, 0.75]",False,P50,,False,42,1,pressure_ensemble,6,,default_group,UNISIM_IV_P16_Seq2Trend,UNISIM_IV,Seq2Trend,0.5809917355371901,0.48760330578512395,2.137190082644628
UNISIM_IV_P16_Seq2Trend_trial_2,P16,87ec3bc1fae71d2d31de58645c6aa530,2,6.244982523597527,0.7043547992294558,Seq2Trend,Normal,False,0.25,300,300,50,20,16,0.01,0.6,0.1,median,True,"[0.25, 0.5, 0.75]",False,P50,,False,42,1,pressure_ensemble,3,,default_group,UNISIM_IV_P16_Seq2Trend,UNISIM_IV,Seq2Trend,0.53099173553719,0.493801652892562,2.049586776859504
UNISIM_IV_P16_Seq2Trend_trial_9,P16,16fab557585cd21abf9209cee913289b,9,6.302912198053392,0.8606584381817522,Seq2Trend,Normal,False,0.25,300,300,100,20,16,0.005,0.6,0.1,median,True,"[0.25, 0.5, 0.75]",False,P50,,False,42,1,static,5,,default_group,UNISIM_IV_P16_Seq2Trend,UNISIM_IV,Seq2Trend,0.5818181818181818,0.5553719008264463,2.274380165289256
UNISIM_IV_P16_Seq2Trend_trial_76,P16,282f2ce263bdf8cba6ef0ec1c47634d1,76,6.933838879635969,0.8992859671667239,Seq2Trend,Normal,False,0.25,300,300,20,20,16,0.001,0.6,0.1,median,True,"[0.25, 0.5, 0.75]",False,P50,,False,42,1,arps,7,,default_group,UNISIM_IV_P16_Seq2Trend,UNISIM_IV,Seq2Trend,0.6338842975206611,0.6685950413223141,2.6049586776859504
UNISIM_IV_P16_Seq2Trend_trial_97,P16,8665d9f793f4150000f21d4c616d742b,97,34.33819793112784,8.001664625479135,Seq2Trend,Normal,False,0.5,300,300,50,20,16,0.05,0.6,0.1,median,True,"[0.25, 0.5, 0.75]",False,P50,,False,42,1,pressure_ensemble,6,,default_group,UNISIM_IV_P16_Seq2Trend,UNISIM_IV,Seq2Trend,0.990909090909091,0.9884297520661157,3.9586776859504136
UNISIM_IV_P16_Seq2Trend_trial_60,P16,a2916707273c9564282c8a8a1ae50a8c,60,6.047937005121104,0.7438857056445652,Seq2Trend,Normal,False,0.25,300,300,50,20,8,0.01,0.6,0.1,median,True,"[0.25, 0.5, 0.75]",False,P50,,False,42,1,exponential,4,,default_group,UNISIM_IV_P16_Seq2Trend,UNISIM_IV,Seq2Trend,0.5429752066115703,0.4115702479338843,1.9090909090909092
UNISIM_IV_P16_Seq2Trend_trial_87,P16,9a3f9c3df97641b323e1044a5171b4bf,87,7.22048894529998,1.8029842043346171,Seq2Trend,Normal,False,0.25,300,300,20,20,16,0.05,0.6,0.1,median,True,"[0.25, 0.5, 0.75]",False,P50,,False,42,1,combined_exp_arps,6,,default_group,UNISIM_IV_P16_Seq2Trend,UNISIM_IV,Seq2Trend,0.7669421487603306,0.687603305785124,2.909090909090909
UNISIM_IV_P16_Seq2Trend_trial_84,P16,7924ff0da564c6a3955be3e8eda29e0d,84,6.215192486567038,0.605728021254181,Seq2Trend,Normal,False,0.99,300,300,50,20,8,0.01,0.6,0.1,median,True,"[0.25, 0.5, 0.75]",False,P50,,False,42,1,pressure_ensemble,4,,default_group,UNISIM_IV_P16_Seq2Trend,UNISIM_IV,Seq2Trend,0.4206611570247934,0.4809917355371901,1.803305785123967
UNISIM_IV_P16_Seq2Trend_trial_14,P16,c57c982314654ee5beaff505a2d9b326,14,11.609279535537356,1.773185272701163,Seq2Trend,Normal,False,0.01,300,300,20,20,16,0.001,0.6,0.1,median,True,"[0.25, 0.5, 0.75]",False,P50,,False,42,1,combined_exp_arps,3,,default_group,UNISIM_IV_P16_Seq2Trend,UNISIM_IV,Seq2Trend,0.7652892561983471,0.8090909090909091,3.1487603305785123
UNISIM_IV_P16_Seq2Trend_trial_68,P16,16741884ef8eb258383f577f76e81276,68,6.278796266873134,0.6307248921980314,Seq2Trend,Normal,False,0.25,300,300,100,20,16,0.005,0.6,0.1,median,True,"[0.25, 0.5, 0.75]",False,P50,,False,42,1,combined_exp_arps,8,,default_group,UNISIM_IV_P16_Seq2Trend,UNISIM_IV,Seq2Trend,0.4297520661157025,0.5413223140495868,1.9421487603305785
UNISIM_IV_P16_Seq2Trend_trial_54,P16,f12475d28cdffa19d7799081dca52d2a,54,6.2831645259888935,0.7316260729894689,Seq2Trend,Normal,False,0.25,300,300,200,20,16,0.005,0.6,0.1,median,True,"[0.25, 0.5, 0.75]",False,P50,,False,42,1,static,6,,default_group,UNISIM_IV_P16_Seq2Trend,UNISIM_IV,Seq2Trend,0.5371900826446281,0.5421487603305785,2.158677685950413
UNISIM_IV_P16_Seq2Trend_trial_42,P16,1c4e052ed0b397dd96f0ea1aa1b86875,42,6.231210307917698,0.5943385350973702,Seq2Trend,Normal,False,0.5,300,300,100,20,8,0.005,0.6,0.1,median,True,"[0.25, 0.5, 0.75]",False,P50,,False,42,1,static,5,,default_group,UNISIM_IV_P16_Seq2Trend,UNISIM_IV,Seq2Trend,0.41735537190082644,0.48925619834710743,1.8132231404958676
UNISIM_IV_P16_Seq2Trend_trial_50,P16,dfadb14e17f12ef30f6d2eef4a4285cc,50,6.374610132840229,0.6371161703830921,Seq2Trend,Normal,False,0.5,300,300,50,20,8,0.01,0.6,0.1,median,True,"[0.25, 0.5, 0.75]",False,P50,,False,42,1,arps,6,,default_group,UNISIM_IV_P16_Seq2Trend,UNISIM_IV,Seq2Trend,0.4322314049586777,0.5694214876033058,2.003305785123967
UNISIM_IV_P16_Seq2Trend_trial_4,P16,095f75c6d45405ab1fffeb627af76770,4,6.807423445696988,0.3204077903964072,Seq2Trend,Normal,False,0.01,300,300,200,20,8,0.01,0.6,0.1,median,True,"[0.25, 0.5, 0.75]",False,P50,,False,42,1,combined_exp_arps,4,,default_group,UNISIM_IV_P16_Seq2Trend,UNISIM_IV,Seq2Trend,0.228099173553719,0.6603305785123967,1.7768595041322315
UNISIM_IV_P16_Seq2Trend_trial_72,P16,82cefa29c86c971eebc6534008548d80,72,6.295448484973992,0.730779201555006,Seq2Trend,Normal,False,0.99,300,300,50,20,8,0.05,0.6,0.1,median,True,"[0.25, 0.5, 0.75]",False,P50,,False,42,1,arps,5,,default_group,UNISIM_IV_P16_Seq2Trend,UNISIM_IV,Seq2Trend,0.5359504132231405,0.55,2.171900826446281
UNISIM_IV_P16_Seq2Trend_trial_31,P16,2e1b42e72f69fea6d9c6450a067cb917,31,6.353659203409891,0.4445665879233977,Seq2Trend,Normal,False,0.99,300,300,200,20,8,0.001,0.6,0.1,median,True,"[0.25, 0.5, 0.75]",False,P50,,False,42,1,static,7,,default_group,UNISIM_IV_P16_Seq2Trend,UNISIM_IV,Seq2Trend,0.30247933884297523,0.5611570247933885,1.7272727272727275
UNISIM_IV_P16_Seq2Trend_trial_38,P16,b8c9d25392329717b85f968e5252ade3,38,6.824907046506268,0.4677351896228885,Seq2Trend,Normal,False,0.01,300,300,100,20,16,0.01,0.6,0.1,median,True,"[0.25, 0.5, 0.75]",False,P50,,False,42,1,exponential,4,,default_group,UNISIM_IV_P16_Seq2Trend,UNISIM_IV,Seq2Trend,0.3925619834710744,0.6628099173553719,2.1107438016528928
UNISIM_IV_P16_Seq2Trend_trial_35,P16,9a26a1e58a9c6a561505d14afd84073d,35,6.3145969536106445,0.5063885040833769,Seq2Trend,Normal,False,0.5,300,300,200,20,16,0.001,0.6,0.1,median,True,"[0.25, 0.5, 0.75]",False,P50,,False,42,1,static,7,,default_group,UNISIM_IV_P16_Seq2Trend,UNISIM_IV,Seq2Trend,0.4024793388429752,0.5570247933884298,1.9190082644628101
UNISIM_IV_P16_Seq2Trend_trial_22,P16,5ba46fa5b7044c7520ffbc5b5ac1f803,22,6.809576355067866,1.142146175997341,Seq2Trend,Normal,False,0.99,300,300,20,20,8,0.001,0.6,0.1,median,True,"[0.25, 0.5, 0.75]",False,P50,,False,42,1,combined_exp_arps,5,,default_group,UNISIM_IV_P16_Seq2Trend,UNISIM_IV,Seq2Trend,0.7210743801652892,0.6615702479338843,2.765289256198347
UNISIM_IV_P16_Seq2Trend_trial_61,P16,602eb4168bb74bdb4c5a71e771acada1,61,6.26330326316252,1.0312241110666955,Seq2Trend,Normal,False,0.25,300,300,20,20,16,0.005,0.6,0.1,median,True,"[0.25, 0.5, 0.75]",False,P50,,False,42,1,combined_exp_arps,2,,default_group,UNISIM_IV_P16_Seq2Trend,UNISIM_IV,Seq2Trend,0.7041322314049587,0.5396694214876033,2.4876033057851243
UNISIM_IV_P16_Seq2Trend_trial_25,P16,b1ca4965b5ecf6893bf66696b4d13082,25,6.9462471007063,0.8248180096112822,Seq2Trend,Normal,False,0.99,300,300,20,20,16,0.001,0.6,0.1,median,True,"[0.25, 0.5, 0.75]",False,P50,,False,42,1,exponential,7,,default_group,UNISIM_IV_P16_Seq2Trend,UNISIM_IV,Seq2Trend,0.5727272727272728,0.6694214876033058,2.484297520661157
UNISIM_IV_P16_Seq2Trend_trial_3,P16,852128184855579075855c8d84cf96de,3,6.024853064897799,0.8545895689191779,Seq2Trend,Normal,False,0.25,300,300,200,20,16,0.05,0.6,0.1,median,True,"[0.25, 0.5, 0.75]",False,P50,,False,42,1,pressure_ensemble,3,,default_group,UNISIM_IV_P16_Seq2Trend,UNISIM_IV,Seq2Trend,0.5785123966942148,0.40578512396694216,1.968595041322314
UNISIM_IV_P16_Seq2Trend_trial_7,P16,15f7328396da1055338dac8991f07c14,7,8.766757985641975,0.8724103524491039,Seq2Trend,Normal,False,0.01,300,300,200,20,16,0.05,0.6,0.1,median,True,"[0.25, 0.5, 0.75]",False,P50,,False,42,1,combined_exp_arps,3,,default_group,UNISIM_IV_P16_Seq2Trend,UNISIM_IV,Seq2Trend,0.584297520661157,0.7760330578512397,2.7206611570247934
UNISIM_IV_P16_Seq2Trend_trial_37,P16,d46635ad02aa9c3f6fff14b953ce7944,37,7.066799230717091,1.5119965084854587,Seq2Trend,Normal,False,0.25,300,300,200,20,16,0.05,0.6,0.1,median,True,"[0.25, 0.5, 0.75]",False,P50,,False,42,1,arps,5,,default_group,UNISIM_IV_P16_Seq2Trend,UNISIM_IV,Seq2Trend,0.7462809917355372,0.6776859504132231,2.847933884297521
UNISIM_IV_P16_Seq2Trend_trial_6,P16,efb6cc8aa2384f31dee483d9ac1fa4f0,6,6.356158705625337,0.6368117345733315,Seq2Trend,Normal,False,0.5,300,300,100,20,8,0.001,0.6,0.1,median,True,"[0.25, 0.5, 0.75]",False,P50,,False,42,1,static,4,,default_group,UNISIM_IV_P16_Seq2Trend,UNISIM_IV,Seq2Trend,0.43140495867768597,0.5619834710743802,1.9867768595041322
UNISIM_IV_P16_Seq2Trend_trial_67,P16,921d0ce43ae3f19bd1656967d0f2e2c5,67,6.154302888264482,0.9125487135062962,Seq2Trend,Normal,False,0.25,300,300,100,20,8,0.01,0.6,0.1,median,True,"[0.25, 0.5, 0.75]",False,P50,,False,42,1,arps,4,,default_group,UNISIM_IV_P16_Seq2Trend,UNISIM_IV,Seq2Trend,0.6388429752066116,0.4677685950413223,2.2132231404958675
UNISIM_IV_P16_Seq2Trend_trial_92,P16,45f54616e3cfd90eb8189cf167a4b04a,92,6.303856432261259,0.5549426156026719,Seq2Trend,Normal,False,0.99,300,300,100,20,16,0.005,0.6,0.1,median,True,"[0.25, 0.5, 0.75]",False,P50,,False,42,1,combined_exp_arps,8,,default_group,UNISIM_IV_P16_Seq2Trend,UNISIM_IV,Seq2Trend,0.4115702479338843,0.556198347107438,1.9355371900826446
UNISIM_IV_P16_Seq2Trend_trial_66,P16,91824b3407d266728b1884c8dc1fe7d1,66,6.68794099619808,0.8144767285806227,Seq2Trend,Normal,False,0.5,300,300,200,20,8,0.005,0.6,0.1,median,True,"[0.25, 0.5, 0.75]",False,P50,,False,42,1,combined_exp_arps,8,,default_group,UNISIM_IV_P16_Seq2Trend,UNISIM_IV,Seq2Trend,0.5673553719008264,0.653305785123967,2.4413223140495868
UNISIM_IV_P16_Seq2Trend_trial_27,P16,e717a272b507ac10aa3ba74162114ff4,27,6.551179743170624,0.6062214855367078,Seq2Trend,Normal,False,0.5,300,300,100,20,16,0.05,0.6,0.1,median,True,"[0.25, 0.5, 0.75]",False,P50,,False,42,1,exponential,5,,default_group,UNISIM_IV_P16_Seq2Trend,UNISIM_IV,Seq2Trend,0.4214876033057851,0.6363636363636364,2.115702479338843
UNISIM_IV_P16_Seq2Trend_trial_78,P16,5f90beb09f6ce13db943b991b6de87c3,78,6.3973650035975504,0.7604671521099737,Seq2Trend,Normal,False,0.25,300,300,200,20,8,0.01,0.6,0.1,median,True,"[0.25, 0.5, 0.75]",False,P50,,False,42,1,combined_exp_arps,5,,default_group,UNISIM_IV_P16_Seq2Trend,UNISIM_IV,Seq2Trend,0.547107438016529,0.5735537190082645,2.2413223140495866
UNISIM_IV_P16_Seq2Trend_trial_8,P16,4f5182cbce777ac5670f480fc87b1c06,8,7.646980382405498,0.4556658318259669,Seq2Trend,Normal,False,0.01,300,300,20,20,16,0.05,0.6,0.1,median,True,"[0.25, 0.5, 0.75]",False,P50,,False,42,1,static,8,,default_group,UNISIM_IV_P16_Seq2Trend,UNISIM_IV,Seq2Trend,0.38925619834710745,0.7446280991735538,2.267768595041322
UNISIM_IV_P16_Seq2Trend_trial_81,P16,f8817ef2fdb98e707e1a28ce20a470e2,81,6.259797811221804,0.8202865967845734,Seq2Trend,Normal,False,0.5,300,300,100,20,16,0.001,0.6,0.1,median,True,"[0.25, 0.5, 0.75]",False,P50,,False,42,1,arps,3,,default_group,UNISIM_IV_P16_Seq2Trend,UNISIM_IV,Seq2Trend,0.5694214876033058,0.5380165289256198,2.214876033057851
UNISIM_IV_P16_Seq2Trend_trial_39,P16,b97af54d4f7b2e02f3492183585f2cc5,39,7.014604250637582,0.2170535434692534,Seq2Trend,Normal,False,0.5,300,300,200,20,8,0.05,0.6,0.1,median,True,"[0.25, 0.5, 0.75]",False,P50,,False,42,1,static,7,,default_group,UNISIM_IV_P16_Seq2Trend,UNISIM_IV,Seq2Trend,0.12644628099173555,0.6743801652892562,1.6016528925619835
UNISIM_IV_P16_Seq2Trend_trial_96,P16,c8629eccdbdd1dc25ab824915da4a338,96,6.320493856779204,0.7251057309352947,Seq2Trend,Normal,False,0.25,300,300,200,20,16,0.01,0.6,0.1,median,True,"[0.25, 0.5, 0.75]",False,P50,,False,42,1,exponential,4,,default_group,UNISIM_IV_P16_Seq2Trend,UNISIM_IV,Seq2Trend,0.5338842975206611,0.5578512396694215,2.183471074380165
UNISIM_IV_P16_Seq2Trend_trial_65,P16,daaa61b20149f5822e860c68db138745,65,8.517162630431134,0.3690836022586869,Seq2Trend,Normal,False,0.01,300,300,50,20,8,0.001,0.6,0.1,median,True,"[0.25, 0.5, 0.75]",False,P50,,False,42,1,pressure_ensemble,5,,default_group,UNISIM_IV_P16_Seq2Trend,UNISIM_IV,Seq2Trend,0.28760330578512394,0.7702479338842976,2.115702479338843
UNISIM_IV_P16_Seq2Trend_trial_11,P16,740091f84e9760f7f32d5295492df6ce,11,7.150078189167621,0.3628301217659617,Seq2Trend,Normal,False,0.01,300,300,100,20,8,0.005,0.6,0.1,median,True,"[0.25, 0.5, 0.75]",False,P50,,False,42,1,exponential,4,,default_group,UNISIM_IV_P16_Seq2Trend,UNISIM_IV,Seq2Trend,0.28512396694214875,0.684297520661157,1.9388429752066116
UNISIM_IV_P16_Seq2Trend_trial_16,P16,4828ba918848bd93b02d4a3db010d8a9,16,6.34595415458922,0.7144591403771848,Seq2Trend,Normal,False,0.99,300,300,20,20,16,0.01,0.6,0.1,median,True,"[0.25, 0.5, 0.75]",False,P50,,False,42,1,exponential,4,,default_group,UNISIM_IV_P16_Seq2Trend,UNISIM_IV,Seq2Trend,0.5330578512396694,0.5603305785123966,2.186776859504132
UNISIM_IV_P16_Seq2Trend_trial_58,P16,654981236965402203b1ebb851c53ca5,58,6.295448484973992,0.730779201555006,Seq2Trend,Normal,False,0.99,300,300,50,20,8,0.05,0.6,0.1,median,True,"[0.25, 0.5, 0.75]",False,P50,,False,42,1,arps,8,,default_group,UNISIM_IV_P16_Seq2Trend,UNISIM_IV,Seq2Trend,0.5359504132231405,0.55,2.171900826446281
UNISIM_IV_P16_Seq2Trend_trial_33,P16,ae14dd2d1ff881a17ee5c580bee77f0f,33,6.366533908719206,0.7389505421250988,Seq2Trend,Normal,False,0.25,300,300,100,20,8,0.005,0.6,0.1,median,True,"[0.25, 0.5, 0.75]",False,P50,,False,42,1,static,6,,default_group,UNISIM_IV_P16_Seq2Trend,UNISIM_IV,Seq2Trend,0.540495867768595,0.5652892561983471,2.211570247933884
UNISIM_IV_P16_Seq2Trend_trial_5,P16,df8383f9b6b6bcf15f093c98b5febf03,5,7.675171839531554,0.4739806842392047,Seq2Trend,Normal,False,0.01,300,300,100,20,16,0.001,0.6,0.1,median,True,"[0.25, 0.5, 0.75]",False,P50,,False,42,1,combined_exp_arps,8,,default_group,UNISIM_IV_P16_Seq2Trend,UNISIM_IV,Seq2Trend,0.39669421487603307,0.7471074380165289,2.287603305785124
UNISIM_IV_P16_Seq2Trend_trial_56,P16,7e07f11eb5d72ae1a9da60f28d9baeb5,56,6.302837413588224,0.5530583966632905,Seq2Trend,Normal,False,0.99,300,300,200,20,8,0.01,0.6,0.1,median,True,"[0.25, 0.5, 0.75]",False,P50,,False,42,1,arps,3,,default_group,UNISIM_IV_P16_Seq2Trend,UNISIM_IV,Seq2Trend,0.41074380165289254,0.5545454545454546,1.930578512396694
UNISIM_IV_P16_Seq2Trend_trial_26,P16,3f8fe563a2b301dd2c0a765139f2fbf6,26,6.365952163580705,0.6068361757707119,Seq2Trend,Normal,False,0.5,300,300,100,20,16,0.01,0.6,0.1,median,True,"[0.25, 0.5, 0.75]",False,P50,,False,42,1,pressure_ensemble,4,,default_group,UNISIM_IV_P16_Seq2Trend,UNISIM_IV,Seq2Trend,0.4223140495867769,0.5644628099173554,1.9735537190082646
UNISIM_IV_P16_Seq2Trend_trial_48,P16,0a74213a32631db4b544023a4065167a,48,9.826889625051908,1.4821968260751528,Seq2Trend,Normal,False,0.99,300,300,20,20,8,0.05,0.6,0.1,median,True,"[0.25, 0.5, 0.75]",False,P50,,False,42,1,combined_exp_arps,4,,default_group,UNISIM_IV_P16_Seq2Trend,UNISIM_IV,Seq2Trend,0.7446280991735538,0.7917355371900826,3.0727272727272728
UNISIM_IV_P16_Seq2Trend_trial_69,P16,8d43b75cc7c0dfd91fd20d0aab7a4014,69,6.862500337126996,0.3830194224838909,Seq2Trend,Normal,False,0.01,300,300,50,20,8,0.01,0.6,0.1,median,True,"[0.25, 0.5, 0.75]",False,P50,,False,42,1,exponential,7,,default_group,UNISIM_IV_P16_Seq2Trend,UNISIM_IV,Seq2Trend,0.29256198347107437,0.6661157024793388,1.9173553719008263
UNISIM_IV_P16_Seq2Trend_trial_91,P16,e3d4043e711875315d7b7a7619aa6097,91,9.630940427195952,1.3458688537576593,Seq2Trend,Normal,False,0.01,300,300,100,20,16,0.05,0.6,0.1,median,True,"[0.25, 0.5, 0.75]",False,P50,,False,42,1,pressure_ensemble,7,,default_group,UNISIM_IV_P16_Seq2Trend,UNISIM_IV,Seq2Trend,0.7371900826446282,0.7900826446280992,3.0545454545454547
UNISIM_IV_P16_Seq2Trend_trial_24,P16,1f130460560cdda223757f9483b6a31f,24,6.128809572761858,0.7484292246105171,Seq2Trend,Normal,False,0.5,300,300,200,20,16,0.01,0.6,0.1,median,True,"[0.25, 0.5, 0.75]",False,P50,,False,42,1,combined_exp_arps,5,,default_group,UNISIM_IV_P16_Seq2Trend,UNISIM_IV,Seq2Trend,0.543801652892562,0.4652892561983471,2.018181818181818
UNISIM_IV_P16_Seq2Trend_trial_52,P16,c363a345e8c3703178a72f3c90ddd8f4,52,6.26330326316252,1.0312241110666955,Seq2Trend,Normal,False,0.25,300,300,20,20,16,0.005,0.6,0.1,median,True,"[0.25, 0.5, 0.75]",False,P50,,False,42,1,combined_exp_arps,3,,default_group,UNISIM_IV_P16_Seq2Trend,UNISIM_IV,Seq2Trend,0.7041322314049587,0.5396694214876033,2.4876033057851243
UNISIM_IV_P16_Seq2Trend_trial_90,P16,46b4841d0d442fa8b974c0f967ec56e4,90,6.809576355067866,1.142146175997341,Seq2Trend,Normal,False,0.99,300,300,20,20,8,0.001,0.6,0.1,median,True,"[0.25, 0.5, 0.75]",False,P50,,False,42,1,combined_exp_arps,4,,default_group,UNISIM_IV_P16_Seq2Trend,UNISIM_IV,Seq2Trend,0.7210743801652892,0.6615702479338843,2.765289256198347
UNISIM_IV_P16_Seq2Trend_trial_86,P16,8e54d5d6461793cfb50a5e9519acac43,86,6.344168420901047,0.6896337414799127,Seq2Trend,Normal,False,0.5,300,300,100,20,8,0.05,0.6,0.1,median,True,"[0.25, 0.5, 0.75]",False,P50,,False,42,1,exponential,3,,default_group,UNISIM_IV_P16_Seq2Trend,UNISIM_IV,Seq2Trend,0.5264462809917355,0.5595041322314049,2.171900826446281
UNISIM_IV_P16_Seq2Trend_trial_23,P16,bc29cc1d9f955a8ee43769d386181930,23,6.26330326316252,1.0312241110666955,Seq2Trend,Normal,False,0.25,300,300,20,20,16,0.005,0.6,0.1,median,True,"[0.25, 0.5, 0.75]",False,P50,,False,42,1,combined_exp_arps,4,,default_group,UNISIM_IV_P16_Seq2Trend,UNISIM_IV,Seq2Trend,0.7041322314049587,0.5396694214876033,2.4876033057851243
UNISIM_IV_P16_Seq2Trend_trial_95,P16,36a7d60538aab5a9cd9aebb134edefc8,95,6.5409352347078205,1.522346726179878,Seq2Trend,Normal,False,0.25,300,300,50,20,8,0.05,0.6,0.1,median,True,"[0.25, 0.5, 0.75]",False,P50,,False,42,1,pressure_ensemble,2,,default_group,UNISIM_IV_P16_Seq2Trend,UNISIM_IV,Seq2Trend,0.7471074380165289,0.6347107438016529,2.7636363636363637
UNISIM_IV_P16_Seq2Trend_trial_44,P16,90f21879fbfbabcc05ce4b2fb9fc2512,44,6.149156530822258,0.7876312135716428,Seq2Trend,Normal,False,0.5,300,300,50,20,16,0.005,0.6,0.1,median,True,"[0.25, 0.5, 0.75]",False,P50,,False,42,1,combined_exp_arps,8,,default_group,UNISIM_IV_P16_Seq2Trend,UNISIM_IV,Seq2Trend,0.5537190082644629,0.4669421487603306,2.041322314049587
UNISIM_IV_P16_Seq2Trend_trial_62,P16,5546d632eac3e6d49571b2d30c316d2e,62,6.253316225401805,0.5908330867477568,Seq2Trend,Normal,False,0.99,300,300,200,20,16,0.005,0.6,0.1,median,True,"[0.25, 0.5, 0.75]",False,P50,,False,42,1,arps,2,,default_group,UNISIM_IV_P16_Seq2Trend,UNISIM_IV,Seq2Trend,0.41652892561983473,0.49504132231404957,1.8231404958677686
UNISIM_IV_P16_Seq2Trend_trial_83,P16,ce44d2670c7bd036d120037c89258231,83,6.19750940476259,0.698215065986738,Seq2Trend,Normal,False,0.5,300,300,50,20,16,0.005,0.6,0.1,median,True,"[0.25, 0.5, 0.75]",False,P50,,False,42,1,exponential,7,,default_group,UNISIM_IV_P16_Seq2Trend,UNISIM_IV,Seq2Trend,0.528099173553719,0.47768595041322315,2.0115702479338844
UNISIM_IV_P16_Seq2Trend_trial_98,P16,70318a88488a6a93e1c01286055b2f61,98,6.358285291224316,1.123261331746093,Seq2Trend,Normal,False,0.99,300,300,50,20,16,0.001,0.6,0.1,median,True,"[0.25, 0.5, 0.75]",False,P50,,False,42,1,pressure_ensemble,6,,default_group,UNISIM_IV_P16_Seq2Trend,UNISIM_IV,Seq2Trend,0.7173553719008264,0.5636363636363636,2.56198347107438
UNISIM_IV_P16_Seq2Trend_trial_1,P16,91950c5e94b8574c08efd14d0f2a8ae7,1,7.889347053883249,0.1933908930456568,Seq2Trend,Normal,False,0.99,300,300,200,20,16,0.05,0.6,0.1,median,True,"[0.25, 0.5, 0.75]",False,P50,,False,42,1,combined_exp_arps,2,,default_group,UNISIM_IV_P16_Seq2Trend,UNISIM_IV,Seq2Trend,0.12148760330578512,0.7528925619834711,1.7487603305785124
UNISIM_IV_P16_Seq2Trend_trial_36,P16,0ad8983f8cc7b6b7c2620f1c4c81d38e,36,6.291071285388061,0.4901160696314317,Seq2Trend,Normal,False,0.99,300,300,100,20,8,0.005,0.6,0.1,median,True,"[0.25, 0.5, 0.75]",False,P50,,False,42,1,static,3,,default_group,UNISIM_IV_P16_Seq2Trend,UNISIM_IV,Seq2Trend,0.39834710743801655,0.5446280991735537,1.8859504132231404
UNISIM_IV_P16_Seq2Trend_trial_77,P16,3f8d32f9a70e8ef4f16c12faeac3e48f,77,6.220571091198812,0.6151601343444674,Seq2Trend,Normal,False,0.5,300,300,100,20,8,0.01,0.6,0.1,median,True,"[0.25, 0.5, 0.75]",False,P50,,False,42,1,pressure_ensemble,2,,default_group,UNISIM_IV_P16_Seq2Trend,UNISIM_IV,Seq2Trend,0.4256198347107438,0.4826446280991736,1.816528925619835
UNISIM_IV_P16_Seq2Trend_trial_34,P16,56c6ea83286957005dc54ab92e358706,34,6.196872999990656,0.7291982313976485,Seq2Trend,Normal,False,0.5,300,300,200,20,16,0.01,0.6,0.1,median,True,"[0.25, 0.5, 0.75]",False,P50,,False,42,1,arps,8,,default_group,UNISIM_IV_P16_Seq2Trend,UNISIM_IV,Seq2Trend,0.5347107438016528,0.47603305785123967,2.021487603305785
UNISIM_IV_P16_Seq2Trend_trial_45,P16,e2fba7d1d3cb49ffebe229eae8809a25,45,6.5573745792744,0.2316837341422247,Seq2Trend,Normal,False,0.5,300,300,50,20,8,0.05,0.6,0.1,median,True,"[0.25, 0.5, 0.75]",False,P50,,False,42,1,arps,3,,default_group,UNISIM_IV_P16_Seq2Trend,UNISIM_IV,Seq2Trend,0.1359504132231405,0.6376033057851239,1.5471074380165288
UNISIM_IV_P16_Seq2Trend_trial_28,P16,48ec46a78b1c56d740f8999c405e236e,28,9.165438010567868,1.1229794371005095,Seq2Trend,Normal,False,0.99,300,300,100,20,16,0.05,0.6,0.1,median,True,"[0.25, 0.5, 0.75]",False,P50,,False,42,1,arps,8,,default_group,UNISIM_IV_P16_Seq2Trend,UNISIM_IV,Seq2Trend,0.7165289256198347,0.784297520661157,3.0016528925619834
UNISIM_IV_P16_Seq2Trend_trial_99,P16,1754cad207152fb722296276f519af68,99,6.201336912321223,0.8025922210867904,Seq2Trend,Normal,False,0.25,300,300,100,20,16,0.05,0.6,0.1,median,True,"[0.25, 0.5, 0.75]",False,P50,,False,42,1,exponential,4,,default_group,UNISIM_IV_P16_Seq2Trend,UNISIM_IV,Seq2Trend,0.5603305785123966,0.47851239669421486,2.077685950413223
UNISIM_IV_P16_Seq2Trend_trial_85,P16,268f4fe3591979bdbdc460e8b6b94a19,85,6.94792827946363,0.4506490881806381,Seq2Trend,Normal,False,0.01,300,300,50,20,8,0.005,0.6,0.1,median,True,"[0.25, 0.5, 0.75]",False,P50,,False,42,1,pressure_ensemble,5,,default_group,UNISIM_IV_P16_Seq2Trend,UNISIM_IV,Seq2Trend,0.34710743801652894,0.6702479338842975,2.0347107438016527
UNISIM_IV_P16_Seq2Trend_trial_49,P16,97be9299d6cfa461ed547e0cf93bcd6c,49,6.162113475835644,0.8734179781093303,Seq2Trend,Normal,False,0.25,300,300,100,20,8,0.001,0.6,0.1,median,True,"[0.25, 0.5, 0.75]",False,P50,,False,42,1,exponential,5,,default_group,UNISIM_IV_P16_Seq2Trend,UNISIM_IV,Seq2Trend,0.587603305785124,0.46942148760330576,2.1140495867768596
UNISIM_IV_P16_Seq2Trend_trial_0,P16,90faa57b773e0d11c78fbd2985a80b37,0,5.974434199900836,0.9224956922370898,Seq2Trend,Normal,False,0.25,300,300,50,20,16,0.05,0.6,0.1,median,True,"[0.25, 0.5, 0.75]",False,P50,,False,42,1,arps,3,,default_group,UNISIM_IV_P16_Seq2Trend,UNISIM_IV,Seq2Trend,0.6851239669421487,0.4,2.1702479338842977
UNISIM_IV_P16_Seq2Trend_trial_88,P16,e828931676a75dd8296e60c0c0cb8237,88,7.148647493904734,0.3292674293193132,Seq2Trend,Normal,False,0.5,300,300,200,20,16,0.05,0.6,0.1,median,True,"[0.25, 0.5, 0.75]",False,P50,,False,42,1,static,3,,default_group,UNISIM_IV_P16_Seq2Trend,UNISIM_IV,Seq2Trend,0.23140495867768596,0.6834710743801653,1.8297520661157025
UNISIM_IV_P16_Seq2Trend_trial_20,P16,c5915f35fb6ebecded4e970df2946ea3,20,7.247679713512918,0.2917785630804449,Seq2Trend,Normal,False,0.01,300,300,200,20,8,0.005,0.6,0.1,median,True,"[0.25, 0.5, 0.75]",False,P50,,False,42,1,pressure_ensemble,8,,default_group,UNISIM_IV_P16_Seq2Trend,UNISIM_IV,Seq2Trend,0.22231404958677686,0.6892561983471074,1.8231404958677686
UNISIM_IV_P16_Seq2Trend_trial_71,P16,ad7eed9cdb5b27931be5b7b97616d4fe,71,6.6945161538436135,1.3531798930047725,Seq2Trend,Normal,False,0.25,300,300,20,20,8,0.001,0.6,0.1,median,True,"[0.25, 0.5, 0.75]",False,P50,,False,42,1,combined_exp_arps,4,,default_group,UNISIM_IV_P16_Seq2Trend,UNISIM_IV,Seq2Trend,0.7380165289256199,0.6545454545454545,2.785123966942149
UNISIM_IV_P16_Seq2Trend_trial_82,P16,d5e581b8919de2ddf9b96ad8f964373f,82,6.949335779674868,0.4696850647764653,Seq2Trend,Normal,False,0.01,300,300,20,20,16,0.01,0.6,0.1,median,True,"[0.25, 0.5, 0.75]",False,P50,,False,42,1,pressure_ensemble,6,,default_group,UNISIM_IV_P16_Seq2Trend,UNISIM_IV,Seq2Trend,0.3942148760330578,0.6710743801652893,2.1305785123966943
UNISIM_IV_P16_Seq2Trend_trial_74,P16,247e083081ad88714f0841380458bc9c,74,8.90833344840244,0.9687467679993452,Seq2Trend,Normal,False,0.01,300,300,20,20,16,0.05,0.6,0.1,median,True,"[0.25, 0.5, 0.75]",False,P50,,False,42,1,arps,3,,default_group,UNISIM_IV_P16_Seq2Trend,UNISIM_IV,Seq2Trend,0.6900826446280992,0.7801652892561983,2.940495867768595
UNISIM_IV_P16_Seq2Trend_trial_94,P16,67b73d1677630d0e2fc91dd30e150ca9,94,6.244982523597527,0.7043547992294558,Seq2Trend,Normal,False,0.25,300,300,50,20,16,0.01,0.6,0.1,median,True,"[0.25, 0.5, 0.75]",False,P50,,False,42,1,pressure_ensemble,2,,default_group,UNISIM_IV_P16_Seq2Trend,UNISIM_IV,Seq2Trend,0.53099173553719,0.493801652892562,2.049586776859504
UNISIM_IV_P16_Seq2Trend_trial_10,P16,e8f7e14234171f2899d2717aa690790a,10,6.111684664184895,0.6412951062402471,Seq2Trend,Normal,False,0.5,300,300,50,20,16,0.01,0.6,0.1,median,True,"[0.25, 0.5, 0.75]",False,P50,,False,42,1,static,8,,default_group,UNISIM_IV_P16_Seq2Trend,UNISIM_IV,Seq2Trend,0.43471074380165287,0.46198347107438015,1.7933884297520661
UNISIM_IV_P16_Seq2Trend_trial_46,P16,26ca295b8a7935c930ff9d803ad5437d,46,6.232280482445476,0.8286675960519266,Seq2Trend,Normal,False,0.5,300,300,100,20,16,0.001,0.6,0.1,median,True,"[0.25, 0.5, 0.75]",False,P50,,False,42,1,pressure_ensemble,8,,default_group,UNISIM_IV_P16_Seq2Trend,UNISIM_IV,Seq2Trend,0.5743801652892562,0.4900826446280992,2.128925619834711
UNISIM_IV_P16_Seq2Trend_trial_80,P16,2d87c61d4f7bf53579b3e2b5461bd1c2,80,6.22889640476942,0.9120522477922396,Seq2Trend,Normal,False,0.99,300,300,200,20,16,0.001,0.6,0.1,median,True,"[0.25, 0.5, 0.75]",False,P50,,False,42,1,combined_exp_arps,3,,default_group,UNISIM_IV_P16_Seq2Trend,UNISIM_IV,Seq2Trend,0.6380165289256199,0.4884297520661157,2.2528925619834714
UNISIM_IV_P16_Seq2Trend_trial_21,P16,035f33824a540d9ccc3785e767c26194,21,6.213342781296893,0.872771832942931,Seq2Trend,Normal,False,0.5,300,300,20,20,16,0.005,0.6,0.1,median,True,"[0.25, 0.5, 0.75]",False,P50,,False,42,1,static,4,,default_group,UNISIM_IV_P16_Seq2Trend,UNISIM_IV,Seq2Trend,0.5867768595041323,0.48016528925619834,2.133884297520661
UNISIM_IV_P16_Seq2Trend_trial_79,P16,1432e6feb04c540de15c0035069b0bee,79,7.072930007566741,0.2268249239036497,Seq2Trend,Normal,False,0.5,300,300,50,20,8,0.05,0.6,0.1,median,True,"[0.25, 0.5, 0.75]",False,P50,,False,42,1,pressure_ensemble,4,,default_group,UNISIM_IV_P16_Seq2Trend,UNISIM_IV,Seq2Trend,0.12892561983471074,0.6785123966942149,1.6148760330578513
UNISIM_IV_P16_Seq2Trend_trial_40,P16,cb94232460e74967581815fd5a2c8cf4,40,7.912675196159672,0.4960416687294158,Seq2Trend,Normal,False,0.25,300,300,200,20,8,0.05,0.6,0.1,median,True,"[0.25, 0.5, 0.75]",False,P50,,False,42,1,pressure_ensemble,6,,default_group,UNISIM_IV_P16_Seq2Trend,UNISIM_IV,Seq2Trend,0.39917355371900826,0.7537190082644628,2.3057851239669422
UNISIM_IV_P16_Seq2Trend_trial_41,P16,70461fac2f5f1f460c52d3eae97726e5,41,6.090558064630455,0.7943690551699005,Seq2Trend,Normal,False,0.25,300,300,100,20,8,0.005,0.6,0.1,median,True,"[0.25, 0.5, 0.75]",False,P50,,False,42,1,pressure_ensemble,2,,default_group,UNISIM_IV_P16_Seq2Trend,UNISIM_IV,Seq2Trend,0.556198347107438,0.4578512396694215,2.028099173553719
UNISIM_IV_P16_Seq2Trend_trial_17,P16,ad6c1833289ea7b63de2a62bc1d7f13d,17,7.2527571778659805,0.274781221928651,Seq2Trend,Normal,False,0.01,300,300,100,20,8,0.01,0.6,0.1,median,True,"[0.25, 0.5, 0.75]",False,P50,,False,42,1,static,7,,default_group,UNISIM_IV_P16_Seq2Trend,UNISIM_IV,Seq2Trend,0.21239669421487603,0.6900826446280992,1.8049586776859505
UNISIM_IV_P16_Seq2Trend_trial_29,P16,27d560a1794382a1b888c77806b080dd,29,6.236316765140968,0.6667473123422919,Seq2Trend,Normal,False,0.5,300,300,50,20,8,0.005,0.6,0.1,median,True,"[0.25, 0.5, 0.75]",False,P50,,False,42,1,pressure_ensemble,7,,default_group,UNISIM_IV_P16_Seq2Trend,UNISIM_IV,Seq2Trend,0.4826446280991736,0.4909090909090909,1.947107438016529
UNISIM_IV_P16_Seq2Trend_trial_19,P16,64ed323b1d6dbae9c2b8f4dd4b6ba18d,19,6.226640120713025,0.6009436730901853,Seq2Trend,Normal,False,0.5,300,300,100,20,8,0.01,0.6,0.1,median,True,"[0.25, 0.5, 0.75]",False,P50,,False,42,1,exponential,3,,default_group,UNISIM_IV_P16_Seq2Trend,UNISIM_IV,Seq2Trend,0.41983471074380163,0.48677685950413224,1.8132231404958676
UNISIM_IV_P16_Seq2Trend_trial_75,P16,9673c82aed0a6cfa536eb95ff29cc35f,75,7.024268651275643,0.2809573319266039,Seq2Trend,Normal,False,0.01,300,300,100,20,8,0.01,0.6,0.1,median,True,"[0.25, 0.5, 0.75]",False,P50,,False,42,1,arps,5,,default_group,UNISIM_IV_P16_Seq2Trend,UNISIM_IV,Seq2Trend,0.21487603305785125,0.6760330578512397,1.7818181818181817
UNISIM_IV_P16_Seq2Trend_trial_18,P16,25153fe2d294ad28afd524065f9ece0c,18,6.297911125358267,0.5983937595879253,Seq2Trend,Normal,False,0.25,300,300,200,20,8,0.01,0.6,0.1,median,True,"[0.25, 0.5, 0.75]",False,P50,,False,42,1,pressure_ensemble,2,,default_group,UNISIM_IV_P16_Seq2Trend,UNISIM_IV,Seq2Trend,0.41818181818181815,0.552892561983471,1.9421487603305785
UNISIM_IV_P16_Seq2Trend_trial_53,P16,ee96c82b0028ae7da438a91a0fe0ad11,53,7.052995715284246,0.3251965673347537,Seq2Trend,Normal,False,0.01,300,300,200,20,8,0.005,0.6,0.1,median,True,"[0.25, 0.5, 0.75]",False,P50,,False,42,1,arps,4,,default_group,UNISIM_IV_P16_Seq2Trend,UNISIM_IV,Seq2Trend,0.22892561983471074,0.6768595041322314,1.8115702479338842
UNISIM_IV_P16_Seq2Trend_trial_59,P16,80a2df4eb5fce4c68d5e32bf81b65f3d,59,6.680479316459322,0.5565545016205939,Seq2Trend,Normal,False,0.99,300,300,200,20,8,0.05,0.6,0.1,median,True,"[0.25, 0.5, 0.75]",False,P50,,False,42,1,arps,3,,default_group,UNISIM_IV_P16_Seq2Trend,UNISIM_IV,Seq2Trend,0.412396694214876,0.6512396694214876,2.127272727272727
UNISIM_IV_P16_Seq2Trend_trial_47,P16,e71abd07a37b57bdbe8cca4b85cad54f,47,6.208351097209284,0.8775295431703667,Seq2Trend,Normal,False,0.25,300,300,20,20,8,0.005,0.6,0.1,median,True,"[0.25, 0.5, 0.75]",False,P50,,False,42,1,combined_exp_arps,6,,default_group,UNISIM_IV_P16_Seq2Trend,UNISIM_IV,Seq2Trend,0.5900826446280992,0.4793388429752066,2.138842975206612
UNISIM_IV_P16_Seq2Trend_trial_55,P16,abdc8c99b74db3ed9315e923ee115e2a,55,6.165167682527724,1.0519144470831596,Seq2Trend,Normal,False,0.25,300,300,20,20,16,0.005,0.6,0.1,median,True,"[0.25, 0.5, 0.75]",False,P50,,False,42,1,exponential,3,,default_group,UNISIM_IV_P16_Seq2Trend,UNISIM_IV,Seq2Trend,0.7066115702479339,0.47107438016528924,2.355371900826446
UNISIM_IV_P16_Seq2Trend_trial_70,P16,3663629aeddd6cfe1ffa5c07d224ef7a,70,6.481175404226204,0.3792339856925297,Seq2Trend,Normal,False,0.99,300,300,20,20,16,0.05,0.6,0.1,median,True,"[0.25, 0.5, 0.75]",False,P50,,False,42,1,combined_exp_arps,5,,default_group,UNISIM_IV_P16_Seq2Trend,UNISIM_IV,Seq2Trend,0.29173553719008266,0.628099173553719,1.8396694214876033
UNISIM_IV_P16_Seq2Trend_trial_32,P16,21ef5058e961c22914a3a1eb6fb5bf7f,32,6.160259695137444,0.6998590579374125,Seq2Trend,Normal,False,0.5,300,300,200,20,8,0.01,0.6,0.1,median,True,"[0.25, 0.5, 0.75]",False,P50,,False,42,1,pressure_ensemble,6,,default_group,UNISIM_IV_P16_Seq2Trend,UNISIM_IV,Seq2Trend,0.5297520661157025,0.46859504132231405,1.9966942148760332
UNISIM_IV_P16_Seq2Trend_trial_64,P16,3384f69e5a4e9f8d76033c99f5dfa58c,64,6.446053430172147,1.2571305808028232,Seq2Trend,Normal,False,0.99,300,300,20,20,16,0.05,0.6,0.1,median,True,"[0.25, 0.5, 0.75]",False,P50,,False,42,1,static,8,,default_group,UNISIM_IV_P16_Seq2Trend,UNISIM_IV,Seq2Trend,0.7297520661157024,0.5818181818181818,2.6231404958677684
UNISIM_IV_P16_Seq2Trend_trial_89,P16,1779b7553a1f55c22f33fcb8a3877fde,89,6.68794099619808,0.8144767285806227,Seq2Trend,Normal,False,0.5,300,300,200,20,8,0.005,0.6,0.1,median,True,"[0.25, 0.5, 0.75]",False,P50,,False,42,1,combined_exp_arps,7,,default_group,UNISIM_IV_P16_Seq2Trend,UNISIM_IV,Seq2Trend,0.5673553719008264,0.653305785123967,2.4413223140495868
UNISIM_IV_P16_Seq2Trend_trial_57,P16,9545b1e95b2f6de65b7e142b8e57af24,57,6.357112861808707,0.573195178987804,Seq2Trend,Normal,False,0.5,300,300,20,20,16,0.05,0.6,0.1,median,True,"[0.25, 0.5, 0.75]",False,P50,,False,42,1,exponential,5,,default_group,UNISIM_IV_P16_Seq2Trend,UNISIM_IV,Seq2Trend,0.4140495867768595,0.5628099173553719,1.9537190082644629
UNISIM_IV_P16_Seq2Trend_trial_30,P16,dc17bffc63f3de73df8098ba81d08566,30,8.76745600621974,0.4652947407557029,Seq2Trend,Normal,False,0.01,300,300,50,20,8,0.001,0.6,0.1,median,True,"[0.25, 0.5, 0.75]",False,P50,,False,42,1,static,6,,default_group,UNISIM_IV_P16_Seq2Trend,UNISIM_IV,Seq2Trend,0.39173553719008264,0.7768595041322314,2.337190082644628
UNISIM_IV_P16_Seq2Trend_trial_13,P16,76605fafdd6dff0c2994709ef3559ace,13,6.17927283129958,0.684105295126699,Seq2Trend,Normal,False,0.5,300,300,50,20,8,0.005,0.6,0.1,median,True,"[0.25, 0.5, 0.75]",False,P50,,False,42,1,static,2,,default_group,UNISIM_IV_P16_Seq2Trend,UNISIM_IV,Seq2Trend,0.5247933884297521,0.4727272727272727,1.9950413223140497
UNISIM_IV_P16_Seq2Trend_trial_12,P16,a5d314b6af7f4e532b43bbc28882ee3a,12,6.291842669328132,0.699345208895034,Seq2Trend,Normal,False,0.99,300,300,100,20,16,0.005,0.6,0.1,median,True,"[0.25, 0.5, 0.75]",False,P50,,False,42,1,exponential,8,,default_group,UNISIM_IV_P16_Seq2Trend,UNISIM_IV,Seq2Trend,0.5289256198347108,0.547107438016529,2.152066115702479
UNISIM_IV_P16_Seq2Trend_trial_15,P16,9209b201352364b3b009a4797eb70ddc,15,6.525827803996679,0.258974428658651,Seq2Trend,Normal,False,0.99,300,300,100,20,8,0.05,0.6,0.1,median,True,"[0.25, 0.5, 0.75]",False,P50,,False,42,1,arps,8,,default_group,UNISIM_IV_P16_Seq2Trend,UNISIM_IV,Seq2Trend,0.20165289256198346,0.6338842975206611,1.6710743801652892
UNISIM_IV_P16_Seq2Trend_trial_43,P16,3468653b23e3890e31e455c9c4b24221,43,6.374758223098661,0.5369603000459017,Seq2Trend,Normal,False,0.99,300,300,100,20,16,0.01,0.6,0.1,median,True,"[0.25, 0.5, 0.75]",False,P50,,False,42,1,combined_exp_arps,5,,default_group,UNISIM_IV_P16_Seq2Trend,UNISIM_IV,Seq2Trend,0.40578512396694216,0.5702479338842975,1.9520661157024795
UNISIM_IV_P16_Seq2Trend_trial_93,P16,b4cec65e9ce590f83aeacad0d3e9926b,93,6.226358089918016,0.8253525105800241,Seq2Trend,Normal,False,0.5,300,300,50,20,8,0.001,0.6,0.1,median,True,"[0.25, 0.5, 0.75]",False,P50,,False,42,1,arps,2,,default_group,UNISIM_IV_P16_Seq2Trend,UNISIM_IV,Seq2Trend,0.5735537190082645,0.4859504132231405,2.11900826446281
UNISIM_IV_P16_Seq2Trend_trial_51,P16,ef3ace9c069a229387eb9c00f71a435f,51,6.291353629010099,0.5772134474842223,Seq2Trend,Normal,False,0.5,300,300,200,20,8,0.001,0.6,0.1,median,True,"[0.25, 0.5, 0.75]",False,P50,,False,42,1,static,5,,default_group,UNISIM_IV_P16_Seq2Trend,UNISIM_IV,Seq2Trend,0.41487603305785126,0.5462809917355372,1.922314049586777
UNISIM_IV_P16_Seq2Trend_trial_73,P16,f58d765ff13418476eb6b18447a039b7,73,6.237804385812815,0.8354366973317182,Seq2Trend,Normal,False,0.5,300,300,100,20,16,0.001,0.6,0.1,median,True,"[0.25, 0.5, 0.75]",False,P50,,False,42,1,exponential,8,,default_group,UNISIM_IV_P16_Seq2Trend,UNISIM_IV,Seq2Trend,0.5760330578512397,0.49173553719008267,2.135537190082645
UNISIM_IV_P16_Seq2Trend_trial_184,P16,f624020e4d0e0e3128860ed51ba6bb15,184,6.452100416773495,0.455573189967424,Seq2Trend,Normal,False,0.99,300,300,200,20,16,0.005,0.6,0.1,median,True,"[0.25, 0.5, 0.75]",False,P50,,False,42,1,exponential,8,,default_group,UNISIM_IV_P16_Seq2Trend,UNISIM_IV,Seq2Trend,0.36818181818181817,0.6028925619834711,1.9421487603305785
UNISIM_IV_P16_Seq2Trend_trial_191,P16,79b45ae402a8ef01c364ad373c29bbec,191,6.452100416773495,0.455573189967424,Seq2Trend,Normal,False,0.99,300,300,200,20,16,0.005,0.6,0.1,median,True,"[0.25, 0.5, 0.75]",False,P50,,False,42,1,exponential,8,,default_group,UNISIM_IV_P16_Seq2Trend,UNISIM_IV,Seq2Trend,0.36818181818181817,0.6028925619834711,1.9421487603305785
UNISIM_IV_P16_Seq2Trend_trial_166,P16,eba8923fdba90cab286ddd477f271dd9,166,6.452100416773495,0.455573189967424,Seq2Trend,Normal,False,0.99,300,300,200,20,16,0.005,0.6,0.1,median,True,"[0.25, 0.5, 0.75]",False,P50,,False,42,1,exponential,8,,default_group,UNISIM_IV_P16_Seq2Trend,UNISIM_IV,Seq2Trend,0.36818181818181817,0.6028925619834711,1.9421487603305785
UNISIM_IV_P16_Seq2Trend_trial_159,P16,caf6c94c5da90850ba7a33a7541adc16,159,6.452100416773495,0.455573189967424,Seq2Trend,Normal,False,0.99,300,300,200,20,16,0.005,0.6,0.1,median,True,"[0.25, 0.5, 0.75]",False,P50,,False,42,1,exponential,8,,default_group,UNISIM_IV_P16_Seq2Trend,UNISIM_IV,Seq2Trend,0.36818181818181817,0.6028925619834711,1.9421487603305785
UNISIM_IV_P16_Seq2Trend_trial_181,P16,db5115017e6024997abcbc372832ca87,181,6.452100416773495,0.455573189967424,Seq2Trend,Normal,False,0.99,300,300,200,20,16,0.005,0.6,0.1,median,True,"[0.25, 0.5, 0.75]",False,P50,,False,42,1,exponential,8,,default_group,UNISIM_IV_P16_Seq2Trend,UNISIM_IV,Seq2Trend,0.36818181818181817,0.6028925619834711,1.9421487603305785
UNISIM_IV_P16_Seq2Trend_trial_172,P16,f565ca851d8e2ecbae485b745cdd5547,172,6.452100416773495,0.455573189967424,Seq2Trend,Normal,False,0.99,300,300,200,20,16,0.005,0.6,0.1,median,True,"[0.25, 0.5, 0.75]",False,P50,,False,42,1,exponential,8,,default_group,UNISIM_IV_P16_Seq2Trend,UNISIM_IV,Seq2Trend,0.36818181818181817,0.6028925619834711,1.9421487603305785
UNISIM_IV_P16_Seq2Trend_trial_192,P16,ab429509e69f40824dad6b9eaa20280d,192,6.452100416773495,0.455573189967424,Seq2Trend,Normal,False,0.99,300,300,200,20,16,0.005,0.6,0.1,median,True,"[0.25, 0.5, 0.75]",False,P50,,False,42,1,exponential,8,,default_group,UNISIM_IV_P16_Seq2Trend,UNISIM_IV,Seq2Trend,0.36818181818181817,0.6028925619834711,1.9421487603305785
UNISIM_IV_P16_Seq2Trend_trial_193,P16,28a5754985616f4b0bd7f3b05bf41e93,193,6.452100416773495,0.455573189967424,Seq2Trend,Normal,False,0.99,300,300,200,20,16,0.005,0.6,0.1,median,True,"[0.25, 0.5, 0.75]",False,P50,,False,42,1,exponential,8,,default_group,UNISIM_IV_P16_Seq2Trend,UNISIM_IV,Seq2Trend,0.36818181818181817,0.6028925619834711,1.9421487603305785
UNISIM_IV_P16_Seq2Trend_trial_152,P16,b49c5736429d1a791a3c9574e1b48409,152,6.452100416773495,0.455573189967424,Seq2Trend,Normal,False,0.99,300,300,200,20,16,0.005,0.6,0.1,median,True,"[0.25, 0.5, 0.75]",False,P50,,False,42,1,exponential,8,,default_group,UNISIM_IV_P16_Seq2Trend,UNISIM_IV,Seq2Trend,0.36818181818181817,0.6028925619834711,1.9421487603305785
UNISIM_IV_P16_Seq2Trend_trial_189,P16,e31a1737c0814652e7939d75fe5cd10e,189,6.452100416773495,0.455573189967424,Seq2Trend,Normal,False,0.99,300,300,200,20,16,0.005,0.6,0.1,median,True,"[0.25, 0.5, 0.75]",False,P50,,False,42,1,exponential,8,,default_group,UNISIM_IV_P16_Seq2Trend,UNISIM_IV,Seq2Trend,0.36818181818181817,0.6028925619834711,1.9421487603305785
UNISIM_IV_P16_Seq2Trend_trial_176,P16,20c914449f3ec6d7da4fcdbd621753b7,176,6.452100416773495,0.455573189967424,Seq2Trend,Normal,False,0.99,300,300,200,20,16,0.005,0.6,0.1,median,True,"[0.25, 0.5, 0.75]",False,P50,,False,42,1,exponential,8,,default_group,UNISIM_IV_P16_Seq2Trend,UNISIM_IV,Seq2Trend,0.36818181818181817,0.6028925619834711,1.9421487603305785
UNISIM_IV_P16_Seq2Trend_trial_162,P16,acfd92218c483ead2f85499987814e2b,162,6.452100416773495,0.455573189967424,Seq2Trend,Normal,False,0.99,300,300,200,20,16,0.005,0.6,0.1,median,True,"[0.25, 0.5, 0.75]",False,P50,,False,42,1,exponential,8,,default_group,UNISIM_IV_P16_Seq2Trend,UNISIM_IV,Seq2Trend,0.36818181818181817,0.6028925619834711,1.9421487603305785
UNISIM_IV_P16_Seq2Trend_trial_163,P16,f6f1832e757f72b8341e28a2004e4a47,163,6.452100416773495,0.455573189967424,Seq2Trend,Normal,False,0.99,300,300,200,20,16,0.005,0.6,0.1,median,True,"[0.25, 0.5, 0.75]",False,P50,,False,42,1,exponential,8,,default_group,UNISIM_IV_P16_Seq2Trend,UNISIM_IV,Seq2Trend,0.36818181818181817,0.6028925619834711,1.9421487603305785
UNISIM_IV_P16_Seq2Trend_trial_170,P16,53e6fdefa59dafa825d7d3bc9bbe6059,170,6.452100416773495,0.455573189967424,Seq2Trend,Normal,False,0.99,300,300,200,20,16,0.005,0.6,0.1,median,True,"[0.25, 0.5, 0.75]",False,P50,,False,42,1,exponential,8,,default_group,UNISIM_IV_P16_Seq2Trend,UNISIM_IV,Seq2Trend,0.36818181818181817,0.6028925619834711,1.9421487603305785
UNISIM_IV_P16_Seq2Trend_trial_179,P16,2b1da1942ff985806e51ec539eb0008d,179,6.452100416773495,0.455573189967424,Seq2Trend,Normal,False,0.99,300,300,200,20,16,0.005,0.6,0.1,median,True,"[0.25, 0.5, 0.75]",False,P50,,False,42,1,exponential,8,,default_group,UNISIM_IV_P16_Seq2Trend,UNISIM_IV,Seq2Trend,0.36818181818181817,0.6028925619834711,1.9421487603305785
UNISIM_IV_P16_Seq2Trend_trial_186,P16,54ecc3aa6af29b3d417f1a04801559ad,186,6.452100416773495,0.455573189967424,Seq2Trend,Normal,False,0.99,300,300,200,20,16,0.005,0.6,0.1,median,True,"[0.25, 0.5, 0.75]",False,P50,,False,42,1,exponential,8,,default_group,UNISIM_IV_P16_Seq2Trend,UNISIM_IV,Seq2Trend,0.36818181818181817,0.6028925619834711,1.9421487603305785
UNISIM_IV_P16_Seq2Trend_trial_196,P16,673a61b078e57ed7f2d5e8fcfd6c9911,196,6.452100416773495,0.455573189967424,Seq2Trend,Normal,False,0.99,300,300,200,20,16,0.005,0.6,0.1,median,True,"[0.25, 0.5, 0.75]",False,P50,,False,42,1,exponential,8,,default_group,UNISIM_IV_P16_Seq2Trend,UNISIM_IV,Seq2Trend,0.36818181818181817,0.6028925619834711,1.9421487603305785
UNISIM_IV_P16_Seq2Trend_trial_151,P16,c41bd3b898cc9d93db49c8025f54f589,151,6.452100416773495,0.455573189967424,Seq2Trend,Normal,False,0.99,300,300,200,20,16,0.005,0.6,0.1,median,True,"[0.25, 0.5, 0.75]",False,P50,,False,42,1,exponential,8,,default_group,UNISIM_IV_P16_Seq2Trend,UNISIM_IV,Seq2Trend,0.36818181818181817,0.6028925619834711,1.9421487603305785
UNISIM_IV_P16_Seq2Trend_trial_167,P16,4bb543116ee7b0983b19802e606ec9d4,167,6.452100416773495,0.455573189967424,Seq2Trend,Normal,False,0.99,300,300,200,20,16,0.005,0.6,0.1,median,True,"[0.25, 0.5, 0.75]",False,P50,,False,42,1,exponential,8,,default_group,UNISIM_IV_P16_Seq2Trend,UNISIM_IV,Seq2Trend,0.36818181818181817,0.6028925619834711,1.9421487603305785
UNISIM_IV_P16_Seq2Trend_trial_160,P16,395ef7403bcf7df8ffc806f8348e3bd9,160,6.452100416773495,0.455573189967424,Seq2Trend,Normal,False,0.99,300,300,200,20,16,0.005,0.6,0.1,median,True,"[0.25, 0.5, 0.75]",False,P50,,False,42,1,exponential,8,,default_group,UNISIM_IV_P16_Seq2Trend,UNISIM_IV,Seq2Trend,0.36818181818181817,0.6028925619834711,1.9421487603305785
UNISIM_IV_P16_Seq2Trend_trial_180,P16,59470caa53eb487886e66ef2b2817647,180,6.452100416773495,0.455573189967424,Seq2Trend,Normal,False,0.99,300,300,200,20,16,0.005,0.6,0.1,median,True,"[0.25, 0.5, 0.75]",False,P50,,False,42,1,exponential,8,,default_group,UNISIM_IV_P16_Seq2Trend,UNISIM_IV,Seq2Trend,0.36818181818181817,0.6028925619834711,1.9421487603305785
UNISIM_IV_P16_Seq2Trend_trial_164,P16,02beb90bd7230f89d11184ca1c74d9f8,164,6.452100416773495,0.455573189967424,Seq2Trend,Normal,False,0.99,300,300,200,20,16,0.005,0.6,0.1,median,True,"[0.25, 0.5, 0.75]",False,P50,,False,42,1,exponential,8,,default_group,UNISIM_IV_P16_Seq2Trend,UNISIM_IV,Seq2Trend,0.36818181818181817,0.6028925619834711,1.9421487603305785
UNISIM_IV_P16_Seq2Trend_trial_187,P16,62c06243dbe62f08bba92ec4a7f0e25b,187,6.452100416773495,0.455573189967424,Seq2Trend,Normal,False,0.99,300,300,200,20,16,0.005,0.6,0.1,median,True,"[0.25, 0.5, 0.75]",False,P50,,False,42,1,exponential,8,,default_group,UNISIM_IV_P16_Seq2Trend,UNISIM_IV,Seq2Trend,0.36818181818181817,0.6028925619834711,1.9421487603305785
UNISIM_IV_P16_Seq2Trend_trial_168,P16,30a2eaef289d67c833064ea49914ae87,168,6.452100416773495,0.455573189967424,Seq2Trend,Normal,False,0.99,300,300,200,20,16,0.005,0.6,0.1,median,True,"[0.25, 0.5, 0.75]",False,P50,,False,42,1,exponential,8,,default_group,UNISIM_IV_P16_Seq2Trend,UNISIM_IV,Seq2Trend,0.36818181818181817,0.6028925619834711,1.9421487603305785
UNISIM_IV_P16_Seq2Trend_trial_194,P16,036bdd114f1296e0552a2498ee285662,194,6.452100416773495,0.455573189967424,Seq2Trend,Normal,False,0.99,300,300,200,20,16,0.005,0.6,0.1,median,True,"[0.25, 0.5, 0.75]",False,P50,,False,42,1,exponential,8,,default_group,UNISIM_IV_P16_Seq2Trend,UNISIM_IV,Seq2Trend,0.36818181818181817,0.6028925619834711,1.9421487603305785
UNISIM_IV_P16_Seq2Trend_trial_156,P16,4d82b43a8ad61aaf61a52c9822a839fe,156,6.452100416773495,0.455573189967424,Seq2Trend,Normal,False,0.99,300,300,200,20,16,0.005,0.6,0.1,median,True,"[0.25, 0.5, 0.75]",False,P50,,False,42,1,exponential,8,,default_group,UNISIM_IV_P16_Seq2Trend,UNISIM_IV,Seq2Trend,0.36818181818181817,0.6028925619834711,1.9421487603305785
UNISIM_IV_P16_Seq2Trend_trial_153,P16,ca28b369fa99ff8fe3bfbfbce2d42d8d,153,6.452100416773495,0.455573189967424,Seq2Trend,Normal,False,0.99,300,300,200,20,16,0.005,0.6,0.1,median,True,"[0.25, 0.5, 0.75]",False,P50,,False,42,1,exponential,8,,default_group,UNISIM_IV_P16_Seq2Trend,UNISIM_IV,Seq2Trend,0.36818181818181817,0.6028925619834711,1.9421487603305785
UNISIM_IV_P16_Seq2Trend_trial_150,P16,0f4e2d8e89fb75013149e7f0f0927c9f,150,6.452100416773495,0.455573189967424,Seq2Trend,Normal,False,0.99,300,300,200,20,16,0.005,0.6,0.1,median,True,"[0.25, 0.5, 0.75]",False,P50,,False,42,1,exponential,8,,default_group,UNISIM_IV_P16_Seq2Trend,UNISIM_IV,Seq2Trend,0.36818181818181817,0.6028925619834711,1.9421487603305785
UNISIM_IV_P16_Seq2Trend_trial_154,P16,0686daa8c463c0ec2e38ac0319a04eaf,154,6.452100416773495,0.455573189967424,Seq2Trend,Normal,False,0.99,300,300,200,20,16,0.005,0.6,0.1,median,True,"[0.25, 0.5, 0.75]",False,P50,,False,42,1,exponential,8,,default_group,UNISIM_IV_P16_Seq2Trend,UNISIM_IV,Seq2Trend,0.36818181818181817,0.6028925619834711,1.9421487603305785
UNISIM_IV_P16_Seq2Trend_trial_169,P16,b4076dda2df6350eee6c9d1156668847,169,6.452100416773495,0.455573189967424,Seq2Trend,Normal,False,0.99,300,300,200,20,16,0.005,0.6,0.1,median,True,"[0.25, 0.5, 0.75]",False,P50,,False,42,1,exponential,8,,default_group,UNISIM_IV_P16_Seq2Trend,UNISIM_IV,Seq2Trend,0.36818181818181817,0.6028925619834711,1.9421487603305785
UNISIM_IV_P16_Seq2Trend_trial_155,P16,9223958020a56ee96d80952e3c7729a9,155,6.452100416773495,0.455573189967424,Seq2Trend,Normal,False,0.99,300,300,200,20,16,0.005,0.6,0.1,median,True,"[0.25, 0.5, 0.75]",False,P50,,False,42,1,exponential,8,,default_group,UNISIM_IV_P16_Seq2Trend,UNISIM_IV,Seq2Trend,0.36818181818181817,0.6028925619834711,1.9421487603305785
UNISIM_IV_P16_Seq2Trend_trial_182,P16,b8a539cf30310ce1f726018077789e04,182,6.452100416773495,0.455573189967424,Seq2Trend,Normal,False,0.99,300,300,200,20,16,0.005,0.6,0.1,median,True,"[0.25, 0.5, 0.75]",False,P50,,False,42,1,exponential,8,,default_group,UNISIM_IV_P16_Seq2Trend,UNISIM_IV,Seq2Trend,0.36818181818181817,0.6028925619834711,1.9421487603305785
UNISIM_IV_P16_Seq2Trend_trial_197,P16,c057748e617df64258edb5398c5af43c,197,6.452100416773495,0.455573189967424,Seq2Trend,Normal,False,0.99,300,300,200,20,16,0.005,0.6,0.1,median,True,"[0.25, 0.5, 0.75]",False,P50,,False,42,1,exponential,8,,default_group,UNISIM_IV_P16_Seq2Trend,UNISIM_IV,Seq2Trend,0.36818181818181817,0.6028925619834711,1.9421487603305785
UNISIM_IV_P16_Seq2Trend_trial_161,P16,d8a687a47b17184437362b309a041f82,161,6.452100416773495,0.455573189967424,Seq2Trend,Normal,False,0.99,300,300,200,20,16,0.005,0.6,0.1,median,True,"[0.25, 0.5, 0.75]",False,P50,,False,42,1,exponential,8,,default_group,UNISIM_IV_P16_Seq2Trend,UNISIM_IV,Seq2Trend,0.36818181818181817,0.6028925619834711,1.9421487603305785
UNISIM_IV_P16_Seq2Trend_trial_198,P16,4dc34a62ccd39b2accbc1fc8b9fd3b15,198,6.452100416773495,0.455573189967424,Seq2Trend,Normal,False,0.99,300,300,200,20,16,0.005,0.6,0.1,median,True,"[0.25, 0.5, 0.75]",False,P50,,False,42,1,exponential,8,,default_group,UNISIM_IV_P16_Seq2Trend,UNISIM_IV,Seq2Trend,0.36818181818181817,0.6028925619834711,1.9421487603305785
UNISIM_IV_P16_Seq2Trend_trial_165,P16,cdbbf69ae01309d916ecb93acbd4657f,165,6.452100416773495,0.455573189967424,Seq2Trend,Normal,False,0.99,300,300,200,20,16,0.005,0.6,0.1,median,True,"[0.25, 0.5, 0.75]",False,P50,,False,42,1,exponential,8,,default_group,UNISIM_IV_P16_Seq2Trend,UNISIM_IV,Seq2Trend,0.36818181818181817,0.6028925619834711,1.9421487603305785
UNISIM_IV_P16_Seq2Trend_trial_171,P16,3cc3ca44f0a0e2d73f28e1cd81cf5d77,171,6.452100416773495,0.455573189967424,Seq2Trend,Normal,False,0.99,300,300,200,20,16,0.005,0.6,0.1,median,True,"[0.25, 0.5, 0.75]",False,P50,,False,42,1,exponential,8,,default_group,UNISIM_IV_P16_Seq2Trend,UNISIM_IV,Seq2Trend,0.36818181818181817,0.6028925619834711,1.9421487603305785
UNISIM_IV_P16_Seq2Trend_trial_178,P16,075b8c0e659b8aaeb63fc48a06cae078,178,6.452100416773495,0.455573189967424,Seq2Trend,Normal,False,0.99,300,300,200,20,16,0.005,0.6,0.1,median,True,"[0.25, 0.5, 0.75]",False,P50,,False,42,1,exponential,8,,default_group,UNISIM_IV_P16_Seq2Trend,UNISIM_IV,Seq2Trend,0.36818181818181817,0.6028925619834711,1.9421487603305785
UNISIM_IV_P16_Seq2Trend_trial_157,P16,a80874b508f16a1a155e165270316201,157,6.452100416773495,0.455573189967424,Seq2Trend,Normal,False,0.99,300,300,200,20,16,0.005,0.6,0.1,median,True,"[0.25, 0.5, 0.75]",False,P50,,False,42,1,exponential,8,,default_group,UNISIM_IV_P16_Seq2Trend,UNISIM_IV,Seq2Trend,0.36818181818181817,0.6028925619834711,1.9421487603305785
UNISIM_IV_P16_Seq2Trend_trial_183,P16,53e02b353efb5a5d4b5429ed84d8d26e,183,6.452100416773495,0.455573189967424,Seq2Trend,Normal,False,0.99,300,300,200,20,16,0.005,0.6,0.1,median,True,"[0.25, 0.5, 0.75]",False,P50,,False,42,1,exponential,8,,default_group,UNISIM_IV_P16_Seq2Trend,UNISIM_IV,Seq2Trend,0.36818181818181817,0.6028925619834711,1.9421487603305785
UNISIM_IV_P16_Seq2Trend_trial_185,P16,758f238b00fcb76bce8d368972e2e041,185,6.452100416773495,0.455573189967424,Seq2Trend,Normal,False,0.99,300,300,200,20,16,0.005,0.6,0.1,median,True,"[0.25, 0.5, 0.75]",False,P50,,False,42,1,exponential,8,,default_group,UNISIM_IV_P16_Seq2Trend,UNISIM_IV,Seq2Trend,0.36818181818181817,0.6028925619834711,1.9421487603305785
UNISIM_IV_P16_Seq2Trend_trial_174,P16,36cedeff14364d652b4624480211f224,174,6.452100416773495,0.455573189967424,Seq2Trend,Normal,False,0.99,300,300,200,20,16,0.005,0.6,0.1,median,True,"[0.25, 0.5, 0.75]",False,P50,,False,42,1,exponential,8,,default_group,UNISIM_IV_P16_Seq2Trend,UNISIM_IV,Seq2Trend,0.36818181818181817,0.6028925619834711,1.9421487603305785
UNISIM_IV_P16_Seq2Trend_trial_173,P16,78c8a67e946d3db6d6a13aab445c2985,173,6.452100416773495,0.455573189967424,Seq2Trend,Normal,False,0.99,300,300,200,20,16,0.005,0.6,0.1,median,True,"[0.25, 0.5, 0.75]",False,P50,,False,42,1,exponential,8,,default_group,UNISIM_IV_P16_Seq2Trend,UNISIM_IV,Seq2Trend,0.36818181818181817,0.6028925619834711,1.9421487603305785
UNISIM_IV_P16_Seq2Trend_trial_175,P16,b25d1f993b0fb8dddddb0e8258c3af1d,175,6.452100416773495,0.455573189967424,Seq2Trend,Normal,False,0.99,300,300,200,20,16,0.005,0.6,0.1,median,True,"[0.25, 0.5, 0.75]",False,P50,,False,42,1,exponential,8,,default_group,UNISIM_IV_P16_Seq2Trend,UNISIM_IV,Seq2Trend,0.36818181818181817,0.6028925619834711,1.9421487603305785
UNISIM_IV_P16_Seq2Trend_trial_177,P16,6a3e8a5898d35dca3e782fb56044374a,177,6.452100416773495,0.455573189967424,Seq2Trend,Normal,False,0.99,300,300,200,20,16,0.005,0.6,0.1,median,True,"[0.25, 0.5, 0.75]",False,P50,,False,42,1,exponential,8,,default_group,UNISIM_IV_P16_Seq2Trend,UNISIM_IV,Seq2Trend,0.36818181818181817,0.6028925619834711,1.9421487603305785
UNISIM_IV_P16_Seq2Trend_trial_199,P16,5063d0a2fa9ff0e998b2973de72c5f98,199,6.452100416773495,0.455573189967424,Seq2Trend,Normal,False,0.99,300,300,200,20,16,0.005,0.6,0.1,median,True,"[0.25, 0.5, 0.75]",False,P50,,False,42,1,exponential,8,,default_group,UNISIM_IV_P16_Seq2Trend,UNISIM_IV,Seq2Trend,0.36818181818181817,0.6028925619834711,1.9421487603305785
UNISIM_IV_P16_Seq2Trend_trial_195,P16,4486d48217c4dcaf15470629c67781ac,195,6.452100416773495,0.455573189967424,Seq2Trend,Normal,False,0.99,300,300,200,20,16,0.005,0.6,0.1,median,True,"[0.25, 0.5, 0.75]",False,P50,,False,42,1,exponential,8,,default_group,UNISIM_IV_P16_Seq2Trend,UNISIM_IV,Seq2Trend,0.36818181818181817,0.6028925619834711,1.9421487603305785
UNISIM_IV_P16_Seq2Trend_trial_158,P16,18218f093346fe7c9c55bf03c9a4b1f0,158,6.452100416773495,0.455573189967424,Seq2Trend,Normal,False,0.99,300,300,200,20,16,0.005,0.6,0.1,median,True,"[0.25, 0.5, 0.75]",False,P50,,False,42,1,exponential,8,,default_group,UNISIM_IV_P16_Seq2Trend,UNISIM_IV,Seq2Trend,0.36818181818181817,0.6028925619834711,1.9421487603305785
UNISIM_IV_P16_Seq2Trend_trial_188,P16,7bc8c19a4490b7486037dc1ff4de3e4a,188,6.452100416773495,0.455573189967424,Seq2Trend,Normal,False,0.99,300,300,200,20,16,0.005,0.6,0.1,median,True,"[0.25, 0.5, 0.75]",False,P50,,False,42,1,exponential,8,,default_group,UNISIM_IV_P16_Seq2Trend,UNISIM_IV,Seq2Trend,0.36818181818181817,0.6028925619834711,1.9421487603305785
UNISIM_IV_P16_Seq2Trend_trial_190,P16,376108419b5fa80bf3a0e262d2130080,190,6.452100416773495,0.455573189967424,Seq2Trend,Normal,False,0.99,300,300,200,20,16,0.005,0.6,0.1,median,True,"[0.25, 0.5, 0.75]",False,P50,,False,42,1,exponential,8,,default_group,UNISIM_IV_P16_Seq2Trend,UNISIM_IV,Seq2Trend,0.36818181818181817,0.6028925619834711,1.9421487603305785
UNISIM_IV_P16_Seq2Trend_trial_137,P16,cb321ae2accd1062388cac8f0e740863,137,6.254764107267318,0.663852915982307,Seq2Trend,Normal,False,0.5,300,300,50,20,8,0.01,0.6,0.1,median,True,"[0.25, 0.5, 0.75]",False,P50,,False,42,1,static,2,,default_group,UNISIM_IV_P16_Seq2Trend,UNISIM_IV,Seq2Trend,0.4615702479338843,0.5161157024793388,1.9553719008264463
UNISIM_IV_P16_Seq2Trend_trial_106,P16,f6002753dcd73c77ba2a978f31b24964,106,6.254764107267318,0.663852915982307,Seq2Trend,Normal,False,0.5,300,300,50,20,8,0.01,0.6,0.1,median,True,"[0.25, 0.5, 0.75]",False,P50,,False,42,1,static,2,,default_group,UNISIM_IV_P16_Seq2Trend,UNISIM_IV,Seq2Trend,0.4615702479338843,0.5161157024793388,1.9553719008264463
UNISIM_IV_P16_Seq2Trend_trial_133,P16,4402e75b2de25a8d969e0efaa3eab058,133,6.254764107267318,0.663852915982307,Seq2Trend,Normal,False,0.5,300,300,50,20,8,0.01,0.6,0.1,median,True,"[0.25, 0.5, 0.75]",False,P50,,False,42,1,static,2,,default_group,UNISIM_IV_P16_Seq2Trend,UNISIM_IV,Seq2Trend,0.4615702479338843,0.5161157024793388,1.9553719008264463
UNISIM_IV_P16_Seq2Trend_trial_149,P16,5a26cb5fcbc3a83fd36f3b65c51f09ed,149,6.254764107267318,0.663852915982307,Seq2Trend,Normal,False,0.5,300,300,50,20,8,0.01,0.6,0.1,median,True,"[0.25, 0.5, 0.75]",False,P50,,False,42,1,static,2,,default_group,UNISIM_IV_P16_Seq2Trend,UNISIM_IV,Seq2Trend,0.4615702479338843,0.5161157024793388,1.9553719008264463
UNISIM_IV_P16_Seq2Trend_trial_147,P16,45eb4fd5d402063e4b2ebfcfb93a19c1,147,6.254764107267318,0.663852915982307,Seq2Trend,Normal,False,0.5,300,300,50,20,8,0.01,0.6,0.1,median,True,"[0.25, 0.5, 0.75]",False,P50,,False,42,1,static,2,,default_group,UNISIM_IV_P16_Seq2Trend,UNISIM_IV,Seq2Trend,0.4615702479338843,0.5161157024793388,1.9553719008264463
UNISIM_IV_P16_Seq2Trend_trial_125,P16,c92dc3fece8645a3d4bcbc78c005f17e,125,6.254764107267318,0.663852915982307,Seq2Trend,Normal,False,0.5,300,300,50,20,8,0.01,0.6,0.1,median,True,"[0.25, 0.5, 0.75]",False,P50,,False,42,1,static,2,,default_group,UNISIM_IV_P16_Seq2Trend,UNISIM_IV,Seq2Trend,0.4615702479338843,0.5161157024793388,1.9553719008264463
UNISIM_IV_P16_Seq2Trend_trial_113,P16,a0f18d753250ffe354d6c388704f1375,113,6.254764107267318,0.663852915982307,Seq2Trend,Normal,False,0.5,300,300,50,20,8,0.01,0.6,0.1,median,True,"[0.25, 0.5, 0.75]",False,P50,,False,42,1,static,2,,default_group,UNISIM_IV_P16_Seq2Trend,UNISIM_IV,Seq2Trend,0.4615702479338843,0.5161157024793388,1.9553719008264463
UNISIM_IV_P16_Seq2Trend_trial_121,P16,bbd25404c5cd001cde208d7993aaaa55,121,6.254764107267318,0.663852915982307,Seq2Trend,Normal,False,0.5,300,300,50,20,8,0.01,0.6,0.1,median,True,"[0.25, 0.5, 0.75]",False,P50,,False,42,1,static,2,,default_group,UNISIM_IV_P16_Seq2Trend,UNISIM_IV,Seq2Trend,0.4615702479338843,0.5161157024793388,1.9553719008264463
UNISIM_IV_P16_Seq2Trend_trial_117,P16,6689e466e2a5e765c96a5dd2b82349dd,117,6.254764107267318,0.663852915982307,Seq2Trend,Normal,False,0.5,300,300,50,20,8,0.01,0.6,0.1,median,True,"[0.25, 0.5, 0.75]",False,P50,,False,42,1,static,2,,default_group,UNISIM_IV_P16_Seq2Trend,UNISIM_IV,Seq2Trend,0.4615702479338843,0.5161157024793388,1.9553719008264463
UNISIM_IV_P16_Seq2Trend_trial_130,P16,ddab23642baf558d5e2d7312cb9744cc,130,6.254764107267318,0.663852915982307,Seq2Trend,Normal,False,0.5,300,300,50,20,8,0.01,0.6,0.1,median,True,"[0.25, 0.5, 0.75]",False,P50,,False,42,1,static,2,,default_group,UNISIM_IV_P16_Seq2Trend,UNISIM_IV,Seq2Trend,0.4615702479338843,0.5161157024793388,1.9553719008264463
UNISIM_IV_P16_Seq2Trend_trial_104,P16,07010faea3a94089448eb8183200f979,104,6.254764107267318,0.663852915982307,Seq2Trend,Normal,False,0.5,300,300,50,20,8,0.01,0.6,0.1,median,True,"[0.25, 0.5, 0.75]",False,P50,,False,42,1,static,2,,default_group,UNISIM_IV_P16_Seq2Trend,UNISIM_IV,Seq2Trend,0.4615702479338843,0.5161157024793388,1.9553719008264463
UNISIM_IV_P16_Seq2Trend_trial_136,P16,c55516a798b7f5ad9f9a6961641ac910,136,6.254764107267318,0.663852915982307,Seq2Trend,Normal,False,0.5,300,300,50,20,8,0.01,0.6,0.1,median,True,"[0.25, 0.5, 0.75]",False,P50,,False,42,1,static,2,,default_group,UNISIM_IV_P16_Seq2Trend,UNISIM_IV,Seq2Trend,0.4615702479338843,0.5161157024793388,1.9553719008264463
UNISIM_IV_P16_Seq2Trend_trial_103,P16,69c584b08bac4c56e2d404f8ce05e654,103,6.254764107267318,0.663852915982307,Seq2Trend,Normal,False,0.5,300,300,50,20,8,0.01,0.6,0.1,median,True,"[0.25, 0.5, 0.75]",False,P50,,False,42,1,static,2,,default_group,UNISIM_IV_P16_Seq2Trend,UNISIM_IV,Seq2Trend,0.4615702479338843,0.5161157024793388,1.9553719008264463
UNISIM_IV_P16_Seq2Trend_trial_100,P16,87102288221d66cccce1bb8834708feb,100,6.254764107267318,0.663852915982307,Seq2Trend,Normal,False,0.5,300,300,50,20,8,0.01,0.6,0.1,median,True,"[0.25, 0.5, 0.75]",False,P50,,False,42,1,static,2,,default_group,UNISIM_IV_P16_Seq2Trend,UNISIM_IV,Seq2Trend,0.4615702479338843,0.5161157024793388,1.9553719008264463
UNISIM_IV_P16_Seq2Trend_trial_135,P16,e4f69319ea33ec0b15040fbd54d19afc,135,6.254764107267318,0.663852915982307,Seq2Trend,Normal,False,0.5,300,300,50,20,8,0.01,0.6,0.1,median,True,"[0.25, 0.5, 0.75]",False,P50,,False,42,1,static,2,,default_group,UNISIM_IV_P16_Seq2Trend,UNISIM_IV,Seq2Trend,0.4615702479338843,0.5161157024793388,1.9553719008264463
UNISIM_IV_P16_Seq2Trend_trial_120,P16,b1e143e6d71ee1b96d1efbf0358eb0ac,120,6.254764107267318,0.663852915982307,Seq2Trend,Normal,False,0.5,300,300,50,20,8,0.01,0.6,0.1,median,True,"[0.25, 0.5, 0.75]",False,P50,,False,42,1,static,2,,default_group,UNISIM_IV_P16_Seq2Trend,UNISIM_IV,Seq2Trend,0.4615702479338843,0.5161157024793388,1.9553719008264463
UNISIM_IV_P16_Seq2Trend_trial_146,P16,9641ab8168eb671076bc8e26d3760a8b,146,6.254764107267318,0.663852915982307,Seq2Trend,Normal,False,0.5,300,300,50,20,8,0.01,0.6,0.1,median,True,"[0.25, 0.5, 0.75]",False,P50,,False,42,1,static,2,,default_group,UNISIM_IV_P16_Seq2Trend,UNISIM_IV,Seq2Trend,0.4615702479338843,0.5161157024793388,1.9553719008264463
UNISIM_IV_P16_Seq2Trend_trial_141,P16,60c1ae25316a00b623f86395bfc0f945,141,6.254764107267318,0.663852915982307,Seq2Trend,Normal,False,0.5,300,300,50,20,8,0.01,0.6,0.1,median,True,"[0.25, 0.5, 0.75]",False,P50,,False,42,1,static,2,,default_group,UNISIM_IV_P16_Seq2Trend,UNISIM_IV,Seq2Trend,0.4615702479338843,0.5161157024793388,1.9553719008264463
UNISIM_IV_P16_Seq2Trend_trial_114,P16,94c0af7c2d511ea8f0e1c56af0c3bbc9,114,6.254764107267318,0.663852915982307,Seq2Trend,Normal,False,0.5,300,300,50,20,8,0.01,0.6,0.1,median,True,"[0.25, 0.5, 0.75]",False,P50,,False,42,1,static,2,,default_group,UNISIM_IV_P16_Seq2Trend,UNISIM_IV,Seq2Trend,0.4615702479338843,0.5161157024793388,1.9553719008264463
UNISIM_IV_P16_Seq2Trend_trial_142,P16,51bd6583afa4c6112ce3e8173e9ee605,142,6.254764107267318,0.663852915982307,Seq2Trend,Normal,False,0.5,300,300,50,20,8,0.01,0.6,0.1,median,True,"[0.25, 0.5, 0.75]",False,P50,,False,42,1,static,2,,default_group,UNISIM_IV_P16_Seq2Trend,UNISIM_IV,Seq2Trend,0.4615702479338843,0.5161157024793388,1.9553719008264463
UNISIM_IV_P16_Seq2Trend_trial_148,P16,cc70ae7a81da28ec2fe4c9c0c47e1911,148,6.254764107267318,0.663852915982307,Seq2Trend,Normal,False,0.5,300,300,50,20,8,0.01,0.6,0.1,median,True,"[0.25, 0.5, 0.75]",False,P50,,False,42,1,static,2,,default_group,UNISIM_IV_P16_Seq2Trend,UNISIM_IV,Seq2Trend,0.4615702479338843,0.5161157024793388,1.9553719008264463
UNISIM_IV_P16_Seq2Trend_trial_115,P16,194bd511c5b23ea0c3b5e63e3e210cb9,115,6.254764107267318,0.663852915982307,Seq2Trend,Normal,False,0.5,300,300,50,20,8,0.01,0.6,0.1,median,True,"[0.25, 0.5, 0.75]",False,P50,,False,42,1,static,2,,default_group,UNISIM_IV_P16_Seq2Trend,UNISIM_IV,Seq2Trend,0.4615702479338843,0.5161157024793388,1.9553719008264463
UNISIM_IV_P16_Seq2Trend_trial_107,P16,87b231a95bd779489a06212070c51871,107,6.254764107267318,0.663852915982307,Seq2Trend,Normal,False,0.5,300,300,50,20,8,0.01,0.6,0.1,median,True,"[0.25, 0.5, 0.75]",False,P50,,False,42,1,static,2,,default_group,UNISIM_IV_P16_Seq2Trend,UNISIM_IV,Seq2Trend,0.4615702479338843,0.5161157024793388,1.9553719008264463
UNISIM_IV_P16_Seq2Trend_trial_145,P16,1c7187a353c910e7f19ff851827215b3,145,6.254764107267318,0.663852915982307,Seq2Trend,Normal,False,0.5,300,300,50,20,8,0.01,0.6,0.1,median,True,"[0.25, 0.5, 0.75]",False,P50,,False,42,1,static,2,,default_group,UNISIM_IV_P16_Seq2Trend,UNISIM_IV,Seq2Trend,0.4615702479338843,0.5161157024793388,1.9553719008264463
UNISIM_IV_P16_Seq2Trend_trial_111,P16,60d5d3e5f8d2c23f6e5ec4824c391087,111,6.254764107267318,0.663852915982307,Seq2Trend,Normal,False,0.5,300,300,50,20,8,0.01,0.6,0.1,median,True,"[0.25, 0.5, 0.75]",False,P50,,False,42,1,static,2,,default_group,UNISIM_IV_P16_Seq2Trend,UNISIM_IV,Seq2Trend,0.4615702479338843,0.5161157024793388,1.9553719008264463
UNISIM_IV_P16_Seq2Trend_trial_127,P16,2b4dcf153c23cbe3dc3feb0768c5fa75,127,6.254764107267318,0.663852915982307,Seq2Trend,Normal,False,0.5,300,300,50,20,8,0.01,0.6,0.1,median,True,"[0.25, 0.5, 0.75]",False,P50,,False,42,1,static,2,,default_group,UNISIM_IV_P16_Seq2Trend,UNISIM_IV,Seq2Trend,0.4615702479338843,0.5161157024793388,1.9553719008264463
UNISIM_IV_P16_Seq2Trend_trial_140,P16,f44a42e71ae4cccbe89542541887b0c7,140,6.254764107267318,0.663852915982307,Seq2Trend,Normal,False,0.5,300,300,50,20,8,0.01,0.6,0.1,median,True,"[0.25, 0.5, 0.75]",False,P50,,False,42,1,static,2,,default_group,UNISIM_IV_P16_Seq2Trend,UNISIM_IV,Seq2Trend,0.4615702479338843,0.5161157024793388,1.9553719008264463
UNISIM_IV_P16_Seq2Trend_trial_108,P16,c53e714d5e0eb7a928b93b65c38b6563,108,6.254764107267318,0.663852915982307,Seq2Trend,Normal,False,0.5,300,300,50,20,8,0.01,0.6,0.1,median,True,"[0.25, 0.5, 0.75]",False,P50,,False,42,1,static,3,,default_group,UNISIM_IV_P16_Seq2Trend,UNISIM_IV,Seq2Trend,0.4615702479338843,0.5161157024793388,1.9553719008264463
UNISIM_IV_P16_Seq2Trend_trial_131,P16,0eaeea19931e7aafcfed0ac3bb3b4e2d,131,6.254764107267318,0.663852915982307,Seq2Trend,Normal,False,0.5,300,300,50,20,8,0.01,0.6,0.1,median,True,"[0.25, 0.5, 0.75]",False,P50,,False,42,1,static,2,,default_group,UNISIM_IV_P16_Seq2Trend,UNISIM_IV,Seq2Trend,0.4615702479338843,0.5161157024793388,1.9553719008264463
UNISIM_IV_P16_Seq2Trend_trial_118,P16,115f8fad7806b5fb7929098f03d4f9ab,118,6.254764107267318,0.663852915982307,Seq2Trend,Normal,False,0.5,300,300,50,20,8,0.01,0.6,0.1,median,True,"[0.25, 0.5, 0.75]",False,P50,,False,42,1,static,2,,default_group,UNISIM_IV_P16_Seq2Trend,UNISIM_IV,Seq2Trend,0.4615702479338843,0.5161157024793388,1.9553719008264463
UNISIM_IV_P16_Seq2Trend_trial_119,P16,c9b380a2ddd7a74f9f48a0fd8f1d8b51,119,6.254764107267318,0.663852915982307,Seq2Trend,Normal,False,0.5,300,300,50,20,8,0.01,0.6,0.1,median,True,"[0.25, 0.5, 0.75]",False,P50,,False,42,1,static,2,,default_group,UNISIM_IV_P16_Seq2Trend,UNISIM_IV,Seq2Trend,0.4615702479338843,0.5161157024793388,1.9553719008264463
UNISIM_IV_P16_Seq2Trend_trial_138,P16,c8fed7f728480007fff197e0592e9762,138,6.254764107267318,0.663852915982307,Seq2Trend,Normal,False,0.5,300,300,50,20,8,0.01,0.6,0.1,median,True,"[0.25, 0.5, 0.75]",False,P50,,False,42,1,static,2,,default_group,UNISIM_IV_P16_Seq2Trend,UNISIM_IV,Seq2Trend,0.4615702479338843,0.5161157024793388,1.9553719008264463
UNISIM_IV_P16_Seq2Trend_trial_129,P16,64f7dbaffd5827b0af0eeb914ed30b4f,129,6.254764107267318,0.663852915982307,Seq2Trend,Normal,False,0.5,300,300,50,20,8,0.01,0.6,0.1,median,True,"[0.25, 0.5, 0.75]",False,P50,,False,42,1,static,2,,default_group,UNISIM_IV_P16_Seq2Trend,UNISIM_IV,Seq2Trend,0.4615702479338843,0.5161157024793388,1.9553719008264463
UNISIM_IV_P16_Seq2Trend_trial_116,P16,e1d42cabbde98cffc7ae76eaa31d004e,116,6.254764107267318,0.663852915982307,Seq2Trend,Normal,False,0.5,300,300,50,20,8,0.01,0.6,0.1,median,True,"[0.25, 0.5, 0.75]",False,P50,,False,42,1,static,2,,default_group,UNISIM_IV_P16_Seq2Trend,UNISIM_IV,Seq2Trend,0.4615702479338843,0.5161157024793388,1.9553719008264463
UNISIM_IV_P16_Seq2Trend_trial_126,P16,c3d46b22000ea83d5aed36fc5ef118ff,126,6.254764107267318,0.663852915982307,Seq2Trend,Normal,False,0.5,300,300,50,20,8,0.01,0.6,0.1,median,True,"[0.25, 0.5, 0.75]",False,P50,,False,42,1,static,2,,default_group,UNISIM_IV_P16_Seq2Trend,UNISIM_IV,Seq2Trend,0.4615702479338843,0.5161157024793388,1.9553719008264463
UNISIM_IV_P16_Seq2Trend_trial_124,P16,31ab84466e490deaf49f0f1592c3eefa,124,6.254764107267318,0.663852915982307,Seq2Trend,Normal,False,0.5,300,300,50,20,8,0.01,0.6,0.1,median,True,"[0.25, 0.5, 0.75]",False,P50,,False,42,1,static,2,,default_group,UNISIM_IV_P16_Seq2Trend,UNISIM_IV,Seq2Trend,0.4615702479338843,0.5161157024793388,1.9553719008264463
UNISIM_IV_P16_Seq2Trend_trial_105,P16,dc1254b0af276fd314e73477dd0c34a7,105,6.254764107267318,0.663852915982307,Seq2Trend,Normal,False,0.5,300,300,50,20,8,0.01,0.6,0.1,median,True,"[0.25, 0.5, 0.75]",False,P50,,False,42,1,static,2,,default_group,UNISIM_IV_P16_Seq2Trend,UNISIM_IV,Seq2Trend,0.4615702479338843,0.5161157024793388,1.9553719008264463
UNISIM_IV_P16_Seq2Trend_trial_122,P16,5f277fb3e7295ca4753607c6b037a072,122,6.254764107267318,0.663852915982307,Seq2Trend,Normal,False,0.5,300,300,50,20,8,0.01,0.6,0.1,median,True,"[0.25, 0.5, 0.75]",False,P50,,False,42,1,static,2,,default_group,UNISIM_IV_P16_Seq2Trend,UNISIM_IV,Seq2Trend,0.4615702479338843,0.5161157024793388,1.9553719008264463
UNISIM_IV_P16_Seq2Trend_trial_134,P16,8bbb203c165b6f9a154bad5c5f09ff70,134,6.254764107267318,0.663852915982307,Seq2Trend,Normal,False,0.5,300,300,50,20,8,0.01,0.6,0.1,median,True,"[0.25, 0.5, 0.75]",False,P50,,False,42,1,static,2,,default_group,UNISIM_IV_P16_Seq2Trend,UNISIM_IV,Seq2Trend,0.4615702479338843,0.5161157024793388,1.9553719008264463
UNISIM_IV_P16_Seq2Trend_trial_132,P16,acc8e40134ad88c7375ccc2b5a7d3ca8,132,6.254764107267318,0.663852915982307,Seq2Trend,Normal,False,0.5,300,300,50,20,8,0.01,0.6,0.1,median,True,"[0.25, 0.5, 0.75]",False,P50,,False,42,1,static,2,,default_group,UNISIM_IV_P16_Seq2Trend,UNISIM_IV,Seq2Trend,0.4615702479338843,0.5161157024793388,1.9553719008264463
UNISIM_IV_P16_Seq2Trend_trial_143,P16,ae7ce54d4a38a74f40ec6822ccc9a646,143,6.254764107267318,0.663852915982307,Seq2Trend,Normal,False,0.5,300,300,50,20,8,0.01,0.6,0.1,median,True,"[0.25, 0.5, 0.75]",False,P50,,False,42,1,static,2,,default_group,UNISIM_IV_P16_Seq2Trend,UNISIM_IV,Seq2Trend,0.4615702479338843,0.5161157024793388,1.9553719008264463
UNISIM_IV_P16_Seq2Trend_trial_144,P16,0accdbfcdf3f35c6fdf8704ecc3f5cc0,144,6.254764107267318,0.663852915982307,Seq2Trend,Normal,False,0.5,300,300,50,20,8,0.01,0.6,0.1,median,True,"[0.25, 0.5, 0.75]",False,P50,,False,42,1,static,2,,default_group,UNISIM_IV_P16_Seq2Trend,UNISIM_IV,Seq2Trend,0.4615702479338843,0.5161157024793388,1.9553719008264463
UNISIM_IV_P16_Seq2Trend_trial_110,P16,753dfdf1d4afc17ee1beaac586afc184,110,6.254764107267318,0.663852915982307,Seq2Trend,Normal,False,0.5,300,300,50,20,8,0.01,0.6,0.1,median,True,"[0.25, 0.5, 0.75]",False,P50,,False,42,1,static,2,,default_group,UNISIM_IV_P16_Seq2Trend,UNISIM_IV,Seq2Trend,0.4615702479338843,0.5161157024793388,1.9553719008264463
UNISIM_IV_P16_Seq2Trend_trial_102,P16,8014eeff3516c9d9bb461bfc453edef6,102,6.254764107267318,0.663852915982307,Seq2Trend,Normal,False,0.5,300,300,50,20,8,0.01,0.6,0.1,median,True,"[0.25, 0.5, 0.75]",False,P50,,False,42,1,static,2,,default_group,UNISIM_IV_P16_Seq2Trend,UNISIM_IV,Seq2Trend,0.4615702479338843,0.5161157024793388,1.9553719008264463
UNISIM_IV_P16_Seq2Trend_trial_123,P16,244659463a99d42542b595a17576b056,123,6.254764107267318,0.663852915982307,Seq2Trend,Normal,False,0.5,300,300,50,20,8,0.01,0.6,0.1,median,True,"[0.25, 0.5, 0.75]",False,P50,,False,42,1,static,2,,default_group,UNISIM_IV_P16_Seq2Trend,UNISIM_IV,Seq2Trend,0.4615702479338843,0.5161157024793388,1.9553719008264463
UNISIM_IV_P16_Seq2Trend_trial_101,P16,846cd0a3a8e67b76c60e286c5a692afd,101,6.254764107267318,0.663852915982307,Seq2Trend,Normal,False,0.5,300,300,50,20,8,0.01,0.6,0.1,median,True,"[0.25, 0.5, 0.75]",False,P50,,False,42,1,static,2,,default_group,UNISIM_IV_P16_Seq2Trend,UNISIM_IV,Seq2Trend,0.4615702479338843,0.5161157024793388,1.9553719008264463
UNISIM_IV_P16_Seq2Trend_trial_112,P16,7d84ede03c123845bc26cc3255b19b83,112,6.254764107267318,0.663852915982307,Seq2Trend,Normal,False,0.5,300,300,50,20,8,0.01,0.6,0.1,median,True,"[0.25, 0.5, 0.75]",False,P50,,False,42,1,static,2,,default_group,UNISIM_IV_P16_Seq2Trend,UNISIM_IV,Seq2Trend,0.4615702479338843,0.5161157024793388,1.9553719008264463
UNISIM_IV_P16_Seq2Trend_trial_128,P16,de7792c0d4ec019bf8adac9dac9b23dd,128,6.254764107267318,0.663852915982307,Seq2Trend,Normal,False,0.5,300,300,50,20,8,0.01,0.6,0.1,median,True,"[0.25, 0.5, 0.75]",False,P50,,False,42,1,static,2,,default_group,UNISIM_IV_P16_Seq2Trend,UNISIM_IV,Seq2Trend,0.4615702479338843,0.5161157024793388,1.9553719008264463
UNISIM_IV_P16_Seq2Trend_trial_139,P16,59f57fde044457e9eb3697768a23c3fc,139,6.254764107267318,0.663852915982307,Seq2Trend,Normal,False,0.5,300,300,50,20,8,0.01,0.6,0.1,median,True,"[0.25, 0.5, 0.75]",False,P50,,False,42,1,static,2,,default_group,UNISIM_IV_P16_Seq2Trend,UNISIM_IV,Seq2Trend,0.4615702479338843,0.5161157024793388,1.9553719008264463
UNISIM_IV_P16_Seq2Trend_trial_109,P16,36bc72c96ada392077315468d3e42deb,109,6.254764107267318,0.663852915982307,Seq2Trend,Normal,False,0.5,300,300,50,20,8,0.01,0.6,0.1,median,True,"[0.25, 0.5, 0.75]",False,P50,,False,42,1,static,2,,default_group,UNISIM_IV_P16_Seq2Trend,UNISIM_IV,Seq2Trend,0.4615702479338843,0.5161157024793388,1.9553719008264463
job_ff512c0dcb,validation_volve,e628b0e373f2d09fb0f9d8e2543dba72,182,4.866217671353909,0.1193360726214645,Seq2Trend,Normal,False,0.99,300,300,50,20,16,0.01,0.6,0.1,median,True,,True,P50,,False,123,1,pressure_ensemble,8,,default_group,validation_volve,unknown,unknown,0.06487603305785124,0.049173553719008264,0.228099173553719
job_2c6f42bdd0,validation_volve,53c319f84bfc992a36e8b7001667da51,126,4.9904573296865,0.0682276650173791,Seq2Trend,Normal,False,0.01,300,300,50,20,16,0.001,0.6,0.1,median,True,,True,P50,,False,123,1,pressure_ensemble,5,,default_group,validation_volve,unknown,unknown,0.02727272727272727,0.08264462809917356,0.21983471074380165
job_931bfd60ae,validation_volve,61d7b4e9ecd8bba3ad0c5ef52472dc98,17,6.007183483209251,0.2510026528226795,Seq2Trend,Normal,False,0.25,300,300,200,20,8,0.001,0.6,0.1,median,True,,True,P50,,False,123,1,arps,4,,default_group,validation_volve,unknown,unknown,0.19586776859504132,0.4033057851239669,1.1983471074380165
job_3e10e075c7,validation_volve,e334867488171511932634c5381bc6ef,33,4.738551127878108,0.3539129633388558,Seq2Trend,Normal,False,0.01,300,300,20,20,16,0.001,0.6,0.1,median,True,,True,P50,,False,123,1,arps,3,,default_group,validation_volve,unknown,unknown,0.2834710743801653,0.04628099173553719,0.6595041322314049
job_b7abbc2a1b,validation_volve,9f9d65b8e494a71347dc0405275fb5f6,37,6.189351466457681,0.2146228791692615,Seq2Trend,Normal,False,0.25,300,300,20,20,8,0.05,0.6,0.1,median,True,,True,P50,,False,123,1,combined_exp_arps,7,,default_group,validation_volve,unknown,unknown,0.12520661157024793,0.47396694214876034,1.1983471074380165
job_9360f21aad,validation_volve,9810a3b70f257d60c33f98654fe63359,125,5.196200301286312,0.1359108714104389,Seq2Trend,Normal,False,0.01,300,300,50,20,16,0.005,0.6,0.1,median,True,,True,P50,,False,123,1,combined_exp_arps,6,,default_group,validation_volve,unknown,unknown,0.09173553719008265,0.20578512396694215,0.5950413223140496
job_566afbbf20,validation_volve,c6481028b927abf6211c32b291478705,45,6.5573745792744,0.2316837341422247,Seq2Trend,Normal,False,0.5,300,300,50,20,8,0.05,0.6,0.1,median,True,,True,P50,,False,123,1,arps,3,,default_group,validation_volve,unknown,unknown,0.1359504132231405,0.6376033057851239,1.5471074380165288
job_9d32b59a1b,validation_volve,2e35a5a2b0ca5d0e695abe67190f1f8f,4,5.014807795958185,0.0634421460935031,Seq2Trend,Normal,False,0.01,300,300,50,20,16,0.001,0.6,0.1,median,True,,True,P50,,False,123,1,exponential,6,,default_group,validation_volve,unknown,unknown,0.002892561983471074,0.11363636363636363,0.2330578512396694
job_ac3a27d17e,validation_volve,0fdc145ae42d3ec4233f5bb394f1c1fa,26,5.648075347130242,0.0597091687539024,Seq2Trend,Normal,False,0.01,300,300,50,20,16,0.001,0.6,0.1,median,True,,True,P50,,False,123,1,pressure_ensemble,5,,default_group,validation_volve,unknown,unknown,0.0012396694214876034,0.33016528925619837,0.662809917355372
job_c7977aa680,validation_volve,aced076f4deaa1720d85c36798f4c731,18,6.674511761479285,0.1674963328278757,Seq2Trend,Normal,False,0.01,300,300,50,20,16,0.05,0.6,0.1,median,True,,True,P50,,False,123,1,pressure_ensemble,7,,default_group,validation_volve,unknown,unknown,0.11900826446280992,0.6504132231404959,1.5388429752066115
job_06f1a085b6,validation_volve,376dfcba84b4c41d7c709aa22de941b6,16,6.034908262277552,0.40316435463823,Seq2Trend,Normal,False,0.01,300,300,50,20,8,0.001,0.6,0.1,median,True,,True,P50,,False,123,1,arps,6,,default_group,validation_volve,unknown,unknown,0.29421487603305785,0.4099173553719008,1.4082644628099175
job_5fa3371b6d,validation_volve,613b2308fa1186d504bc1b8e006d2808,26,5.115913640051893,0.2826297314505784,Seq2Trend,Normal,False,0.99,300,300,20,20,16,0.05,0.6,0.1,median,True,,True,P50,,False,123,1,arps,6,,default_group,validation_volve,unknown,unknown,0.21570247933884298,0.12975206611570247,0.6909090909090909
