experiment_id,well,job_hash,optuna_trial_number,val_smape_agg,val_smape_cum,architecture_name,feature_kind,use_known_good,data_sample,lag_window,horizon,epochs,patience,batch_size,learning_rate,test_size,val_size,aggregation_method,evaluate_by_slice,aggregation_quantiles,plot,scenario,band,show_components,seed,ensemble_models,physics_strategy,trend_degree,architecture_profile,profile_group,campaign,dataset,architecture,val_smape_cum_norm,val_smape_agg_norm,weighted_score
UNISIM_IV_P11_Seq2Trend_trial_37,P11,4a6e36336c098ed540c2a44da67d0775,37,10.17544076165382,2.244301118190491,Seq2Trend,Normal,False,0.99,300,300,50,20,16,0.01,0.6,0.1,median,True,"[0.25, 0.5, 0.75]",False,P50,,False,42,1,arps,6,,default_group,UNISIM_IV_P11_Seq2Trend,UNISIM_IV,Seq2Trend,0.8061111111111111,0.8038888888888889,3.2199999999999998
UNISIM_IV_P11_Seq2Trend_trial_95,P11,d1516239f3160cfd307a2eda56e42d5a,95,12.798404773322156,3.148668033786844,Seq2Trend,Normal,False,0.99,300,300,20,20,8,0.05,0.6,0.1,median,True,"[0.25, 0.5, 0.75]",False,P50,,False,42,1,static,3,,default_group,UNISIM_IV_P11_Seq2Trend,UNISIM_IV,Seq2Trend,0.85,0.8333333333333334,3.3666666666666667
UNISIM_IV_P11_Seq2Trend_trial_49,P11,b7799097c8c7313da47f2be06df135e7,49,5.15217191699836,0.150357266695704,Seq2Trend,Normal,False,0.25,300,300,50,20,16,0.01,0.6,0.1,median,True,"[0.25, 0.5, 0.75]",False,P50,,False,42,1,combined_exp_arps,8,,default_group,UNISIM_IV_P11_Seq2Trend,UNISIM_IV,Seq2Trend,0.13027777777777777,0.15083333333333335,0.5622222222222222
UNISIM_IV_P11_Seq2Trend_trial_56,P11,f3dcf6eafc725ba9fa5217c1a2b33f57,56,9.476626570536869,1.92245143904285,Seq2Trend,Normal,False,0.25,300,300,100,20,8,0.01,0.6,0.1,median,True,"[0.25, 0.5, 0.75]",False,P50,,False,42,1,pressure_ensemble,8,,default_group,UNISIM_IV_P11_Seq2Trend,UNISIM_IV,Seq2Trend,0.7880555555555555,0.7936111111111112,3.163333333333333
UNISIM_IV_P11_Seq2Trend_trial_12,P11,9b21c05c631cd117fde7d0f3dabf572d,12,13.771052270507782,3.446178440148284,Seq2Trend,Normal,False,0.99,300,300,100,20,16,0.005,0.6,0.1,median,True,"[0.25, 0.5, 0.75]",False,P50,,False,42,1,pressure_ensemble,6,,default_group,UNISIM_IV_P11_Seq2Trend,UNISIM_IV,Seq2Trend,0.8627777777777778,0.8438888888888889,3.413333333333333
UNISIM_IV_P11_Seq2Trend_trial_18,P11,af72fc55114c817c4611e3f2975e878d,18,4.901337290945072,0.29508113612611,Seq2Trend,Normal,False,0.25,300,300,20,20,16,0.01,0.6,0.1,median,True,"[0.25, 0.5, 0.75]",False,P50,,False,42,1,static,6,,default_group,UNISIM_IV_P11_Seq2Trend,UNISIM_IV,Seq2Trend,0.19277777777777777,0.06833333333333333,0.5222222222222221
UNISIM_IV_P11_Seq2Trend_trial_3,P11,bdb47a3ab61c65818dd2a9c20ed03633,3,13.872391775285426,3.488708047554593,Seq2Trend,Normal,False,0.99,300,300,50,20,8,0.005,0.6,0.1,median,True,"[0.25, 0.5, 0.75]",False,P50,,False,42,1,pressure_ensemble,8,,default_group,UNISIM_IV_P11_Seq2Trend,UNISIM_IV,Seq2Trend,0.8652777777777778,0.8469444444444445,3.4244444444444446
UNISIM_IV_P11_Seq2Trend_trial_102,P11,bdee59ccd691b3aa1397f134cbc16858,102,4.988575196521574,0.0814386601613361,Seq2Trend,Normal,False,0.01,300,300,100,20,16,0.001,0.6,0.1,median,True,"[0.25, 0.5, 0.75]",False,P50,,False,42,1,pressure_ensemble,2,,default_group,UNISIM_IV_P11_Seq2Trend,UNISIM_IV,Seq2Trend,0.059444444444444446,0.07833333333333334,0.27555555555555555
UNISIM_IV_P11_Seq2Trend_trial_66,P11,4838d5e6c6de554aa456ae853a0189b3,66,5.294499901120724,0.7499632518127659,Seq2Trend,Normal,False,0.5,300,300,50,20,8,0.001,0.6,0.1,median,True,"[0.25, 0.5, 0.75]",False,P50,,False,42,1,static,8,,default_group,UNISIM_IV_P11_Seq2Trend,UNISIM_IV,Seq2Trend,0.5638888888888889,0.255,1.6377777777777778
UNISIM_IV_P11_Seq2Trend_trial_28,P11,a600e1fe1e643412ab1f60953d263508,28,5.068381282646765,0.1299929201331185,Seq2Trend,Normal,False,0.25,300,300,50,20,16,0.01,0.6,0.1,median,True,"[0.25, 0.5, 0.75]",False,P50,,False,42,1,pressure_ensemble,5,,default_group,UNISIM_IV_P11_Seq2Trend,UNISIM_IV,Seq2Trend,0.06944444444444445,0.14277777777777778,0.42444444444444446
UNISIM_IV_P11_Seq2Trend_trial_131,P11,de62dd75638b64883e153ad758f074e0,131,69.26989087064047,14.275567524889093,Seq2Trend,Normal,False,0.5,300,300,50,20,8,0.05,0.6,0.1,median,True,"[0.25, 0.5, 0.75]",False,P50,,False,42,1,arps,5,,default_group,UNISIM_IV_P11_Seq2Trend,UNISIM_IV,Seq2Trend,0.9722222222222222,0.9716666666666667,3.887777777777778
UNISIM_IV_P11_Seq2Trend_trial_127,P11,d64995a48c2dfea068fd604c9d49b0cb,127,5.536501627255337,0.3109197920359632,Seq2Trend,Normal,False,0.01,300,300,200,20,16,0.05,0.6,0.1,median,True,"[0.25, 0.5, 0.75]",False,P50,,False,42,1,exponential,6,,default_group,UNISIM_IV_P11_Seq2Trend,UNISIM_IV,Seq2Trend,0.19777777777777777,0.2877777777777778,0.9711111111111111
UNISIM_IV_P11_Seq2Trend_trial_57,P11,6e2fb96b4ac79a08d6402ae46e16efb5,57,6.865941276850405,1.0597382313540844,Seq2Trend,Normal,False,0.25,300,300,50,20,16,0.05,0.6,0.1,median,True,"[0.25, 0.5, 0.75]",False,P50,,False,42,1,pressure_ensemble,3,,default_group,UNISIM_IV_P11_Seq2Trend,UNISIM_IV,Seq2Trend,0.7155555555555555,0.6383333333333333,2.7077777777777774
UNISIM_IV_P11_Seq2Trend_trial_92,P11,aa52d5a810c8721fb8aa725014371095,92,10.26681371499137,2.217135806377173,Seq2Trend,Normal,False,0.25,300,300,200,20,16,0.01,0.6,0.1,median,True,"[0.25, 0.5, 0.75]",False,P50,,False,42,1,static,6,,default_group,UNISIM_IV_P11_Seq2Trend,UNISIM_IV,Seq2Trend,0.8055555555555556,0.8061111111111111,3.2233333333333336
UNISIM_IV_P11_Seq2Trend_trial_116,P11,808bb28277ce481771cab92327ca9c0f,116,8.713876427551979,1.6458731416714734,Seq2Trend,Normal,False,0.99,300,300,200,20,8,0.001,0.6,0.1,median,True,"[0.25, 0.5, 0.75]",False,P50,,False,42,1,exponential,4,,default_group,UNISIM_IV_P11_Seq2Trend,UNISIM_IV,Seq2Trend,0.7633333333333333,0.7816666666666666,3.09
UNISIM_IV_P11_Seq2Trend_trial_15,P11,0f2e2e8de4a53864ec3fe78e4ec42cbf,15,32.8346362019748,2.063110063079012,Seq2Trend,Normal,False,0.01,300,300,200,20,8,0.05,0.6,0.1,median,True,"[0.25, 0.5, 0.75]",False,P50,,False,42,1,exponential,5,,default_group,UNISIM_IV_P11_Seq2Trend,UNISIM_IV,Seq2Trend,0.7966666666666666,0.9588888888888889,3.511111111111111
UNISIM_IV_P11_Seq2Trend_trial_73,P11,aae64ded4713de07bb600d9e3b274a6a,73,4.929708837195334,0.1032936256160125,Seq2Trend,Normal,False,0.01,300,300,20,20,8,0.01,0.6,0.1,median,True,"[0.25, 0.5, 0.75]",False,P50,,False,42,1,pressure_ensemble,4,,default_group,UNISIM_IV_P11_Seq2Trend,UNISIM_IV,Seq2Trend,0.06222222222222222,0.07111111111111111,0.26666666666666666
UNISIM_IV_P11_Seq2Trend_trial_147,P11,8747db62fa9fc61b021e64245fe27f2b,147,8.582365286986409,1.7380416320051526,Seq2Trend,Normal,False,0.25,300,300,20,20,16,0.001,0.6,0.1,median,True,"[0.25, 0.5, 0.75]",False,P50,,False,42,1,static,2,,default_group,UNISIM_IV_P11_Seq2Trend,UNISIM_IV,Seq2Trend,0.7738888888888888,0.7761111111111111,3.0999999999999996
UNISIM_IV_P11_Seq2Trend_trial_149,P11,79e868193b390d4657c5843b13847d2d,149,8.694509750678632,1.6248295880117027,Seq2Trend,Normal,False,0.5,300,300,200,20,16,0.005,0.6,0.1,median,True,"[0.25, 0.5, 0.75]",False,P50,,False,42,1,exponential,3,,default_group,UNISIM_IV_P11_Seq2Trend,UNISIM_IV,Seq2Trend,0.76,0.7805555555555556,3.0811111111111114
UNISIM_IV_P11_Seq2Trend_trial_112,P11,640dda32510a7326db11a1bedf34fe10,112,5.74396581702482,0.5606530830310166,Seq2Trend,Normal,False,0.5,300,300,20,20,16,0.05,0.6,0.1,median,True,"[0.25, 0.5, 0.75]",False,P50,,False,42,1,exponential,5,,default_group,UNISIM_IV_P11_Seq2Trend,UNISIM_IV,Seq2Trend,0.42333333333333334,0.305,1.4566666666666666
UNISIM_IV_P11_Seq2Trend_trial_134,P11,fb62a0e229046adec95fb46be9f1b586,134,5.160616514250617,0.1577728910292183,Seq2Trend,Normal,False,0.01,300,300,100,20,16,0.01,0.6,0.1,median,True,"[0.25, 0.5, 0.75]",False,P50,,False,42,1,arps,3,,default_group,UNISIM_IV_P11_Seq2Trend,UNISIM_IV,Seq2Trend,0.13166666666666665,0.15166666666666667,0.5666666666666667
UNISIM_IV_P11_Seq2Trend_trial_34,P11,2dfb87c0f727d13252415b20e34c3a41,34,4.990074589950383,0.0979104304760696,Seq2Trend,Normal,False,0.25,300,300,200,20,8,0.001,0.6,0.1,median,True,"[0.25, 0.5, 0.75]",False,P50,,False,42,1,exponential,7,,default_group,UNISIM_IV_P11_Seq2Trend,UNISIM_IV,Seq2Trend,0.06111111111111111,0.07888888888888888,0.27999999999999997
UNISIM_IV_P11_Seq2Trend_trial_101,P11,6d1f60bea03a4a77da0a27ed18ab0a9e,101,5.002292643312269,0.0678649669362993,Seq2Trend,Normal,False,0.01,300,300,20,20,8,0.005,0.6,0.1,median,True,"[0.25, 0.5, 0.75]",False,P50,,False,42,1,static,4,,default_group,UNISIM_IV_P11_Seq2Trend,UNISIM_IV,Seq2Trend,0.001388888888888889,0.08305555555555555,0.16888888888888887
UNISIM_IV_P11_Seq2Trend_trial_74,P11,dde28d5686eeb2236ad3ff64101dcaf5,74,17.16719769456866,4.816642260528018,Seq2Trend,Normal,False,0.25,300,300,200,20,8,0.05,0.6,0.1,median,True,"[0.25, 0.5, 0.75]",False,P50,,False,42,1,static,3,,default_group,UNISIM_IV_P11_Seq2Trend,UNISIM_IV,Seq2Trend,0.9405555555555556,0.89,3.6611111111111114
UNISIM_IV_P11_Seq2Trend_trial_22,P11,41042f7968b83656ecccae5606664f11,22,4.978756627995217,0.0998303020944181,Seq2Trend,Normal,False,0.5,300,300,200,20,8,0.001,0.6,0.1,median,True,"[0.25, 0.5, 0.75]",False,P50,,False,42,1,exponential,8,,default_group,UNISIM_IV_P11_Seq2Trend,UNISIM_IV,Seq2Trend,0.06166666666666667,0.07666666666666666,0.27666666666666667
UNISIM_IV_P11_Seq2Trend_trial_146,P11,114ca2de2fba9e63c8909925836cad96,146,5.000815628451506,0.2789369446225348,Seq2Trend,Normal,False,0.25,300,300,20,20,16,0.005,0.6,0.1,median,True,"[0.25, 0.5, 0.75]",False,P50,,False,42,1,arps,3,,default_group,UNISIM_IV_P11_Seq2Trend,UNISIM_IV,Seq2Trend,0.18833333333333332,0.08222222222222222,0.5411111111111111
UNISIM_IV_P11_Seq2Trend_trial_2,P11,0fa118963e872cf84c401d7eb9c8b9e3,2,11.418229387905756,2.668734164243184,Seq2Trend,Normal,False,0.5,300,300,200,20,16,0.01,0.6,0.1,median,True,"[0.25, 0.5, 0.75]",False,P50,,False,42,1,arps,3,,default_group,UNISIM_IV_P11_Seq2Trend,UNISIM_IV,Seq2Trend,0.8244444444444444,0.8166666666666667,3.282222222222222
UNISIM_IV_P11_Seq2Trend_trial_96,P11,a5560449ad3366c01178535d1a986977,96,11.104496743458698,2.5195563871081004,Seq2Trend,Normal,False,0.5,300,300,200,20,8,0.005,0.6,0.1,median,True,"[0.25, 0.5, 0.75]",False,P50,,False,42,1,static,2,,default_group,UNISIM_IV_P11_Seq2Trend,UNISIM_IV,Seq2Trend,0.8152777777777778,0.8130555555555555,3.256666666666667
UNISIM_IV_P11_Seq2Trend_trial_41,P11,364adef560f9d993dea7de139da69374,41,11.87492876950984,2.787838774092418,Seq2Trend,Normal,False,0.99,300,300,200,20,16,0.01,0.6,0.1,median,True,"[0.25, 0.5, 0.75]",False,P50,,False,42,1,arps,5,,default_group,UNISIM_IV_P11_Seq2Trend,UNISIM_IV,Seq2Trend,0.8294444444444444,0.8238888888888889,3.3066666666666666
UNISIM_IV_P11_Seq2Trend_trial_36,P11,d62c5cf8e688a49369ba2fd8f5b3782d,36,6.318416306183488,0.7740233066270993,Seq2Trend,Normal,False,0.25,300,300,50,20,8,0.01,0.6,0.1,median,True,"[0.25, 0.5, 0.75]",False,P50,,False,42,1,arps,2,,default_group,UNISIM_IV_P11_Seq2Trend,UNISIM_IV,Seq2Trend,0.5711111111111111,0.5694444444444444,2.281111111111111
UNISIM_IV_P11_Seq2Trend_trial_113,P11,c02222d6fb6ad30fdc6dfc8b4da7b921,113,5.439089756330247,0.801052149037744,Seq2Trend,Normal,False,0.25,300,300,50,20,16,0.001,0.6,0.1,median,True,"[0.25, 0.5, 0.75]",False,P50,,False,42,1,exponential,5,,default_group,UNISIM_IV_P11_Seq2Trend,UNISIM_IV,Seq2Trend,0.5794444444444444,0.2777777777777778,1.7144444444444444
UNISIM_IV_P11_Seq2Trend_trial_25,P11,54cabc6fdb20f4485d19f9a8fa2e0205,25,6.605215852913727,0.938446845373466,Seq2Trend,Normal,False,0.99,300,300,50,20,8,0.005,0.6,0.1,median,True,"[0.25, 0.5, 0.75]",False,P50,,False,42,1,exponential,3,,default_group,UNISIM_IV_P11_Seq2Trend,UNISIM_IV,Seq2Trend,0.6163888888888889,0.6163888888888889,2.4655555555555555
UNISIM_IV_P11_Seq2Trend_trial_138,P11,fb965f5066549824c4c23ec90ca8c8a2,138,5.2888393287198046,0.6960843964572904,Seq2Trend,Normal,False,0.5,300,300,20,20,16,0.001,0.6,0.1,median,True,"[0.25, 0.5, 0.75]",False,P50,,False,42,1,exponential,2,,default_group,UNISIM_IV_P11_Seq2Trend,UNISIM_IV,Seq2Trend,0.5433333333333333,0.2544444444444444,1.5955555555555554
UNISIM_IV_P11_Seq2Trend_trial_1,P11,9d9bb13d838e04395c9eca622e6370ca,1,5.37668982902396,0.7781889518922409,Seq2Trend,Normal,False,0.25,300,300,20,20,8,0.001,0.6,0.1,median,True,"[0.25, 0.5, 0.75]",False,P50,,False,42,1,pressure_ensemble,3,,default_group,UNISIM_IV_P11_Seq2Trend,UNISIM_IV,Seq2Trend,0.5738888888888889,0.27111111111111114,1.69
UNISIM_IV_P11_Seq2Trend_trial_24,P11,bebd2b95f250f7ccebacda85597924b2,24,5.03394622346863,0.501926990864986,Seq2Trend,Normal,False,0.25,300,300,50,20,16,0.005,0.6,0.1,median,True,"[0.25, 0.5, 0.75]",False,P50,,False,42,1,exponential,4,,default_group,UNISIM_IV_P11_Seq2Trend,UNISIM_IV,Seq2Trend,0.38055555555555554,0.1411111111111111,1.0433333333333332
UNISIM_IV_P11_Seq2Trend_trial_30,P11,791ccd95603927c864083f0562fe96de,30,12.069583671477798,2.930232580388813,Seq2Trend,Normal,False,0.99,300,300,100,20,8,0.001,0.6,0.1,median,True,"[0.25, 0.5, 0.75]",False,P50,,False,42,1,combined_exp_arps,7,,default_group,UNISIM_IV_P11_Seq2Trend,UNISIM_IV,Seq2Trend,0.8388888888888889,0.825,3.3277777777777775
UNISIM_IV_P11_Seq2Trend_trial_59,P11,98f047cc9176546011a0669686fa83a4,59,13.872391775285426,3.488708047554593,Seq2Trend,Normal,False,0.99,300,300,50,20,8,0.005,0.6,0.1,median,True,"[0.25, 0.5, 0.75]",False,P50,,False,42,1,pressure_ensemble,4,,default_group,UNISIM_IV_P11_Seq2Trend,UNISIM_IV,Seq2Trend,0.8652777777777778,0.8469444444444445,3.4244444444444446
UNISIM_IV_P11_Seq2Trend_trial_39,P11,e080d37275b3f6cfb8d3fdcc6ac0ae3c,39,6.875487958232605,0.8283828542760895,Seq2Trend,Normal,False,0.99,300,300,20,20,8,0.001,0.6,0.1,median,True,"[0.25, 0.5, 0.75]",False,P50,,False,42,1,combined_exp_arps,5,,default_group,UNISIM_IV_P11_Seq2Trend,UNISIM_IV,Seq2Trend,0.5866666666666667,0.6394444444444445,2.4522222222222223
UNISIM_IV_P11_Seq2Trend_trial_126,P11,d3c10c886e24d63a9ea2ee4be340920d,126,8.945972400317055,1.744854133193174,Seq2Trend,Normal,False,0.99,300,300,20,20,16,0.05,0.6,0.1,median,True,"[0.25, 0.5, 0.75]",False,P50,,False,42,1,arps,5,,default_group,UNISIM_IV_P11_Seq2Trend,UNISIM_IV,Seq2Trend,0.7744444444444445,0.7855555555555556,3.12
UNISIM_IV_P11_Seq2Trend_trial_29,P11,87b22292ebabcabe943dbdc61266d49c,29,6.605215852913727,0.938446845373466,Seq2Trend,Normal,False,0.99,300,300,50,20,8,0.005,0.6,0.1,median,True,"[0.25, 0.5, 0.75]",False,P50,,False,42,1,exponential,6,,default_group,UNISIM_IV_P11_Seq2Trend,UNISIM_IV,Seq2Trend,0.6163888888888889,0.6163888888888889,2.4655555555555555
UNISIM_IV_P11_Seq2Trend_trial_84,P11,9a9a5d383e2d4f8dc21aa484309d9dfd,84,5.557407568116989,0.4494368139470879,Seq2Trend,Normal,False,0.25,300,300,100,20,8,0.005,0.6,0.1,median,True,"[0.25, 0.5, 0.75]",False,P50,,False,42,1,pressure_ensemble,8,,default_group,UNISIM_IV_P11_Seq2Trend,UNISIM_IV,Seq2Trend,0.37166666666666665,0.28888888888888886,1.3211111111111111
UNISIM_IV_P11_Seq2Trend_trial_70,P11,14b9af0df0588036cff96040a53638d0,70,5.077289088925344,0.1154992261744899,Seq2Trend,Normal,False,0.99,300,300,20,20,8,0.005,0.6,0.1,median,True,"[0.25, 0.5, 0.75]",False,P50,,False,42,1,exponential,4,,default_group,UNISIM_IV_P11_Seq2Trend,UNISIM_IV,Seq2Trend,0.065,0.1438888888888889,0.4177777777777778
UNISIM_IV_P11_Seq2Trend_trial_71,P11,ab6a70685e3ca7fabb22a9d4d4a6fe26,71,9.60966081269065,1.9429172083618809,Seq2Trend,Normal,False,0.99,300,300,20,20,8,0.005,0.6,0.1,median,True,"[0.25, 0.5, 0.75]",False,P50,,False,42,1,combined_exp_arps,8,,default_group,UNISIM_IV_P11_Seq2Trend,UNISIM_IV,Seq2Trend,0.7902777777777777,0.7952777777777778,3.171111111111111
UNISIM_IV_P11_Seq2Trend_trial_89,P11,7a53b99c4e3880e66dedb3af543c42d5,89,4.911288168639484,0.4329559938994124,Seq2Trend,Normal,False,0.5,300,300,200,20,16,0.001,0.6,0.1,median,True,"[0.25, 0.5, 0.75]",False,P50,,False,42,1,pressure_ensemble,8,,default_group,UNISIM_IV_P11_Seq2Trend,UNISIM_IV,Seq2Trend,0.31222222222222223,0.06944444444444445,0.7633333333333334
UNISIM_IV_P11_Seq2Trend_trial_77,P11,e3695395ce8ee4aed3cfa615d0255a19,77,5.322359163565195,0.7905340275578173,Seq2Trend,Normal,False,0.5,300,300,50,20,8,0.001,0.6,0.1,median,True,"[0.25, 0.5, 0.75]",False,P50,,False,42,1,pressure_ensemble,8,,default_group,UNISIM_IV_P11_Seq2Trend,UNISIM_IV,Seq2Trend,0.5788888888888889,0.2577777777777778,1.6733333333333333
UNISIM_IV_P11_Seq2Trend_trial_5,P11,6caffbf44356e23dfb90549d6f209503,5,5.797359776815602,1.0560215618118545,Seq2Trend,Normal,False,0.5,300,300,20,20,8,0.001,0.6,0.1,median,True,"[0.25, 0.5, 0.75]",False,P50,,False,42,1,static,3,,default_group,UNISIM_IV_P11_Seq2Trend,UNISIM_IV,Seq2Trend,0.715,0.30944444444444447,2.048888888888889
UNISIM_IV_P11_Seq2Trend_trial_65,P11,5c0dd6dff704fae13c18cb42f9bfee09,65,4.997108246555675,0.0690247067192694,Seq2Trend,Normal,False,0.01,300,300,50,20,16,0.001,0.6,0.1,median,True,"[0.25, 0.5, 0.75]",False,P50,,False,42,1,static,5,,default_group,UNISIM_IV_P11_Seq2Trend,UNISIM_IV,Seq2Trend,0.0025,0.07972222222222222,0.16444444444444445
UNISIM_IV_P11_Seq2Trend_trial_68,P11,89307e21023cd649bc965856b1705b16,68,22.32033065378448,6.145245166182719,Seq2Trend,Normal,False,0.99,300,300,50,20,8,0.05,0.6,0.1,median,True,"[0.25, 0.5, 0.75]",False,P50,,False,42,1,exponential,8,,default_group,UNISIM_IV_P11_Seq2Trend,UNISIM_IV,Seq2Trend,0.9525,0.9425,3.79
UNISIM_IV_P11_Seq2Trend_trial_98,P11,6ab9978b1994b97e4309532cd69aea58,98,5.317700302992774,0.7785993333818197,Seq2Trend,Normal,False,0.5,300,300,20,20,8,0.005,0.6,0.1,median,True,"[0.25, 0.5, 0.75]",False,P50,,False,42,1,combined_exp_arps,7,,default_group,UNISIM_IV_P11_Seq2Trend,UNISIM_IV,Seq2Trend,0.5744444444444444,0.25666666666666665,1.6622222222222223
UNISIM_IV_P11_Seq2Trend_trial_130,P11,e13dd5e4c3895c906626e7f27f95194f,130,5.864810284649211,1.0454011758419206,Seq2Trend,Normal,False,0.99,300,300,50,20,16,0.001,0.6,0.1,median,True,"[0.25, 0.5, 0.75]",False,P50,,False,42,1,pressure_ensemble,8,,default_group,UNISIM_IV_P11_Seq2Trend,UNISIM_IV,Seq2Trend,0.7138888888888889,0.3705555555555556,2.168888888888889
UNISIM_IV_P11_Seq2Trend_trial_33,P11,d292ae5450d80c11fc57fbe0ac384a28,33,4.891089979765752,0.1311625214416977,Seq2Trend,Normal,False,0.01,300,300,20,20,8,0.01,0.6,0.1,median,True,"[0.25, 0.5, 0.75]",False,P50,,False,42,1,static,8,,default_group,UNISIM_IV_P11_Seq2Trend,UNISIM_IV,Seq2Trend,0.07,0.06722222222222222,0.2744444444444445
UNISIM_IV_P11_Seq2Trend_trial_91,P11,73e5ec614595846268728a347cf4e650,91,9.60966081269065,1.9429172083618809,Seq2Trend,Normal,False,0.99,300,300,20,20,8,0.005,0.6,0.1,median,True,"[0.25, 0.5, 0.75]",False,P50,,False,42,1,combined_exp_arps,6,,default_group,UNISIM_IV_P11_Seq2Trend,UNISIM_IV,Seq2Trend,0.7902777777777777,0.7952777777777778,3.171111111111111
UNISIM_IV_P11_Seq2Trend_trial_109,P11,ecf6d565b651967d7e1b435cbdcc83e7,109,12.529741569923557,3.080677479010565,Seq2Trend,Normal,False,0.99,300,300,200,20,8,0.001,0.6,0.1,median,True,"[0.25, 0.5, 0.75]",False,P50,,False,42,1,pressure_ensemble,4,,default_group,UNISIM_IV_P11_Seq2Trend,UNISIM_IV,Seq2Trend,0.8483333333333334,0.8288888888888889,3.354444444444445
UNISIM_IV_P11_Seq2Trend_trial_104,P11,2a09daef6812fc74a6bf9c8fef6dfdb9,104,9.476626570536869,1.92245143904285,Seq2Trend,Normal,False,0.25,300,300,100,20,8,0.01,0.6,0.1,median,True,"[0.25, 0.5, 0.75]",False,P50,,False,42,1,pressure_ensemble,6,,default_group,UNISIM_IV_P11_Seq2Trend,UNISIM_IV,Seq2Trend,0.7880555555555555,0.7936111111111112,3.163333333333333
UNISIM_IV_P11_Seq2Trend_trial_87,P11,e0e9a6336d23729891e9266f662388fb,87,9.242383585370405,1.8701311792355504,Seq2Trend,Normal,False,0.99,300,300,200,20,8,0.005,0.6,0.1,median,True,"[0.25, 0.5, 0.75]",False,P50,,False,42,1,exponential,8,,default_group,UNISIM_IV_P11_Seq2Trend,UNISIM_IV,Seq2Trend,0.7855555555555556,0.7894444444444444,3.15
UNISIM_IV_P11_Seq2Trend_trial_124,P11,c9dfc3c4ddbab9b75751f148329befab,124,5.002968627493841,0.0732231783479298,Seq2Trend,Normal,False,0.01,300,300,100,20,16,0.001,0.6,0.1,median,True,"[0.25, 0.5, 0.75]",False,P50,,False,42,1,combined_exp_arps,6,,default_group,UNISIM_IV_P11_Seq2Trend,UNISIM_IV,Seq2Trend,0.058888888888888886,0.08388888888888889,0.28555555555555556
UNISIM_IV_P11_Seq2Trend_trial_128,P11,bf015449e2b58afb98019cd5d40615d6,128,5.15217191699836,0.150357266695704,Seq2Trend,Normal,False,0.25,300,300,50,20,16,0.01,0.6,0.1,median,True,"[0.25, 0.5, 0.75]",False,P50,,False,42,1,combined_exp_arps,3,,default_group,UNISIM_IV_P11_Seq2Trend,UNISIM_IV,Seq2Trend,0.13027777777777777,0.15083333333333335,0.5622222222222222
UNISIM_IV_P11_Seq2Trend_trial_67,P11,bf70e5dea4b2daa4639e6219cb404ea2,67,9.270169929656491,1.8666846004883368,Seq2Trend,Normal,False,0.5,300,300,20,20,8,0.05,0.6,0.1,median,True,"[0.25, 0.5, 0.75]",False,P50,,False,42,1,static,6,,default_group,UNISIM_IV_P11_Seq2Trend,UNISIM_IV,Seq2Trend,0.785,0.79,3.1500000000000004
UNISIM_IV_P11_Seq2Trend_trial_10,P11,a65c4d3b33c3f6ed43c88d4426bbfac1,10,4.842522792259423,0.2526717920489205,Seq2Trend,Normal,False,0.99,300,300,20,20,16,0.005,0.6,0.1,median,True,"[0.25, 0.5, 0.75]",False,P50,,False,42,1,arps,3,,default_group,UNISIM_IV_P11_Seq2Trend,UNISIM_IV,Seq2Trend,0.16916666666666666,0.06416666666666666,0.4666666666666667
UNISIM_IV_P11_Seq2Trend_trial_114,P11,c65b5d1a8fbea08fc49ddf929c619f50,114,8.4687109301016,1.6047862317139474,Seq2Trend,Normal,False,0.99,300,300,100,20,16,0.01,0.6,0.1,median,True,"[0.25, 0.5, 0.75]",False,P50,,False,42,1,combined_exp_arps,4,,default_group,UNISIM_IV_P11_Seq2Trend,UNISIM_IV,Seq2Trend,0.7583333333333333,0.775,3.0666666666666664
UNISIM_IV_P11_Seq2Trend_trial_119,P11,1a4bdf229a888aa2d577d84f6864c213,119,4.819839201645045,0.2996485206989034,Seq2Trend,Normal,False,0.01,300,300,100,20,16,0.005,0.6,0.1,median,True,"[0.25, 0.5, 0.75]",False,P50,,False,42,1,static,6,,default_group,UNISIM_IV_P11_Seq2Trend,UNISIM_IV,Seq2Trend,0.19444444444444445,0.06333333333333334,0.5155555555555555
UNISIM_IV_P11_Seq2Trend_trial_132,P11,a09778b002b8343d7b0a134b1a63b24f,132,21.13086084810304,5.728948092573772,Seq2Trend,Normal,False,0.5,300,300,100,20,8,0.05,0.6,0.1,median,True,"[0.25, 0.5, 0.75]",False,P50,,False,42,1,exponential,2,,default_group,UNISIM_IV_P11_Seq2Trend,UNISIM_IV,Seq2Trend,0.9488888888888889,0.9372222222222222,3.772222222222222
UNISIM_IV_P11_Seq2Trend_trial_21,P11,dc6b767d3a23de423196f28311e6aa7a,21,20.78950968300152,5.748714657610671,Seq2Trend,Normal,False,0.99,300,300,50,20,8,0.05,0.6,0.1,median,True,"[0.25, 0.5, 0.75]",False,P50,,False,42,1,combined_exp_arps,8,,default_group,UNISIM_IV_P11_Seq2Trend,UNISIM_IV,Seq2Trend,0.9494444444444444,0.9366666666666666,3.772222222222222
UNISIM_IV_P11_Seq2Trend_trial_46,P11,a2ecc635ff2b7aebad50dcd85eec4338,46,4.886613914031677,0.1621145631655814,Seq2Trend,Normal,False,0.01,300,300,20,20,8,0.01,0.6,0.1,median,True,"[0.25, 0.5, 0.75]",False,P50,,False,42,1,arps,8,,default_group,UNISIM_IV_P11_Seq2Trend,UNISIM_IV,Seq2Trend,0.1322222222222222,0.06666666666666667,0.3977777777777778
UNISIM_IV_P11_Seq2Trend_trial_26,P11,00f7899e4abb7f9cd06143eea3a68f0c,26,14.572658692387888,3.935363845649115,Seq2Trend,Normal,False,0.99,300,300,200,20,16,0.05,0.6,0.1,median,True,"[0.25, 0.5, 0.75]",False,P50,,False,42,1,arps,6,,default_group,UNISIM_IV_P11_Seq2Trend,UNISIM_IV,Seq2Trend,0.8886111111111111,0.8580555555555556,3.493333333333333
UNISIM_IV_P11_Seq2Trend_trial_93,P11,d2eb1ee9f7975823db6ac19b222464e1,93,14.196045160304887,3.6553663465097954,Seq2Trend,Normal,False,0.99,300,300,100,20,16,0.005,0.6,0.1,median,True,"[0.25, 0.5, 0.75]",False,P50,,False,42,1,combined_exp_arps,4,,default_group,UNISIM_IV_P11_Seq2Trend,UNISIM_IV,Seq2Trend,0.8766666666666667,0.8544444444444445,3.4622222222222225
UNISIM_IV_P11_Seq2Trend_trial_51,P11,e18ed9a890fd6623d829c9b1843a04ff,51,4.964453140637716,0.1257644342874154,Seq2Trend,Normal,False,0.5,300,300,50,20,16,0.005,0.6,0.1,median,True,"[0.25, 0.5, 0.75]",False,P50,,False,42,1,combined_exp_arps,6,,default_group,UNISIM_IV_P11_Seq2Trend,UNISIM_IV,Seq2Trend,0.06777777777777778,0.07555555555555556,0.2866666666666667
UNISIM_IV_P11_Seq2Trend_trial_94,P11,ddd84e6f011c8528ba2e5f2ca2d6c87a,94,12.302750644393717,2.953779399709737,Seq2Trend,Normal,False,0.99,300,300,200,20,16,0.001,0.6,0.1,median,True,"[0.25, 0.5, 0.75]",False,P50,,False,42,1,arps,6,,default_group,UNISIM_IV_P11_Seq2Trend,UNISIM_IV,Seq2Trend,0.84,0.8261111111111111,3.332222222222222
UNISIM_IV_P11_Seq2Trend_trial_117,P11,92209a07903d5916d4b2cf3010550548,117,4.96007218455385,0.2006352953147586,Seq2Trend,Normal,False,0.01,300,300,200,20,8,0.001,0.6,0.1,median,True,"[0.25, 0.5, 0.75]",False,P50,,False,42,1,exponential,3,,default_group,UNISIM_IV_P11_Seq2Trend,UNISIM_IV,Seq2Trend,0.13777777777777778,0.075,0.4255555555555556
UNISIM_IV_P11_Seq2Trend_trial_106,P11,4b5fc9f2571d7d3b13aba0828a537388,106,5.033147803899963,0.1105612641256482,Seq2Trend,Normal,False,0.99,300,300,20,20,8,0.01,0.6,0.1,median,True,"[0.25, 0.5, 0.75]",False,P50,,False,42,1,arps,4,,default_group,UNISIM_IV_P11_Seq2Trend,UNISIM_IV,Seq2Trend,0.06333333333333334,0.14055555555555554,0.4077777777777778
UNISIM_IV_P11_Seq2Trend_trial_136,P11,b242713359b47d1ae4ab031a9cc7d693,136,11.70189761386824,2.750447758195661,Seq2Trend,Normal,False,0.99,300,300,50,20,16,0.005,0.6,0.1,median,True,"[0.25, 0.5, 0.75]",False,P50,,False,42,1,pressure_ensemble,3,,default_group,UNISIM_IV_P11_Seq2Trend,UNISIM_IV,Seq2Trend,0.8277777777777777,0.8211111111111111,3.2977777777777777
UNISIM_IV_P11_Seq2Trend_trial_72,P11,5bca7246db12e3685a6a616cc6eba23f,72,9.87249465730592,0.2406763708579277,Seq2Trend,Normal,False,0.01,300,300,50,20,8,0.05,0.6,0.1,median,True,"[0.25, 0.5, 0.75]",False,P50,,False,42,1,arps,3,,default_group,UNISIM_IV_P11_Seq2Trend,UNISIM_IV,Seq2Trend,0.15666666666666668,0.8,1.9133333333333336
UNISIM_IV_P11_Seq2Trend_trial_140,P11,4f902befd444e485ce301adbf0936a74,140,8.95634337609079,1.780472866955542,Seq2Trend,Normal,False,0.99,300,300,100,20,8,0.005,0.6,0.1,median,True,"[0.25, 0.5, 0.75]",False,P50,,False,42,1,combined_exp_arps,6,,default_group,UNISIM_IV_P11_Seq2Trend,UNISIM_IV,Seq2Trend,0.7777777777777778,0.7861111111111111,3.1277777777777778
UNISIM_IV_P11_Seq2Trend_trial_43,P11,6cbe2b0e6b319565f900e092dde290b0,43,22.32033065378448,6.145245166182719,Seq2Trend,Normal,False,0.99,300,300,50,20,8,0.05,0.6,0.1,median,True,"[0.25, 0.5, 0.75]",False,P50,,False,42,1,exponential,5,,default_group,UNISIM_IV_P11_Seq2Trend,UNISIM_IV,Seq2Trend,0.9525,0.9425,3.79
UNISIM_IV_P11_Seq2Trend_trial_32,P11,0821ea1bc563027e5db976a2892e1079,32,5.080732504971354,0.5736518203113058,Seq2Trend,Normal,False,0.25,300,300,50,20,16,0.005,0.6,0.1,median,True,"[0.25, 0.5, 0.75]",False,P50,,False,42,1,static,8,,default_group,UNISIM_IV_P11_Seq2Trend,UNISIM_IV,Seq2Trend,0.4266666666666667,0.14444444444444443,1.1422222222222222
UNISIM_IV_P11_Seq2Trend_trial_120,P11,9cf9423d84a2a8a60da9f005ed295a9d,120,5.106013413758827,0.1350035310630139,Seq2Trend,Normal,False,0.25,300,300,50,20,16,0.01,0.6,0.1,median,True,"[0.25, 0.5, 0.75]",False,P50,,False,42,1,static,2,,default_group,UNISIM_IV_P11_Seq2Trend,UNISIM_IV,Seq2Trend,0.07222222222222222,0.1461111111111111,0.43666666666666665
UNISIM_IV_P11_Seq2Trend_trial_64,P11,c0386461837fb81024f5b78159598651,64,5.20345245468292,0.1853364469094702,Seq2Trend,Normal,False,0.01,300,300,200,20,16,0.01,0.6,0.1,median,True,"[0.25, 0.5, 0.75]",False,P50,,False,42,1,pressure_ensemble,2,,default_group,UNISIM_IV_P11_Seq2Trend,UNISIM_IV,Seq2Trend,0.13555555555555557,0.21555555555555556,0.7022222222222223
UNISIM_IV_P11_Seq2Trend_trial_40,P11,e8752410df49b8dd5c3589ae4715837e,40,5.901544615215308,0.6195639232005397,Seq2Trend,Normal,False,0.5,300,300,100,20,16,0.005,0.6,0.1,median,True,"[0.25, 0.5, 0.75]",False,P50,,False,42,1,arps,5,,default_group,UNISIM_IV_P11_Seq2Trend,UNISIM_IV,Seq2Trend,0.43833333333333335,0.40555555555555556,1.6877777777777778
UNISIM_IV_P11_Seq2Trend_trial_111,P11,3815dcdd2cb1808f8866d50433861ea4,111,8.729318873138611,1.6931522765903075,Seq2Trend,Normal,False,0.99,300,300,100,20,8,0.005,0.6,0.1,median,True,"[0.25, 0.5, 0.75]",False,P50,,False,42,1,pressure_ensemble,3,,default_group,UNISIM_IV_P11_Seq2Trend,UNISIM_IV,Seq2Trend,0.77,0.7822222222222223,3.104444444444445
UNISIM_IV_P11_Seq2Trend_trial_79,P11,d8b2774c6890393f029c70340e75229f,79,4.931868477853199,0.3787776256049033,Seq2Trend,Normal,False,0.5,300,300,50,20,16,0.005,0.6,0.1,median,True,"[0.25, 0.5, 0.75]",False,P50,,False,42,1,exponential,5,,default_group,UNISIM_IV_P11_Seq2Trend,UNISIM_IV,Seq2Trend,0.3022222222222222,0.07222222222222222,0.7488888888888889
UNISIM_IV_P11_Seq2Trend_trial_78,P11,58418d53a9ffcb61364bc989c44760d1,78,22.182278105514243,6.122108390086098,Seq2Trend,Normal,False,0.99,300,300,100,20,8,0.05,0.6,0.1,median,True,"[0.25, 0.5, 0.75]",False,P50,,False,42,1,combined_exp_arps,3,,default_group,UNISIM_IV_P11_Seq2Trend,UNISIM_IV,Seq2Trend,0.9513888888888888,0.9413888888888889,3.785555555555556
UNISIM_IV_P11_Seq2Trend_trial_54,P11,a364277a4abe5dc7d245ed598d4e9e36,54,12.673332214964333,3.1426571752217565,Seq2Trend,Normal,False,0.25,300,300,200,20,8,0.01,0.6,0.1,median,True,"[0.25, 0.5, 0.75]",False,P50,,False,42,1,combined_exp_arps,7,,default_group,UNISIM_IV_P11_Seq2Trend,UNISIM_IV,Seq2Trend,0.8494444444444444,0.8311111111111111,3.361111111111111
UNISIM_IV_P11_Seq2Trend_trial_97,P11,44b3705a88461a08b3a54d2d712a6e20,97,5.055446034967387,0.1298545038340092,Seq2Trend,Normal,False,0.01,300,300,20,20,16,0.01,0.6,0.1,median,True,"[0.25, 0.5, 0.75]",False,P50,,False,42,1,exponential,4,,default_group,UNISIM_IV_P11_Seq2Trend,UNISIM_IV,Seq2Trend,0.06888888888888889,0.14222222222222222,0.4222222222222222
UNISIM_IV_P11_Seq2Trend_trial_143,P11,f4b880c1f06a126536c2df2078788670,143,9.305259321338651,1.9488423488202424,Seq2Trend,Normal,False,0.25,300,300,20,20,16,0.001,0.6,0.1,median,True,"[0.25, 0.5, 0.75]",False,P50,,False,42,1,combined_exp_arps,6,,default_group,UNISIM_IV_P11_Seq2Trend,UNISIM_IV,Seq2Trend,0.7922222222222223,0.7911111111111111,3.166666666666667
UNISIM_IV_P11_Seq2Trend_trial_47,P11,3b8c4b16d8eee60e004fe6f12cebe27d,47,16.208740069108668,4.211793778675491,Seq2Trend,Normal,False,0.99,300,300,50,20,16,0.05,0.6,0.1,median,True,"[0.25, 0.5, 0.75]",False,P50,,False,42,1,static,6,,default_group,UNISIM_IV_P11_Seq2Trend,UNISIM_IV,Seq2Trend,0.8975,0.8758333333333334,3.546666666666667
UNISIM_IV_P11_Seq2Trend_trial_139,P11,d70041394c813b68498127ee200490ff,139,22.182278105514243,6.122108390086098,Seq2Trend,Normal,False,0.99,300,300,100,20,8,0.05,0.6,0.1,median,True,"[0.25, 0.5, 0.75]",False,P50,,False,42,1,combined_exp_arps,3,,default_group,UNISIM_IV_P11_Seq2Trend,UNISIM_IV,Seq2Trend,0.9513888888888888,0.9413888888888889,3.785555555555556
UNISIM_IV_P11_Seq2Trend_trial_103,P11,8b7e163d9cc5930710fd19ddaad88319,103,14.947178008183547,3.999790203635621,Seq2Trend,Normal,False,0.25,300,300,100,20,8,0.05,0.6,0.1,median,True,"[0.25, 0.5, 0.75]",False,P50,,False,42,1,arps,6,,default_group,UNISIM_IV_P11_Seq2Trend,UNISIM_IV,Seq2Trend,0.8905555555555555,0.8622222222222222,3.5055555555555555
UNISIM_IV_P11_Seq2Trend_trial_13,P11,e8a2b4b8ab6090cec69d7ce2ccb9d618,13,4.998814669436025,0.1347676352067769,Seq2Trend,Normal,False,0.01,300,300,50,20,8,0.005,0.6,0.1,median,True,"[0.25, 0.5, 0.75]",False,P50,,False,42,1,arps,4,,default_group,UNISIM_IV_P11_Seq2Trend,UNISIM_IV,Seq2Trend,0.07166666666666667,0.08166666666666667,0.30666666666666664
UNISIM_IV_P11_Seq2Trend_trial_145,P11,250c05e9fbfa8283f55a4f3eff3b0d35,145,31.648742207696127,7.141917337683891,Seq2Trend,Normal,False,0.99,300,300,100,20,8,0.05,0.6,0.1,median,True,"[0.25, 0.5, 0.75]",False,P50,,False,42,1,exponential,6,,default_group,UNISIM_IV_P11_Seq2Trend,UNISIM_IV,Seq2Trend,0.9575,0.9580555555555555,3.8311111111111114
UNISIM_IV_P11_Seq2Trend_trial_42,P11,8edf41176f9c7ceacdf386ddf3e48d9e,42,16.384470980860108,4.313722554824373,Seq2Trend,Normal,False,0.5,300,300,200,20,16,0.05,0.6,0.1,median,True,"[0.25, 0.5, 0.75]",False,P50,,False,42,1,pressure_ensemble,6,,default_group,UNISIM_IV_P11_Seq2Trend,UNISIM_IV,Seq2Trend,0.9288888888888889,0.8805555555555555,3.618888888888889
UNISIM_IV_P11_Seq2Trend_trial_99,P11,415a4684e089e2ef2b0418defdaa87b2,99,9.305259321338651,1.9488423488202424,Seq2Trend,Normal,False,0.25,300,300,20,20,16,0.001,0.6,0.1,median,True,"[0.25, 0.5, 0.75]",False,P50,,False,42,1,combined_exp_arps,4,,default_group,UNISIM_IV_P11_Seq2Trend,UNISIM_IV,Seq2Trend,0.7922222222222223,0.7911111111111111,3.166666666666667
UNISIM_IV_P11_Seq2Trend_trial_75,P11,901a09fedf1faecfb2bf8b4a0c48b015,75,14.03900943078138,3.605691881642755,Seq2Trend,Normal,False,0.5,300,300,50,20,8,0.05,0.6,0.1,median,True,"[0.25, 0.5, 0.75]",False,P50,,False,42,1,pressure_ensemble,7,,default_group,UNISIM_IV_P11_Seq2Trend,UNISIM_IV,Seq2Trend,0.8711111111111111,0.8522222222222222,3.4466666666666663
UNISIM_IV_P11_Seq2Trend_trial_121,P11,0340e2dd76b41cfaacb4d499a9c8091f,121,5.432926583971139,0.8389850150601449,Seq2Trend,Normal,False,0.99,300,300,20,20,16,0.005,0.6,0.1,median,True,"[0.25, 0.5, 0.75]",False,P50,,False,42,1,exponential,8,,default_group,UNISIM_IV_P11_Seq2Trend,UNISIM_IV,Seq2Trend,0.5916666666666667,0.2772222222222222,1.7377777777777776
UNISIM_IV_P11_Seq2Trend_trial_135,P11,59baede7e949d53811b4cfe0cf2b9a21,135,5.110519285902,0.5372091043085158,Seq2Trend,Normal,False,0.25,300,300,20,20,8,0.005,0.6,0.1,median,True,"[0.25, 0.5, 0.75]",False,P50,,False,42,1,exponential,3,,default_group,UNISIM_IV_P11_Seq2Trend,UNISIM_IV,Seq2Trend,0.4172222222222222,0.14722222222222223,1.1288888888888888
UNISIM_IV_P11_Seq2Trend_trial_108,P11,fb5b3cfb2d79e10c85a2731b92ccdb72,108,5.37769299551559,0.3099719533154908,Seq2Trend,Normal,False,0.5,300,300,20,20,16,0.05,0.6,0.1,median,True,"[0.25, 0.5, 0.75]",False,P50,,False,42,1,pressure_ensemble,3,,default_group,UNISIM_IV_P11_Seq2Trend,UNISIM_IV,Seq2Trend,0.19722222222222222,0.27166666666666667,0.9377777777777778
UNISIM_IV_P11_Seq2Trend_trial_4,P11,16ff1f60973425edb9bfe746daed37d3,4,5.127133614226242,0.1680111129782606,Seq2Trend,Normal,False,0.01,300,300,50,20,16,0.05,0.6,0.1,median,True,"[0.25, 0.5, 0.75]",False,P50,,False,42,1,pressure_ensemble,4,,default_group,UNISIM_IV_P11_Seq2Trend,UNISIM_IV,Seq2Trend,0.1338888888888889,0.14833333333333334,0.5644444444444445
UNISIM_IV_P11_Seq2Trend_trial_141,P11,f8a5fcfceeb5c149d907a1a30f01bdad,141,9.497809529548034,1.9228808975907237,Seq2Trend,Normal,False,0.25,300,300,200,20,16,0.01,0.6,0.1,median,True,"[0.25, 0.5, 0.75]",False,P50,,False,42,1,combined_exp_arps,5,,default_group,UNISIM_IV_P11_Seq2Trend,UNISIM_IV,Seq2Trend,0.7888888888888889,0.7944444444444444,3.1666666666666665
UNISIM_IV_P11_Seq2Trend_trial_129,P11,23569e9fc31d8b006230187109526f15,129,5.308153289539007,0.6886185734577819,Seq2Trend,Normal,False,0.5,300,300,20,20,16,0.001,0.6,0.1,median,True,"[0.25, 0.5, 0.75]",False,P50,,False,42,1,combined_exp_arps,5,,default_group,UNISIM_IV_P11_Seq2Trend,UNISIM_IV,Seq2Trend,0.5422222222222223,0.25555555555555554,1.5955555555555556
UNISIM_IV_P11_Seq2Trend_trial_55,P11,52048880b153afbd5fe1948011d4b146,55,5.334580514845649,0.3033523398273723,Seq2Trend,Normal,False,0.01,300,300,200,20,16,0.05,0.6,0.1,median,True,"[0.25, 0.5, 0.75]",False,P50,,False,42,1,pressure_ensemble,2,,default_group,UNISIM_IV_P11_Seq2Trend,UNISIM_IV,Seq2Trend,0.19611111111111112,0.26166666666666666,0.9155555555555556
UNISIM_IV_P11_Seq2Trend_trial_107,P11,5cff497f90f873a3724d7a52de99c26b,107,31.648742207696127,7.141917337683891,Seq2Trend,Normal,False,0.99,300,300,100,20,8,0.05,0.6,0.1,median,True,"[0.25, 0.5, 0.75]",False,P50,,False,42,1,exponential,3,,default_group,UNISIM_IV_P11_Seq2Trend,UNISIM_IV,Seq2Trend,0.9575,0.9580555555555555,3.8311111111111114
UNISIM_IV_P11_Seq2Trend_trial_19,P11,49d33b9adbe68faa0ab0e18b578316be,19,11.104496743458698,2.5195563871081004,Seq2Trend,Normal,False,0.5,300,300,200,20,8,0.005,0.6,0.1,median,True,"[0.25, 0.5, 0.75]",False,P50,,False,42,1,static,6,,default_group,UNISIM_IV_P11_Seq2Trend,UNISIM_IV,Seq2Trend,0.8152777777777778,0.8130555555555555,3.256666666666667
UNISIM_IV_P11_Seq2Trend_trial_27,P11,8c6a8ccc41568238f13f58a349ac6d3b,27,4.954880706897849,0.5342162231027219,Seq2Trend,Normal,False,0.5,300,300,20,20,16,0.005,0.6,0.1,median,True,"[0.25, 0.5, 0.75]",False,P50,,False,42,1,combined_exp_arps,5,,default_group,UNISIM_IV_P11_Seq2Trend,UNISIM_IV,Seq2Trend,0.41388888888888886,0.07444444444444444,0.9766666666666666
UNISIM_IV_P11_Seq2Trend_trial_83,P11,ecccd2718b521bd1dc28863c0c108ceb,83,16.208740069108668,4.211793778675491,Seq2Trend,Normal,False,0.99,300,300,50,20,16,0.05,0.6,0.1,median,True,"[0.25, 0.5, 0.75]",False,P50,,False,42,1,static,3,,default_group,UNISIM_IV_P11_Seq2Trend,UNISIM_IV,Seq2Trend,0.8975,0.8758333333333334,3.546666666666667
UNISIM_IV_P11_Seq2Trend_trial_90,P11,94f1253a1284c9fd3b2144f8eec7365b,90,12.787043927092034,3.074797281625675,Seq2Trend,Normal,False,0.99,300,300,20,20,16,0.05,0.6,0.1,median,True,"[0.25, 0.5, 0.75]",False,P50,,False,42,1,exponential,4,,default_group,UNISIM_IV_P11_Seq2Trend,UNISIM_IV,Seq2Trend,0.8477777777777777,0.8327777777777777,3.3611111111111107
UNISIM_IV_P11_Seq2Trend_trial_105,P11,1fbbd1cb37897c3eadd5c03dc4325b05,105,4.997108246555675,0.0690247067192694,Seq2Trend,Normal,False,0.01,300,300,50,20,16,0.001,0.6,0.1,median,True,"[0.25, 0.5, 0.75]",False,P50,,False,42,1,static,3,,default_group,UNISIM_IV_P11_Seq2Trend,UNISIM_IV,Seq2Trend,0.0025,0.07972222222222222,0.16444444444444445
UNISIM_IV_P11_Seq2Trend_trial_63,P11,6e02827b8913f0b911f7ca39cbb252ab,63,5.369151453344962,0.8030964617881615,Seq2Trend,Normal,False,0.5,300,300,50,20,8,0.001,0.6,0.1,median,True,"[0.25, 0.5, 0.75]",False,P50,,False,42,1,combined_exp_arps,2,,default_group,UNISIM_IV_P11_Seq2Trend,UNISIM_IV,Seq2Trend,0.5805555555555556,0.2688888888888889,1.698888888888889
UNISIM_IV_P11_Seq2Trend_trial_110,P11,bb9ff341b29435681b61e3a6d7dd1a1a,110,5.335636486068631,0.3161751521304664,Seq2Trend,Normal,False,0.01,300,300,100,20,8,0.01,0.6,0.1,median,True,"[0.25, 0.5, 0.75]",False,P50,,False,42,1,combined_exp_arps,2,,default_group,UNISIM_IV_P11_Seq2Trend,UNISIM_IV,Seq2Trend,0.2,0.26222222222222225,0.9244444444444445
UNISIM_IV_P11_Seq2Trend_trial_133,P11,b07109842ef887ca57d681f4f1701b9c,133,4.906061345382755,0.087919931278418,Seq2Trend,Normal,False,0.01,300,300,20,20,16,0.01,0.6,0.1,median,True,"[0.25, 0.5, 0.75]",False,P50,,False,42,1,pressure_ensemble,2,,default_group,UNISIM_IV_P11_Seq2Trend,UNISIM_IV,Seq2Trend,0.06055555555555556,0.06888888888888889,0.2588888888888889
UNISIM_IV_P11_Seq2Trend_trial_81,P11,d185f1b7b64fe10ecad783702291d4cd,81,5.707828602746839,0.5366852313902689,Seq2Trend,Normal,False,0.25,300,300,100,20,16,0.01,0.6,0.1,median,True,"[0.25, 0.5, 0.75]",False,P50,,False,42,1,arps,8,,default_group,UNISIM_IV_P11_Seq2Trend,UNISIM_IV,Seq2Trend,0.41583333333333333,0.30083333333333334,1.4333333333333333
UNISIM_IV_P11_Seq2Trend_trial_38,P11,fb4e0d65072168444030b08b5849523c,38,9.305259321338651,1.9488423488202424,Seq2Trend,Normal,False,0.25,300,300,20,20,16,0.001,0.6,0.1,median,True,"[0.25, 0.5, 0.75]",False,P50,,False,42,1,combined_exp_arps,6,,default_group,UNISIM_IV_P11_Seq2Trend,UNISIM_IV,Seq2Trend,0.7922222222222223,0.7911111111111111,3.166666666666667
UNISIM_IV_P11_Seq2Trend_trial_137,P11,5b75dec55902d72f882c2c4c490098e5,137,8.355946334907033,1.579382872716998,Seq2Trend,Normal,False,0.25,300,300,200,20,8,0.005,0.6,0.1,median,True,"[0.25, 0.5, 0.75]",False,P50,,False,42,1,static,4,,default_group,UNISIM_IV_P11_Seq2Trend,UNISIM_IV,Seq2Trend,0.7555555555555555,0.7711111111111111,3.0533333333333332
UNISIM_IV_P11_Seq2Trend_trial_85,P11,441d3c07249e109e1cb268b5396f2e23,85,4.998465389757734,0.0829212527191552,Seq2Trend,Normal,False,0.01,300,300,100,20,8,0.005,0.6,0.1,median,True,"[0.25, 0.5, 0.75]",False,P50,,False,42,1,arps,6,,default_group,UNISIM_IV_P11_Seq2Trend,UNISIM_IV,Seq2Trend,0.06,0.0811111111111111,0.2822222222222222
UNISIM_IV_P11_Seq2Trend_trial_88,P11,7d9480ea4999f88780802fdc5c5cb6b0,88,5.002292643312269,0.0678649669362993,Seq2Trend,Normal,False,0.01,300,300,20,20,8,0.005,0.6,0.1,median,True,"[0.25, 0.5, 0.75]",False,P50,,False,42,1,static,4,,default_group,UNISIM_IV_P11_Seq2Trend,UNISIM_IV,Seq2Trend,0.001388888888888889,0.08305555555555555,0.16888888888888887
UNISIM_IV_P11_Seq2Trend_trial_23,P11,b2a6113778ed4fb2b9a5b0fa16e94954,23,19.976680900665723,5.558237723877924,Seq2Trend,Normal,False,0.25,300,300,200,20,16,0.05,0.6,0.1,median,True,"[0.25, 0.5, 0.75]",False,P50,,False,42,1,exponential,6,,default_group,UNISIM_IV_P11_Seq2Trend,UNISIM_IV,Seq2Trend,0.9455555555555556,0.9038888888888889,3.698888888888889
UNISIM_IV_P11_Seq2Trend_trial_60,P11,09b8d77fd88bc377dc4683397a8f84ee,60,13.324743177465118,1.5233757841445044,Seq2Trend,Normal,False,0.01,300,300,100,20,16,0.05,0.6,0.1,median,True,"[0.25, 0.5, 0.75]",False,P50,,False,42,1,combined_exp_arps,4,,default_group,UNISIM_IV_P11_Seq2Trend,UNISIM_IV,Seq2Trend,0.7505555555555555,0.84,3.181111111111111
UNISIM_IV_P11_Seq2Trend_trial_125,P11,01a4642e4220735479e71e4ec9961c6d,125,14.629041707617304,3.82257922633926,Seq2Trend,Normal,False,0.99,300,300,50,20,16,0.05,0.6,0.1,median,True,"[0.25, 0.5, 0.75]",False,P50,,False,42,1,arps,7,,default_group,UNISIM_IV_P11_Seq2Trend,UNISIM_IV,Seq2Trend,0.8844444444444445,0.8611111111111112,3.4911111111111115
UNISIM_IV_P11_Seq2Trend_trial_53,P11,8abca50d8e587fffca35188f11daa24e,53,8.211278859111234,1.5131186300333768,Seq2Trend,Normal,False,0.5,300,300,100,20,8,0.01,0.6,0.1,median,True,"[0.25, 0.5, 0.75]",False,P50,,False,42,1,static,6,,default_group,UNISIM_IV_P11_Seq2Trend,UNISIM_IV,Seq2Trend,0.75,0.77,3.04
UNISIM_IV_P11_Seq2Trend_trial_20,P11,bc85a789dcdfcc7babbc93e345e9819f,20,12.444527679043862,3.072773007505743,Seq2Trend,Normal,False,0.25,300,300,100,20,16,0.05,0.6,0.1,median,True,"[0.25, 0.5, 0.75]",False,P50,,False,42,1,combined_exp_arps,7,,default_group,UNISIM_IV_P11_Seq2Trend,UNISIM_IV,Seq2Trend,0.8472222222222222,0.8266666666666667,3.347777777777778
UNISIM_IV_P11_Seq2Trend_trial_45,P11,b0532f78c1fcace2aee401286cfefc87,45,5.085441411180063,0.4330112565407283,Seq2Trend,Normal,False,0.25,300,300,20,20,8,0.005,0.6,0.1,median,True,"[0.25, 0.5, 0.75]",False,P50,,False,42,1,pressure_ensemble,6,,default_group,UNISIM_IV_P11_Seq2Trend,UNISIM_IV,Seq2Trend,0.31277777777777777,0.145,0.9155555555555555
UNISIM_IV_P11_Seq2Trend_trial_118,P11,0a5b9e4139550bf93b1336e9ef5286cc,118,9.328907813424657,1.887357657123874,Seq2Trend,Normal,False,0.99,300,300,20,20,8,0.05,0.6,0.1,median,True,"[0.25, 0.5, 0.75]",False,P50,,False,42,1,arps,4,,default_group,UNISIM_IV_P11_Seq2Trend,UNISIM_IV,Seq2Trend,0.7861111111111111,0.7927777777777778,3.1577777777777776
UNISIM_IV_P11_Seq2Trend_trial_9,P11,74c3ac92aa156f8fe54ba16bdceaadfa,9,5.117810518110558,0.1097637107202416,Seq2Trend,Normal,False,0.01,300,300,200,20,8,0.005,0.6,0.1,median,True,"[0.25, 0.5, 0.75]",False,P50,,False,42,1,static,6,,default_group,UNISIM_IV_P11_Seq2Trend,UNISIM_IV,Seq2Trend,0.06277777777777778,0.14777777777777779,0.4211111111111111
UNISIM_IV_P11_Seq2Trend_trial_50,P11,17fca3715904bc64dbb963b13c5b89e9,50,4.912904930847128,0.3400467166478143,Seq2Trend,Normal,False,0.5,300,300,50,20,16,0.005,0.6,0.1,median,True,"[0.25, 0.5, 0.75]",False,P50,,False,42,1,arps,8,,default_group,UNISIM_IV_P11_Seq2Trend,UNISIM_IV,Seq2Trend,0.23555555555555555,0.07,0.6111111111111112
UNISIM_IV_P11_Seq2Trend_trial_11,P11,13bae357239396ac9c70af266942b93f,11,4.937378678801466,0.1254505560701277,Seq2Trend,Normal,False,0.01,300,300,100,20,8,0.001,0.6,0.1,median,True,"[0.25, 0.5, 0.75]",False,P50,,False,42,1,exponential,4,,default_group,UNISIM_IV_P11_Seq2Trend,UNISIM_IV,Seq2Trend,0.06722222222222222,0.07333333333333333,0.2811111111111111
UNISIM_IV_P11_Seq2Trend_trial_100,P11,e16a0b0e7373aa15fd2af624ea10f468,100,10.324066868742715,2.281971648360936,Seq2Trend,Normal,False,0.5,300,300,200,20,8,0.005,0.6,0.1,median,True,"[0.25, 0.5, 0.75]",False,P50,,False,42,1,arps,6,,default_group,UNISIM_IV_P11_Seq2Trend,UNISIM_IV,Seq2Trend,0.8083333333333333,0.8066666666666666,3.23
UNISIM_IV_P11_Seq2Trend_trial_122,P11,9098e4cd9fa17a03b655baff665ff5c0,122,4.842522792259423,0.2526717920489205,Seq2Trend,Normal,False,0.99,300,300,20,20,16,0.005,0.6,0.1,median,True,"[0.25, 0.5, 0.75]",False,P50,,False,42,1,arps,3,,default_group,UNISIM_IV_P11_Seq2Trend,UNISIM_IV,Seq2Trend,0.16916666666666666,0.06416666666666666,0.4666666666666667
UNISIM_IV_P11_Seq2Trend_trial_7,P11,2d5f66d385653c4097046473e087abf0,7,5.2200572003357655,0.2194730579007039,Seq2Trend,Normal,False,0.01,300,300,200,20,8,0.01,0.6,0.1,median,True,"[0.25, 0.5, 0.75]",False,P50,,False,42,1,pressure_ensemble,7,,default_group,UNISIM_IV_P11_Seq2Trend,UNISIM_IV,Seq2Trend,0.13944444444444445,0.245,0.768888888888889
UNISIM_IV_P11_Seq2Trend_trial_48,P11,cf7c98a23f5fd97c7ec4e39a5e147785,48,5.038964639068202,0.1132772905546866,Seq2Trend,Normal,False,0.01,300,300,20,20,16,0.05,0.6,0.1,median,True,"[0.25, 0.5, 0.75]",False,P50,,False,42,1,pressure_ensemble,3,,default_group,UNISIM_IV_P11_Seq2Trend,UNISIM_IV,Seq2Trend,0.06388888888888888,0.14166666666666666,0.4111111111111111
UNISIM_IV_P11_Seq2Trend_trial_8,P11,5d04260d11e15dd92a1cfb2115b437aa,8,5.644388597642805,0.4837706618902299,Seq2Trend,Normal,False,0.25,300,300,100,20,16,0.01,0.6,0.1,median,True,"[0.25, 0.5, 0.75]",False,P50,,False,42,1,static,4,,default_group,UNISIM_IV_P11_Seq2Trend,UNISIM_IV,Seq2Trend,0.37777777777777777,0.295,1.3455555555555554
UNISIM_IV_P11_Seq2Trend_trial_6,P11,dfe61a955db501e3420588f3ab0d74b6,6,16.3447975594872,4.453788655054459,Seq2Trend,Normal,False,0.99,300,300,200,20,16,0.05,0.6,0.1,median,True,"[0.25, 0.5, 0.75]",False,P50,,False,42,1,static,6,,default_group,UNISIM_IV_P11_Seq2Trend,UNISIM_IV,Seq2Trend,0.9333333333333333,0.8788888888888889,3.6244444444444444
UNISIM_IV_P11_Seq2Trend_trial_61,P11,80408a56ece9e888d3bf7c648d0462c5,61,4.931308273622855,0.1224713566571748,Seq2Trend,Normal,False,0.01,300,300,50,20,16,0.01,0.6,0.1,median,True,"[0.25, 0.5, 0.75]",False,P50,,False,42,1,static,2,,default_group,UNISIM_IV_P11_Seq2Trend,UNISIM_IV,Seq2Trend,0.0661111111111111,0.07166666666666667,0.27555555555555555
UNISIM_IV_P11_Seq2Trend_trial_86,P11,c4c84d997f8cae0b803c17b2bc63e1ea,86,5.368613581008213,0.1400677530673049,Seq2Trend,Normal,False,0.01,300,300,100,20,16,0.05,0.6,0.1,median,True,"[0.25, 0.5, 0.75]",False,P50,,False,42,1,pressure_ensemble,5,,default_group,UNISIM_IV_P11_Seq2Trend,UNISIM_IV,Seq2Trend,0.07388888888888889,0.2683333333333333,0.6844444444444444
UNISIM_IV_P11_Seq2Trend_trial_17,P11,db9695e1572f1259a4a8373c477b2703,17,16.307817163264847,4.279143630647002,Seq2Trend,Normal,False,0.99,300,300,20,20,8,0.05,0.6,0.1,median,True,"[0.25, 0.5, 0.75]",False,P50,,False,42,1,exponential,3,,default_group,UNISIM_IV_P11_Seq2Trend,UNISIM_IV,Seq2Trend,0.9272222222222222,0.8783333333333333,3.6111111111111107
UNISIM_IV_P11_Seq2Trend_trial_52,P11,db4c749b6b6af8c922094d7da7fa9306,52,12.634321321335891,3.041562573167352,Seq2Trend,Normal,False,0.99,300,300,20,20,8,0.05,0.6,0.1,median,True,"[0.25, 0.5, 0.75]",False,P50,,False,42,1,pressure_ensemble,7,,default_group,UNISIM_IV_P11_Seq2Trend,UNISIM_IV,Seq2Trend,0.8461111111111111,0.8305555555555556,3.3533333333333335
UNISIM_IV_P11_Seq2Trend_trial_58,P11,6513506cc1433b450726e873fcfd44a6,58,5.269110560197356,0.6398626778424745,Seq2Trend,Normal,False,0.25,300,300,50,20,16,0.005,0.6,0.1,median,True,"[0.25, 0.5, 0.75]",False,P50,,False,42,1,arps,4,,default_group,UNISIM_IV_P11_Seq2Trend,UNISIM_IV,Seq2Trend,0.44555555555555554,0.25,1.391111111111111
UNISIM_IV_P11_Seq2Trend_trial_14,P11,7d0ddb51db1adb5b0aea8bcf10649429,14,5.198443198588355,0.2532046789895267,Seq2Trend,Normal,False,0.5,300,300,50,20,16,0.01,0.6,0.1,median,True,"[0.25, 0.5, 0.75]",False,P50,,False,42,1,combined_exp_arps,3,,default_group,UNISIM_IV_P11_Seq2Trend,UNISIM_IV,Seq2Trend,0.17166666666666666,0.215,0.7733333333333333
UNISIM_IV_P11_Seq2Trend_trial_76,P11,af2ce0a9de69aa83992feddd0b7c98fe,76,4.899987751946918,0.1289317727097891,Seq2Trend,Normal,False,0.01,300,300,100,20,8,0.005,0.6,0.1,median,True,"[0.25, 0.5, 0.75]",False,P50,,False,42,1,exponential,3,,default_group,UNISIM_IV_P11_Seq2Trend,UNISIM_IV,Seq2Trend,0.06833333333333333,0.06777777777777778,0.27222222222222225
UNISIM_IV_P11_Seq2Trend_trial_35,P11,4552b3860f82ab2e832969d9a4fe80c8,35,9.18171986900306,1.9120432956456408,Seq2Trend,Normal,False,0.25,300,300,20,20,16,0.001,0.6,0.1,median,True,"[0.25, 0.5, 0.75]",False,P50,,False,42,1,pressure_ensemble,4,,default_group,UNISIM_IV_P11_Seq2Trend,UNISIM_IV,Seq2Trend,0.7872222222222223,0.7883333333333333,3.151111111111111
UNISIM_IV_P11_Seq2Trend_trial_123,P11,1088b0c79dfe365b0f024f4af8eb4995,123,11.040706775635083,2.5011466065781214,Seq2Trend,Normal,False,0.99,300,300,100,20,8,0.005,0.6,0.1,median,True,"[0.25, 0.5, 0.75]",False,P50,,False,42,1,static,7,,default_group,UNISIM_IV_P11_Seq2Trend,UNISIM_IV,Seq2Trend,0.8138888888888889,0.8116666666666666,3.2511111111111113
UNISIM_IV_P11_Seq2Trend_trial_82,P11,03352305b35054c75b41b648b08183e7,82,4.97137138143029,0.1153772021597302,Seq2Trend,Normal,False,0.01,300,300,200,20,16,0.001,0.6,0.1,median,True,"[0.25, 0.5, 0.75]",False,P50,,False,42,1,arps,5,,default_group,UNISIM_IV_P11_Seq2Trend,UNISIM_IV,Seq2Trend,0.06444444444444444,0.07611111111111112,0.2811111111111111
UNISIM_IV_P11_Seq2Trend_trial_16,P11,dbd6dbabaf6607e1141fb544e0e99a25,16,9.663187348942566,1.993665596258663,Seq2Trend,Normal,False,0.25,300,300,200,20,8,0.005,0.6,0.1,median,True,"[0.25, 0.5, 0.75]",False,P50,,False,42,1,pressure_ensemble,6,,default_group,UNISIM_IV_P11_Seq2Trend,UNISIM_IV,Seq2Trend,0.7933333333333333,0.7972222222222223,3.181111111111111
UNISIM_IV_P11_Seq2Trend_trial_62,P11,a4d195c348f2c209cbe8c2ae8b060de4,62,14.572658692387888,3.935363845649115,Seq2Trend,Normal,False,0.99,300,300,200,20,16,0.05,0.6,0.1,median,True,"[0.25, 0.5, 0.75]",False,P50,,False,42,1,arps,4,,default_group,UNISIM_IV_P11_Seq2Trend,UNISIM_IV,Seq2Trend,0.8886111111111111,0.8580555555555556,3.493333333333333
UNISIM_IV_P11_Seq2Trend_trial_148,P11,199418e901a04970a3f6652d9daf22b7,148,4.9217686020317855,0.4488550614934347,Seq2Trend,Normal,False,0.5,300,300,20,20,8,0.005,0.6,0.1,median,True,"[0.25, 0.5, 0.75]",False,P50,,False,42,1,static,6,,default_group,UNISIM_IV_P11_Seq2Trend,UNISIM_IV,Seq2Trend,0.3711111111111111,0.07055555555555555,0.8833333333333333
UNISIM_IV_P11_Seq2Trend_trial_69,P11,e90a7b83342c5934d090276813adf02a,69,28.64734241365529,6.820645251270276,Seq2Trend,Normal,False,0.01,300,300,100,20,8,0.05,0.6,0.1,median,True,"[0.25, 0.5, 0.75]",False,P50,,False,42,1,pressure_ensemble,5,,default_group,UNISIM_IV_P11_Seq2Trend,UNISIM_IV,Seq2Trend,0.9558333333333333,0.9547222222222222,3.821111111111111
UNISIM_IV_P11_Seq2Trend_trial_80,P11,f804ed14bb27bb2b28076077b79460b7,80,5.908540421292125,0.6343817937096253,Seq2Trend,Normal,False,0.99,300,300,50,20,8,0.005,0.6,0.1,median,True,"[0.25, 0.5, 0.75]",False,P50,,False,42,1,static,5,,default_group,UNISIM_IV_P11_Seq2Trend,UNISIM_IV,Seq2Trend,0.44166666666666665,0.4066666666666667,1.6966666666666668
UNISIM_IV_P11_Seq2Trend_trial_0,P11,11572cb6f5b542566301f802123b35d8,0,4.88650477510339,0.1631662334719777,Seq2Trend,Normal,False,0.01,300,300,20,20,8,0.01,0.6,0.1,median,True,"[0.25, 0.5, 0.75]",False,P50,,False,42,1,exponential,3,,default_group,UNISIM_IV_P11_Seq2Trend,UNISIM_IV,Seq2Trend,0.13277777777777777,0.0661111111111111,0.3977777777777778
UNISIM_IV_P11_Seq2Trend_trial_31,P11,1b60edd86999f81456e8ee210fbc6687,31,28.64734241365529,6.820645251270276,Seq2Trend,Normal,False,0.01,300,300,100,20,8,0.05,0.6,0.1,median,True,"[0.25, 0.5, 0.75]",False,P50,,False,42,1,pressure_ensemble,7,,default_group,UNISIM_IV_P11_Seq2Trend,UNISIM_IV,Seq2Trend,0.9558333333333333,0.9547222222222222,3.821111111111111
UNISIM_IV_P11_Seq2Trend_trial_44,P11,dd43d0151a0d58ff9a547eca1d0c332c,44,14.934913715265768,3.824502833186192,Seq2Trend,Normal,False,0.99,300,300,200,20,8,0.01,0.6,0.1,median,True,"[0.25, 0.5, 0.75]",False,P50,,False,42,1,arps,4,,default_group,UNISIM_IV_P11_Seq2Trend,UNISIM_IV,Seq2Trend,0.885,0.8616666666666667,3.493333333333333
UNISIM_IV_P11_Seq2Trend_trial_115,P11,b6ff7e4963d1108c1b14e8222a74f99b,115,5.017483470771493,0.4521370989266721,Seq2Trend,Normal,False,0.25,300,300,100,20,8,0.001,0.6,0.1,median,True,"[0.25, 0.5, 0.75]",False,P50,,False,42,1,static,7,,default_group,UNISIM_IV_P11_Seq2Trend,UNISIM_IV,Seq2Trend,0.37222222222222223,0.14,1.0244444444444445
UNISIM_IV_P11_Seq2Trend_trial_144,P11,d107050a00a4c941634dca27d61dbad8,144,10.034376152600144,2.1189665459946982,Seq2Trend,Normal,False,0.5,300,300,20,20,8,0.05,0.6,0.1,median,True,"[0.25, 0.5, 0.75]",False,P50,,False,42,1,combined_exp_arps,7,,default_group,UNISIM_IV_P11_Seq2Trend,UNISIM_IV,Seq2Trend,0.8016666666666666,0.8016666666666666,3.2066666666666666
UNISIM_IV_P11_Seq2Trend_trial_142,P11,645779de3bb62216e63deafed4a325e4,142,6.542135226888924,0.709281391819863,Seq2Trend,Normal,False,0.5,300,300,20,20,16,0.05,0.6,0.1,median,True,"[0.25, 0.5, 0.75]",False,P50,,False,42,1,combined_exp_arps,2,,default_group,UNISIM_IV_P11_Seq2Trend,UNISIM_IV,Seq2Trend,0.5516666666666666,0.6072222222222222,2.3177777777777777
UNISIM_IV_P11_Seq2Trend_trial_163,P11,15f063cd89bfda8c159dd8cfb9b34a5b,163,5.00678546882209,0.0714442464036029,Seq2Trend,Normal,False,0.01,300,300,20,20,8,0.001,0.6,0.1,median,True,"[0.25, 0.5, 0.75]",False,P50,,False,42,1,static,2,,default_group,UNISIM_IV_P11_Seq2Trend,UNISIM_IV,Seq2Trend,0.030833333333333334,0.11194444444444444,0.28555555555555556
UNISIM_IV_P11_Seq2Trend_trial_195,P11,d3853e3153a8d393ead4ac9dbeaa28df,195,5.00678546882209,0.0714442464036029,Seq2Trend,Normal,False,0.01,300,300,20,20,8,0.001,0.6,0.1,median,True,"[0.25, 0.5, 0.75]",False,P50,,False,42,1,static,2,,default_group,UNISIM_IV_P11_Seq2Trend,UNISIM_IV,Seq2Trend,0.030833333333333334,0.11194444444444444,0.28555555555555556
UNISIM_IV_P11_Seq2Trend_trial_236,P11,74366138e54a1c7e9245a224f18d212b,236,5.00678546882209,0.0714442464036029,Seq2Trend,Normal,False,0.01,300,300,20,20,8,0.001,0.6,0.1,median,True,"[0.25, 0.5, 0.75]",False,P50,,False,42,1,static,2,,default_group,UNISIM_IV_P11_Seq2Trend,UNISIM_IV,Seq2Trend,0.030833333333333334,0.11194444444444444,0.28555555555555556
UNISIM_IV_P11_Seq2Trend_trial_175,P11,6f97a61cf7c5e573b4f2a9f9f60b6cb1,175,5.00678546882209,0.0714442464036029,Seq2Trend,Normal,False,0.01,300,300,20,20,8,0.001,0.6,0.1,median,True,"[0.25, 0.5, 0.75]",False,P50,,False,42,1,static,2,,default_group,UNISIM_IV_P11_Seq2Trend,UNISIM_IV,Seq2Trend,0.030833333333333334,0.11194444444444444,0.28555555555555556
UNISIM_IV_P11_Seq2Trend_trial_247,P11,a61662f61d677681d3502c366b1c6284,247,5.00678546882209,0.0714442464036029,Seq2Trend,Normal,False,0.01,300,300,20,20,8,0.001,0.6,0.1,median,True,"[0.25, 0.5, 0.75]",False,P50,,False,42,1,static,2,,default_group,UNISIM_IV_P11_Seq2Trend,UNISIM_IV,Seq2Trend,0.030833333333333334,0.11194444444444444,0.28555555555555556
UNISIM_IV_P11_Seq2Trend_trial_200,P11,c451e9b0b0cbedf3b574ecfc5c333d0f,200,5.00678546882209,0.0714442464036029,Seq2Trend,Normal,False,0.01,300,300,20,20,8,0.001,0.6,0.1,median,True,"[0.25, 0.5, 0.75]",False,P50,,False,42,1,static,2,,default_group,UNISIM_IV_P11_Seq2Trend,UNISIM_IV,Seq2Trend,0.030833333333333334,0.11194444444444444,0.28555555555555556
UNISIM_IV_P11_Seq2Trend_trial_229,P11,e3588617e7a4afaf598fe5659eed978b,229,5.00678546882209,0.0714442464036029,Seq2Trend,Normal,False,0.01,300,300,20,20,8,0.001,0.6,0.1,median,True,"[0.25, 0.5, 0.75]",False,P50,,False,42,1,static,2,,default_group,UNISIM_IV_P11_Seq2Trend,UNISIM_IV,Seq2Trend,0.030833333333333334,0.11194444444444444,0.28555555555555556
UNISIM_IV_P11_Seq2Trend_trial_168,P11,e09b5bcb5874a6410135a96dc599aff6,168,5.00678546882209,0.0714442464036029,Seq2Trend,Normal,False,0.01,300,300,20,20,8,0.001,0.6,0.1,median,True,"[0.25, 0.5, 0.75]",False,P50,,False,42,1,static,2,,default_group,UNISIM_IV_P11_Seq2Trend,UNISIM_IV,Seq2Trend,0.030833333333333334,0.11194444444444444,0.28555555555555556
UNISIM_IV_P11_Seq2Trend_trial_218,P11,8c390925c5d96454422d14dc17491d76,218,5.00678546882209,0.0714442464036029,Seq2Trend,Normal,False,0.01,300,300,20,20,8,0.001,0.6,0.1,median,True,"[0.25, 0.5, 0.75]",False,P50,,False,42,1,static,2,,default_group,UNISIM_IV_P11_Seq2Trend,UNISIM_IV,Seq2Trend,0.030833333333333334,0.11194444444444444,0.28555555555555556
UNISIM_IV_P11_Seq2Trend_trial_183,P11,aa6297c5fc4b9f44754f43ca9c18cf1c,183,5.00678546882209,0.0714442464036029,Seq2Trend,Normal,False,0.01,300,300,20,20,8,0.001,0.6,0.1,median,True,"[0.25, 0.5, 0.75]",False,P50,,False,42,1,static,2,,default_group,UNISIM_IV_P11_Seq2Trend,UNISIM_IV,Seq2Trend,0.030833333333333334,0.11194444444444444,0.28555555555555556
UNISIM_IV_P11_Seq2Trend_trial_225,P11,7d4cb29d254441fd54cc9fe8cd374de7,225,5.00678546882209,0.0714442464036029,Seq2Trend,Normal,False,0.01,300,300,20,20,8,0.001,0.6,0.1,median,True,"[0.25, 0.5, 0.75]",False,P50,,False,42,1,static,2,,default_group,UNISIM_IV_P11_Seq2Trend,UNISIM_IV,Seq2Trend,0.030833333333333334,0.11194444444444444,0.28555555555555556
UNISIM_IV_P11_Seq2Trend_trial_177,P11,299e5e4567e1bde4b651b8b4537ba0d9,177,5.00678546882209,0.0714442464036029,Seq2Trend,Normal,False,0.01,300,300,20,20,8,0.001,0.6,0.1,median,True,"[0.25, 0.5, 0.75]",False,P50,,False,42,1,static,2,,default_group,UNISIM_IV_P11_Seq2Trend,UNISIM_IV,Seq2Trend,0.030833333333333334,0.11194444444444444,0.28555555555555556
UNISIM_IV_P11_Seq2Trend_trial_173,P11,fed3b1641535116869dffcf35ef9954b,173,5.00678546882209,0.0714442464036029,Seq2Trend,Normal,False,0.01,300,300,20,20,8,0.001,0.6,0.1,median,True,"[0.25, 0.5, 0.75]",False,P50,,False,42,1,static,2,,default_group,UNISIM_IV_P11_Seq2Trend,UNISIM_IV,Seq2Trend,0.030833333333333334,0.11194444444444444,0.28555555555555556
UNISIM_IV_P11_Seq2Trend_trial_184,P11,56de261a67fd995d9e5e956d55be3686,184,5.00678546882209,0.0714442464036029,Seq2Trend,Normal,False,0.01,300,300,20,20,8,0.001,0.6,0.1,median,True,"[0.25, 0.5, 0.75]",False,P50,,False,42,1,static,2,,default_group,UNISIM_IV_P11_Seq2Trend,UNISIM_IV,Seq2Trend,0.030833333333333334,0.11194444444444444,0.28555555555555556
UNISIM_IV_P11_Seq2Trend_trial_190,P11,869cff5dd92b80594f30d3b42e486b86,190,5.00678546882209,0.0714442464036029,Seq2Trend,Normal,False,0.01,300,300,20,20,8,0.001,0.6,0.1,median,True,"[0.25, 0.5, 0.75]",False,P50,,False,42,1,static,2,,default_group,UNISIM_IV_P11_Seq2Trend,UNISIM_IV,Seq2Trend,0.030833333333333334,0.11194444444444444,0.28555555555555556
UNISIM_IV_P11_Seq2Trend_trial_235,P11,c257b308553d7ca99c1a8b2c41962831,235,5.00678546882209,0.0714442464036029,Seq2Trend,Normal,False,0.01,300,300,20,20,8,0.001,0.6,0.1,median,True,"[0.25, 0.5, 0.75]",False,P50,,False,42,1,static,2,,default_group,UNISIM_IV_P11_Seq2Trend,UNISIM_IV,Seq2Trend,0.030833333333333334,0.11194444444444444,0.28555555555555556
UNISIM_IV_P11_Seq2Trend_trial_206,P11,42491c1fbeb853959efd4273a3c79ef2,206,5.00678546882209,0.0714442464036029,Seq2Trend,Normal,False,0.01,300,300,20,20,8,0.001,0.6,0.1,median,True,"[0.25, 0.5, 0.75]",False,P50,,False,42,1,static,2,,default_group,UNISIM_IV_P11_Seq2Trend,UNISIM_IV,Seq2Trend,0.030833333333333334,0.11194444444444444,0.28555555555555556
UNISIM_IV_P11_Seq2Trend_trial_166,P11,e5b1d1954206b98bf541611f2829f142,166,5.00678546882209,0.0714442464036029,Seq2Trend,Normal,False,0.01,300,300,20,20,8,0.001,0.6,0.1,median,True,"[0.25, 0.5, 0.75]",False,P50,,False,42,1,static,2,,default_group,UNISIM_IV_P11_Seq2Trend,UNISIM_IV,Seq2Trend,0.030833333333333334,0.11194444444444444,0.28555555555555556
UNISIM_IV_P11_Seq2Trend_trial_165,P11,1bbcaa060d124870e1503d214cd9258b,165,5.00678546882209,0.0714442464036029,Seq2Trend,Normal,False,0.01,300,300,20,20,8,0.001,0.6,0.1,median,True,"[0.25, 0.5, 0.75]",False,P50,,False,42,1,static,2,,default_group,UNISIM_IV_P11_Seq2Trend,UNISIM_IV,Seq2Trend,0.030833333333333334,0.11194444444444444,0.28555555555555556
UNISIM_IV_P11_Seq2Trend_trial_181,P11,d34b44f33f8479ba2a1a8c2406f55f14,181,5.00678546882209,0.0714442464036029,Seq2Trend,Normal,False,0.01,300,300,20,20,8,0.001,0.6,0.1,median,True,"[0.25, 0.5, 0.75]",False,P50,,False,42,1,static,2,,default_group,UNISIM_IV_P11_Seq2Trend,UNISIM_IV,Seq2Trend,0.030833333333333334,0.11194444444444444,0.28555555555555556
UNISIM_IV_P11_Seq2Trend_trial_153,P11,44638855decb17756ef14c693944fc34,153,5.00678546882209,0.0714442464036029,Seq2Trend,Normal,False,0.01,300,300,20,20,8,0.001,0.6,0.1,median,True,"[0.25, 0.5, 0.75]",False,P50,,False,42,1,static,2,,default_group,UNISIM_IV_P11_Seq2Trend,UNISIM_IV,Seq2Trend,0.030833333333333334,0.11194444444444444,0.28555555555555556
UNISIM_IV_P11_Seq2Trend_trial_232,P11,cabe6117997c1b0906b7f764777b3160,232,5.00678546882209,0.0714442464036029,Seq2Trend,Normal,False,0.01,300,300,20,20,8,0.001,0.6,0.1,median,True,"[0.25, 0.5, 0.75]",False,P50,,False,42,1,static,2,,default_group,UNISIM_IV_P11_Seq2Trend,UNISIM_IV,Seq2Trend,0.030833333333333334,0.11194444444444444,0.28555555555555556
UNISIM_IV_P11_Seq2Trend_trial_161,P11,aeebb7fa3b02c9c0344df894e84b2954,161,5.00678546882209,0.0714442464036029,Seq2Trend,Normal,False,0.01,300,300,20,20,8,0.001,0.6,0.1,median,True,"[0.25, 0.5, 0.75]",False,P50,,False,42,1,static,2,,default_group,UNISIM_IV_P11_Seq2Trend,UNISIM_IV,Seq2Trend,0.030833333333333334,0.11194444444444444,0.28555555555555556
UNISIM_IV_P11_Seq2Trend_trial_170,P11,4edbdbc6013a5af4280cdf3f66e85ec8,170,5.00678546882209,0.0714442464036029,Seq2Trend,Normal,False,0.01,300,300,20,20,8,0.001,0.6,0.1,median,True,"[0.25, 0.5, 0.75]",False,P50,,False,42,1,static,2,,default_group,UNISIM_IV_P11_Seq2Trend,UNISIM_IV,Seq2Trend,0.030833333333333334,0.11194444444444444,0.28555555555555556
UNISIM_IV_P11_Seq2Trend_trial_196,P11,7b25c786546775afcef102de954ae29d,196,5.00678546882209,0.0714442464036029,Seq2Trend,Normal,False,0.01,300,300,20,20,8,0.001,0.6,0.1,median,True,"[0.25, 0.5, 0.75]",False,P50,,False,42,1,static,2,,default_group,UNISIM_IV_P11_Seq2Trend,UNISIM_IV,Seq2Trend,0.030833333333333334,0.11194444444444444,0.28555555555555556
UNISIM_IV_P11_Seq2Trend_trial_164,P11,bdfe89c794461b8078f2fc649bdbc2ba,164,5.00678546882209,0.0714442464036029,Seq2Trend,Normal,False,0.01,300,300,20,20,8,0.001,0.6,0.1,median,True,"[0.25, 0.5, 0.75]",False,P50,,False,42,1,static,2,,default_group,UNISIM_IV_P11_Seq2Trend,UNISIM_IV,Seq2Trend,0.030833333333333334,0.11194444444444444,0.28555555555555556
UNISIM_IV_P11_Seq2Trend_trial_230,P11,17190c7b3dc27c7ea8bb124ddd264e66,230,5.00678546882209,0.0714442464036029,Seq2Trend,Normal,False,0.01,300,300,20,20,8,0.001,0.6,0.1,median,True,"[0.25, 0.5, 0.75]",False,P50,,False,42,1,static,2,,default_group,UNISIM_IV_P11_Seq2Trend,UNISIM_IV,Seq2Trend,0.030833333333333334,0.11194444444444444,0.28555555555555556
UNISIM_IV_P11_Seq2Trend_trial_246,P11,2849e0e9fc1a314a3bb8dec9ecc135d9,246,5.00678546882209,0.0714442464036029,Seq2Trend,Normal,False,0.01,300,300,20,20,8,0.001,0.6,0.1,median,True,"[0.25, 0.5, 0.75]",False,P50,,False,42,1,static,2,,default_group,UNISIM_IV_P11_Seq2Trend,UNISIM_IV,Seq2Trend,0.030833333333333334,0.11194444444444444,0.28555555555555556
UNISIM_IV_P11_Seq2Trend_trial_174,P11,e4cb733451519ee4696dae84456c9462,174,5.00678546882209,0.0714442464036029,Seq2Trend,Normal,False,0.01,300,300,20,20,8,0.001,0.6,0.1,median,True,"[0.25, 0.5, 0.75]",False,P50,,False,42,1,static,2,,default_group,UNISIM_IV_P11_Seq2Trend,UNISIM_IV,Seq2Trend,0.030833333333333334,0.11194444444444444,0.28555555555555556
UNISIM_IV_P11_Seq2Trend_trial_192,P11,6ab4a05d0afa63604ffb298fd669b284,192,5.00678546882209,0.0714442464036029,Seq2Trend,Normal,False,0.01,300,300,20,20,8,0.001,0.6,0.1,median,True,"[0.25, 0.5, 0.75]",False,P50,,False,42,1,static,2,,default_group,UNISIM_IV_P11_Seq2Trend,UNISIM_IV,Seq2Trend,0.030833333333333334,0.11194444444444444,0.28555555555555556
UNISIM_IV_P11_Seq2Trend_trial_240,P11,07ff4ea7e4a320afc4f266c9db04cce5,240,5.00678546882209,0.0714442464036029,Seq2Trend,Normal,False,0.01,300,300,20,20,8,0.001,0.6,0.1,median,True,"[0.25, 0.5, 0.75]",False,P50,,False,42,1,static,2,,default_group,UNISIM_IV_P11_Seq2Trend,UNISIM_IV,Seq2Trend,0.030833333333333334,0.11194444444444444,0.28555555555555556
UNISIM_IV_P11_Seq2Trend_trial_241,P11,489a2a60d8a995e2a6691df759b43e2f,241,5.00678546882209,0.0714442464036029,Seq2Trend,Normal,False,0.01,300,300,20,20,8,0.001,0.6,0.1,median,True,"[0.25, 0.5, 0.75]",False,P50,,False,42,1,static,2,,default_group,UNISIM_IV_P11_Seq2Trend,UNISIM_IV,Seq2Trend,0.030833333333333334,0.11194444444444444,0.28555555555555556
UNISIM_IV_P11_Seq2Trend_trial_152,P11,e3424268e3e5f6308620a6d1650678e0,152,5.00678546882209,0.0714442464036029,Seq2Trend,Normal,False,0.01,300,300,20,20,8,0.001,0.6,0.1,median,True,"[0.25, 0.5, 0.75]",False,P50,,False,42,1,static,2,,default_group,UNISIM_IV_P11_Seq2Trend,UNISIM_IV,Seq2Trend,0.030833333333333334,0.11194444444444444,0.28555555555555556
UNISIM_IV_P11_Seq2Trend_trial_187,P11,913eb9478e3aa0a6e7626b302a21ae07,187,5.00678546882209,0.0714442464036029,Seq2Trend,Normal,False,0.01,300,300,20,20,8,0.001,0.6,0.1,median,True,"[0.25, 0.5, 0.75]",False,P50,,False,42,1,static,2,,default_group,UNISIM_IV_P11_Seq2Trend,UNISIM_IV,Seq2Trend,0.030833333333333334,0.11194444444444444,0.28555555555555556
UNISIM_IV_P11_Seq2Trend_trial_188,P11,bd9b8610b28fcac4b785fc367040fff6,188,5.00678546882209,0.0714442464036029,Seq2Trend,Normal,False,0.01,300,300,20,20,8,0.001,0.6,0.1,median,True,"[0.25, 0.5, 0.75]",False,P50,,False,42,1,static,2,,default_group,UNISIM_IV_P11_Seq2Trend,UNISIM_IV,Seq2Trend,0.030833333333333334,0.11194444444444444,0.28555555555555556
UNISIM_IV_P11_Seq2Trend_trial_193,P11,327b4de6ebaea5c828f762b23c6d2179,193,5.00678546882209,0.0714442464036029,Seq2Trend,Normal,False,0.01,300,300,20,20,8,0.001,0.6,0.1,median,True,"[0.25, 0.5, 0.75]",False,P50,,False,42,1,static,2,,default_group,UNISIM_IV_P11_Seq2Trend,UNISIM_IV,Seq2Trend,0.030833333333333334,0.11194444444444444,0.28555555555555556
UNISIM_IV_P11_Seq2Trend_trial_185,P11,60303df6797e0e39a448714b2e5b13ec,185,5.00678546882209,0.0714442464036029,Seq2Trend,Normal,False,0.01,300,300,20,20,8,0.001,0.6,0.1,median,True,"[0.25, 0.5, 0.75]",False,P50,,False,42,1,static,2,,default_group,UNISIM_IV_P11_Seq2Trend,UNISIM_IV,Seq2Trend,0.030833333333333334,0.11194444444444444,0.28555555555555556
UNISIM_IV_P11_Seq2Trend_trial_159,P11,e9f5d000ccc1ee98bf30912e1511d02c,159,5.00678546882209,0.0714442464036029,Seq2Trend,Normal,False,0.01,300,300,20,20,8,0.001,0.6,0.1,median,True,"[0.25, 0.5, 0.75]",False,P50,,False,42,1,static,2,,default_group,UNISIM_IV_P11_Seq2Trend,UNISIM_IV,Seq2Trend,0.030833333333333334,0.11194444444444444,0.28555555555555556
UNISIM_IV_P11_Seq2Trend_trial_248,P11,a6d3ad3216ae494300628f6062ffe039,248,5.00678546882209,0.0714442464036029,Seq2Trend,Normal,False,0.01,300,300,20,20,8,0.001,0.6,0.1,median,True,"[0.25, 0.5, 0.75]",False,P50,,False,42,1,static,2,,default_group,UNISIM_IV_P11_Seq2Trend,UNISIM_IV,Seq2Trend,0.030833333333333334,0.11194444444444444,0.28555555555555556
UNISIM_IV_P11_Seq2Trend_trial_155,P11,4905986a8c0c26a9003290b70c92885d,155,5.00678546882209,0.0714442464036029,Seq2Trend,Normal,False,0.01,300,300,20,20,8,0.001,0.6,0.1,median,True,"[0.25, 0.5, 0.75]",False,P50,,False,42,1,static,2,,default_group,UNISIM_IV_P11_Seq2Trend,UNISIM_IV,Seq2Trend,0.030833333333333334,0.11194444444444444,0.28555555555555556
UNISIM_IV_P11_Seq2Trend_trial_199,P11,81ba3d067588ff65de8de2d2eeb8ce65,199,5.00678546882209,0.0714442464036029,Seq2Trend,Normal,False,0.01,300,300,20,20,8,0.001,0.6,0.1,median,True,"[0.25, 0.5, 0.75]",False,P50,,False,42,1,static,2,,default_group,UNISIM_IV_P11_Seq2Trend,UNISIM_IV,Seq2Trend,0.030833333333333334,0.11194444444444444,0.28555555555555556
UNISIM_IV_P11_Seq2Trend_trial_182,P11,d9685d8762d30c348334ea59608e3965,182,5.00678546882209,0.0714442464036029,Seq2Trend,Normal,False,0.01,300,300,20,20,8,0.001,0.6,0.1,median,True,"[0.25, 0.5, 0.75]",False,P50,,False,42,1,static,2,,default_group,UNISIM_IV_P11_Seq2Trend,UNISIM_IV,Seq2Trend,0.030833333333333334,0.11194444444444444,0.28555555555555556
UNISIM_IV_P11_Seq2Trend_trial_212,P11,7f5c43c537ab57bed55aee413fabfb03,212,5.00678546882209,0.0714442464036029,Seq2Trend,Normal,False,0.01,300,300,20,20,8,0.001,0.6,0.1,median,True,"[0.25, 0.5, 0.75]",False,P50,,False,42,1,static,2,,default_group,UNISIM_IV_P11_Seq2Trend,UNISIM_IV,Seq2Trend,0.030833333333333334,0.11194444444444444,0.28555555555555556
UNISIM_IV_P11_Seq2Trend_trial_220,P11,4315645a4fd4d6c84688a5e39391cdc7,220,5.00678546882209,0.0714442464036029,Seq2Trend,Normal,False,0.01,300,300,20,20,8,0.001,0.6,0.1,median,True,"[0.25, 0.5, 0.75]",False,P50,,False,42,1,static,2,,default_group,UNISIM_IV_P11_Seq2Trend,UNISIM_IV,Seq2Trend,0.030833333333333334,0.11194444444444444,0.28555555555555556
UNISIM_IV_P11_Seq2Trend_trial_228,P11,98ab274a644e7091a2e13dc5c6827f92,228,5.00678546882209,0.0714442464036029,Seq2Trend,Normal,False,0.01,300,300,20,20,8,0.001,0.6,0.1,median,True,"[0.25, 0.5, 0.75]",False,P50,,False,42,1,static,2,,default_group,UNISIM_IV_P11_Seq2Trend,UNISIM_IV,Seq2Trend,0.030833333333333334,0.11194444444444444,0.28555555555555556
UNISIM_IV_P11_Seq2Trend_trial_209,P11,09c6a04a2841ec45516ce421b6007e62,209,5.00678546882209,0.0714442464036029,Seq2Trend,Normal,False,0.01,300,300,20,20,8,0.001,0.6,0.1,median,True,"[0.25, 0.5, 0.75]",False,P50,,False,42,1,static,2,,default_group,UNISIM_IV_P11_Seq2Trend,UNISIM_IV,Seq2Trend,0.030833333333333334,0.11194444444444444,0.28555555555555556
UNISIM_IV_P11_Seq2Trend_trial_208,P11,31f9c40654ee16aa801c550cd4e8a305,208,5.00678546882209,0.0714442464036029,Seq2Trend,Normal,False,0.01,300,300,20,20,8,0.001,0.6,0.1,median,True,"[0.25, 0.5, 0.75]",False,P50,,False,42,1,static,2,,default_group,UNISIM_IV_P11_Seq2Trend,UNISIM_IV,Seq2Trend,0.030833333333333334,0.11194444444444444,0.28555555555555556
UNISIM_IV_P11_Seq2Trend_trial_158,P11,cfb04eed6761c4ab23db44585674c2cb,158,5.00678546882209,0.0714442464036029,Seq2Trend,Normal,False,0.01,300,300,20,20,8,0.001,0.6,0.1,median,True,"[0.25, 0.5, 0.75]",False,P50,,False,42,1,static,2,,default_group,UNISIM_IV_P11_Seq2Trend,UNISIM_IV,Seq2Trend,0.030833333333333334,0.11194444444444444,0.28555555555555556
UNISIM_IV_P11_Seq2Trend_trial_211,P11,9e3ffac30df78778e110246c3b18f6fe,211,5.00678546882209,0.0714442464036029,Seq2Trend,Normal,False,0.01,300,300,20,20,8,0.001,0.6,0.1,median,True,"[0.25, 0.5, 0.75]",False,P50,,False,42,1,static,2,,default_group,UNISIM_IV_P11_Seq2Trend,UNISIM_IV,Seq2Trend,0.030833333333333334,0.11194444444444444,0.28555555555555556
UNISIM_IV_P11_Seq2Trend_trial_197,P11,857a15be37ffef08a50fd48d16e1d5ca,197,5.00678546882209,0.0714442464036029,Seq2Trend,Normal,False,0.01,300,300,20,20,8,0.001,0.6,0.1,median,True,"[0.25, 0.5, 0.75]",False,P50,,False,42,1,static,2,,default_group,UNISIM_IV_P11_Seq2Trend,UNISIM_IV,Seq2Trend,0.030833333333333334,0.11194444444444444,0.28555555555555556
UNISIM_IV_P11_Seq2Trend_trial_176,P11,8bbd5ce2d72f889a2e0e5e348bcdd2db,176,5.00678546882209,0.0714442464036029,Seq2Trend,Normal,False,0.01,300,300,20,20,8,0.001,0.6,0.1,median,True,"[0.25, 0.5, 0.75]",False,P50,,False,42,1,static,2,,default_group,UNISIM_IV_P11_Seq2Trend,UNISIM_IV,Seq2Trend,0.030833333333333334,0.11194444444444444,0.28555555555555556
UNISIM_IV_P11_Seq2Trend_trial_216,P11,2b5dd472ee12a6b9adceb7c251f25893,216,5.00678546882209,0.0714442464036029,Seq2Trend,Normal,False,0.01,300,300,20,20,8,0.001,0.6,0.1,median,True,"[0.25, 0.5, 0.75]",False,P50,,False,42,1,static,2,,default_group,UNISIM_IV_P11_Seq2Trend,UNISIM_IV,Seq2Trend,0.030833333333333334,0.11194444444444444,0.28555555555555556
UNISIM_IV_P11_Seq2Trend_trial_222,P11,2e53d2970bc0ff8b47ef07b909110af0,222,5.00678546882209,0.0714442464036029,Seq2Trend,Normal,False,0.01,300,300,20,20,8,0.001,0.6,0.1,median,True,"[0.25, 0.5, 0.75]",False,P50,,False,42,1,static,2,,default_group,UNISIM_IV_P11_Seq2Trend,UNISIM_IV,Seq2Trend,0.030833333333333334,0.11194444444444444,0.28555555555555556
UNISIM_IV_P11_Seq2Trend_trial_244,P11,8219441f7c0ed7d5aef2467ac0cbe622,244,5.00678546882209,0.0714442464036029,Seq2Trend,Normal,False,0.01,300,300,20,20,8,0.001,0.6,0.1,median,True,"[0.25, 0.5, 0.75]",False,P50,,False,42,1,static,2,,default_group,UNISIM_IV_P11_Seq2Trend,UNISIM_IV,Seq2Trend,0.030833333333333334,0.11194444444444444,0.28555555555555556
UNISIM_IV_P11_Seq2Trend_trial_178,P11,55bc981d4d8bdba35e45f6fc3a7df85e,178,5.00678546882209,0.0714442464036029,Seq2Trend,Normal,False,0.01,300,300,20,20,8,0.001,0.6,0.1,median,True,"[0.25, 0.5, 0.75]",False,P50,,False,42,1,static,2,,default_group,UNISIM_IV_P11_Seq2Trend,UNISIM_IV,Seq2Trend,0.030833333333333334,0.11194444444444444,0.28555555555555556
UNISIM_IV_P11_Seq2Trend_trial_214,P11,a23ee5f961e55e6d94ea086addf8fd08,214,5.00678546882209,0.0714442464036029,Seq2Trend,Normal,False,0.01,300,300,20,20,8,0.001,0.6,0.1,median,True,"[0.25, 0.5, 0.75]",False,P50,,False,42,1,static,2,,default_group,UNISIM_IV_P11_Seq2Trend,UNISIM_IV,Seq2Trend,0.030833333333333334,0.11194444444444444,0.28555555555555556
UNISIM_IV_P11_Seq2Trend_trial_169,P11,993bf6c109534f53b014da3469755f6c,169,5.00678546882209,0.0714442464036029,Seq2Trend,Normal,False,0.01,300,300,20,20,8,0.001,0.6,0.1,median,True,"[0.25, 0.5, 0.75]",False,P50,,False,42,1,static,2,,default_group,UNISIM_IV_P11_Seq2Trend,UNISIM_IV,Seq2Trend,0.030833333333333334,0.11194444444444444,0.28555555555555556
UNISIM_IV_P11_Seq2Trend_trial_226,P11,4937596769c00b6d72d7e8abc277806c,226,5.00678546882209,0.0714442464036029,Seq2Trend,Normal,False,0.01,300,300,20,20,8,0.001,0.6,0.1,median,True,"[0.25, 0.5, 0.75]",False,P50,,False,42,1,static,2,,default_group,UNISIM_IV_P11_Seq2Trend,UNISIM_IV,Seq2Trend,0.030833333333333334,0.11194444444444444,0.28555555555555556
UNISIM_IV_P11_Seq2Trend_trial_157,P11,36d62a2d1cb0aa87756518a4a1798b9e,157,5.00678546882209,0.0714442464036029,Seq2Trend,Normal,False,0.01,300,300,20,20,8,0.001,0.6,0.1,median,True,"[0.25, 0.5, 0.75]",False,P50,,False,42,1,static,2,,default_group,UNISIM_IV_P11_Seq2Trend,UNISIM_IV,Seq2Trend,0.030833333333333334,0.11194444444444444,0.28555555555555556
UNISIM_IV_P11_Seq2Trend_trial_243,P11,0a56ca783da868bfe9cc9ccdaab1518c,243,5.00678546882209,0.0714442464036029,Seq2Trend,Normal,False,0.01,300,300,20,20,8,0.001,0.6,0.1,median,True,"[0.25, 0.5, 0.75]",False,P50,,False,42,1,static,2,,default_group,UNISIM_IV_P11_Seq2Trend,UNISIM_IV,Seq2Trend,0.030833333333333334,0.11194444444444444,0.28555555555555556
UNISIM_IV_P11_Seq2Trend_trial_217,P11,2cde815f758b99101ee436e26765b0f7,217,5.00678546882209,0.0714442464036029,Seq2Trend,Normal,False,0.01,300,300,20,20,8,0.001,0.6,0.1,median,True,"[0.25, 0.5, 0.75]",False,P50,,False,42,1,static,2,,default_group,UNISIM_IV_P11_Seq2Trend,UNISIM_IV,Seq2Trend,0.030833333333333334,0.11194444444444444,0.28555555555555556
UNISIM_IV_P11_Seq2Trend_trial_223,P11,45a38b6db47d2554973aaf80441c761b,223,5.00678546882209,0.0714442464036029,Seq2Trend,Normal,False,0.01,300,300,20,20,8,0.001,0.6,0.1,median,True,"[0.25, 0.5, 0.75]",False,P50,,False,42,1,static,2,,default_group,UNISIM_IV_P11_Seq2Trend,UNISIM_IV,Seq2Trend,0.030833333333333334,0.11194444444444444,0.28555555555555556
UNISIM_IV_P11_Seq2Trend_trial_219,P11,5aec1e34f1d53f6191b6bc2234dc972a,219,5.00678546882209,0.0714442464036029,Seq2Trend,Normal,False,0.01,300,300,20,20,8,0.001,0.6,0.1,median,True,"[0.25, 0.5, 0.75]",False,P50,,False,42,1,static,2,,default_group,UNISIM_IV_P11_Seq2Trend,UNISIM_IV,Seq2Trend,0.030833333333333334,0.11194444444444444,0.28555555555555556
UNISIM_IV_P11_Seq2Trend_trial_234,P11,d27523bafd7e624a401a0086c9fee3bf,234,5.00678546882209,0.0714442464036029,Seq2Trend,Normal,False,0.01,300,300,20,20,8,0.001,0.6,0.1,median,True,"[0.25, 0.5, 0.75]",False,P50,,False,42,1,static,2,,default_group,UNISIM_IV_P11_Seq2Trend,UNISIM_IV,Seq2Trend,0.030833333333333334,0.11194444444444444,0.28555555555555556
UNISIM_IV_P11_Seq2Trend_trial_189,P11,da79db141ae15b73c67d3a9c3611cedc,189,5.00678546882209,0.0714442464036029,Seq2Trend,Normal,False,0.01,300,300,20,20,8,0.001,0.6,0.1,median,True,"[0.25, 0.5, 0.75]",False,P50,,False,42,1,static,2,,default_group,UNISIM_IV_P11_Seq2Trend,UNISIM_IV,Seq2Trend,0.030833333333333334,0.11194444444444444,0.28555555555555556
UNISIM_IV_P11_Seq2Trend_trial_227,P11,0263656d3740c79870a8e63933bc9a7b,227,5.00678546882209,0.0714442464036029,Seq2Trend,Normal,False,0.01,300,300,20,20,8,0.001,0.6,0.1,median,True,"[0.25, 0.5, 0.75]",False,P50,,False,42,1,static,2,,default_group,UNISIM_IV_P11_Seq2Trend,UNISIM_IV,Seq2Trend,0.030833333333333334,0.11194444444444444,0.28555555555555556
UNISIM_IV_P11_Seq2Trend_trial_179,P11,decbfbf73e17c74203dc8e52ca0f2d64,179,5.00678546882209,0.0714442464036029,Seq2Trend,Normal,False,0.01,300,300,20,20,8,0.001,0.6,0.1,median,True,"[0.25, 0.5, 0.75]",False,P50,,False,42,1,static,2,,default_group,UNISIM_IV_P11_Seq2Trend,UNISIM_IV,Seq2Trend,0.030833333333333334,0.11194444444444444,0.28555555555555556
UNISIM_IV_P11_Seq2Trend_trial_167,P11,9cd69ecca9493c18ed54c7d17b62aa26,167,5.00678546882209,0.0714442464036029,Seq2Trend,Normal,False,0.01,300,300,20,20,8,0.001,0.6,0.1,median,True,"[0.25, 0.5, 0.75]",False,P50,,False,42,1,static,2,,default_group,UNISIM_IV_P11_Seq2Trend,UNISIM_IV,Seq2Trend,0.030833333333333334,0.11194444444444444,0.28555555555555556
UNISIM_IV_P11_Seq2Trend_trial_245,P11,207ccee319362e07bdce3ed7bae52b2d,245,5.00678546882209,0.0714442464036029,Seq2Trend,Normal,False,0.01,300,300,20,20,8,0.001,0.6,0.1,median,True,"[0.25, 0.5, 0.75]",False,P50,,False,42,1,static,2,,default_group,UNISIM_IV_P11_Seq2Trend,UNISIM_IV,Seq2Trend,0.030833333333333334,0.11194444444444444,0.28555555555555556
UNISIM_IV_P11_Seq2Trend_trial_237,P11,20770564ac976ef33bba29c584deec9c,237,5.00678546882209,0.0714442464036029,Seq2Trend,Normal,False,0.01,300,300,20,20,8,0.001,0.6,0.1,median,True,"[0.25, 0.5, 0.75]",False,P50,,False,42,1,static,2,,default_group,UNISIM_IV_P11_Seq2Trend,UNISIM_IV,Seq2Trend,0.030833333333333334,0.11194444444444444,0.28555555555555556
UNISIM_IV_P11_Seq2Trend_trial_201,P11,e021c85d0edd1561f537a0be538c814a,201,5.00678546882209,0.0714442464036029,Seq2Trend,Normal,False,0.01,300,300,20,20,8,0.001,0.6,0.1,median,True,"[0.25, 0.5, 0.75]",False,P50,,False,42,1,static,2,,default_group,UNISIM_IV_P11_Seq2Trend,UNISIM_IV,Seq2Trend,0.030833333333333334,0.11194444444444444,0.28555555555555556
UNISIM_IV_P11_Seq2Trend_trial_180,P11,061715966161fa60cc4fba1f114cb8b4,180,5.00678546882209,0.0714442464036029,Seq2Trend,Normal,False,0.01,300,300,20,20,8,0.001,0.6,0.1,median,True,"[0.25, 0.5, 0.75]",False,P50,,False,42,1,static,2,,default_group,UNISIM_IV_P11_Seq2Trend,UNISIM_IV,Seq2Trend,0.030833333333333334,0.11194444444444444,0.28555555555555556
UNISIM_IV_P11_Seq2Trend_trial_210,P11,df68c23ff63a9196d801f2c3ff921762,210,5.00678546882209,0.0714442464036029,Seq2Trend,Normal,False,0.01,300,300,20,20,8,0.001,0.6,0.1,median,True,"[0.25, 0.5, 0.75]",False,P50,,False,42,1,static,2,,default_group,UNISIM_IV_P11_Seq2Trend,UNISIM_IV,Seq2Trend,0.030833333333333334,0.11194444444444444,0.28555555555555556
UNISIM_IV_P11_Seq2Trend_trial_172,P11,91e891b7b1021f8f08b8375b3fc5f783,172,5.00678546882209,0.0714442464036029,Seq2Trend,Normal,False,0.01,300,300,20,20,8,0.001,0.6,0.1,median,True,"[0.25, 0.5, 0.75]",False,P50,,False,42,1,static,2,,default_group,UNISIM_IV_P11_Seq2Trend,UNISIM_IV,Seq2Trend,0.030833333333333334,0.11194444444444444,0.28555555555555556
UNISIM_IV_P11_Seq2Trend_trial_215,P11,cee7dab94eae6ec4fae013b22a393e8a,215,5.00678546882209,0.0714442464036029,Seq2Trend,Normal,False,0.01,300,300,20,20,8,0.001,0.6,0.1,median,True,"[0.25, 0.5, 0.75]",False,P50,,False,42,1,static,2,,default_group,UNISIM_IV_P11_Seq2Trend,UNISIM_IV,Seq2Trend,0.030833333333333334,0.11194444444444444,0.28555555555555556
UNISIM_IV_P11_Seq2Trend_trial_191,P11,8901b13b9d11f1247f56e4eb71ea9cb3,191,5.00678546882209,0.0714442464036029,Seq2Trend,Normal,False,0.01,300,300,20,20,8,0.001,0.6,0.1,median,True,"[0.25, 0.5, 0.75]",False,P50,,False,42,1,static,2,,default_group,UNISIM_IV_P11_Seq2Trend,UNISIM_IV,Seq2Trend,0.030833333333333334,0.11194444444444444,0.28555555555555556
UNISIM_IV_P11_Seq2Trend_trial_151,P11,16e2e1b028e566ab05172981d04ab440,151,5.00678546882209,0.0714442464036029,Seq2Trend,Normal,False,0.01,300,300,20,20,8,0.001,0.6,0.1,median,True,"[0.25, 0.5, 0.75]",False,P50,,False,42,1,static,2,,default_group,UNISIM_IV_P11_Seq2Trend,UNISIM_IV,Seq2Trend,0.030833333333333334,0.11194444444444444,0.28555555555555556
UNISIM_IV_P11_Seq2Trend_trial_202,P11,ff1226eb00f105d202cd91d2c9bfe9bd,202,5.00678546882209,0.0714442464036029,Seq2Trend,Normal,False,0.01,300,300,20,20,8,0.001,0.6,0.1,median,True,"[0.25, 0.5, 0.75]",False,P50,,False,42,1,static,2,,default_group,UNISIM_IV_P11_Seq2Trend,UNISIM_IV,Seq2Trend,0.030833333333333334,0.11194444444444444,0.28555555555555556
UNISIM_IV_P11_Seq2Trend_trial_156,P11,c72a2ac139f774cef876a898ebe03bfe,156,5.00678546882209,0.0714442464036029,Seq2Trend,Normal,False,0.01,300,300,20,20,8,0.001,0.6,0.1,median,True,"[0.25, 0.5, 0.75]",False,P50,,False,42,1,static,2,,default_group,UNISIM_IV_P11_Seq2Trend,UNISIM_IV,Seq2Trend,0.030833333333333334,0.11194444444444444,0.28555555555555556
UNISIM_IV_P11_Seq2Trend_trial_204,P11,d0ac44e583f418bb28e718eb8fba5d4d,204,5.00678546882209,0.0714442464036029,Seq2Trend,Normal,False,0.01,300,300,20,20,8,0.001,0.6,0.1,median,True,"[0.25, 0.5, 0.75]",False,P50,,False,42,1,static,2,,default_group,UNISIM_IV_P11_Seq2Trend,UNISIM_IV,Seq2Trend,0.030833333333333334,0.11194444444444444,0.28555555555555556
UNISIM_IV_P11_Seq2Trend_trial_233,P11,b767693991346dc9dd1d7ff84c89c4ce,233,5.00678546882209,0.0714442464036029,Seq2Trend,Normal,False,0.01,300,300,20,20,8,0.001,0.6,0.1,median,True,"[0.25, 0.5, 0.75]",False,P50,,False,42,1,static,2,,default_group,UNISIM_IV_P11_Seq2Trend,UNISIM_IV,Seq2Trend,0.030833333333333334,0.11194444444444444,0.28555555555555556
UNISIM_IV_P11_Seq2Trend_trial_205,P11,82a7f2eee404a272dfde35c336b58bb1,205,5.00678546882209,0.0714442464036029,Seq2Trend,Normal,False,0.01,300,300,20,20,8,0.001,0.6,0.1,median,True,"[0.25, 0.5, 0.75]",False,P50,,False,42,1,static,2,,default_group,UNISIM_IV_P11_Seq2Trend,UNISIM_IV,Seq2Trend,0.030833333333333334,0.11194444444444444,0.28555555555555556
UNISIM_IV_P11_Seq2Trend_trial_224,P11,5db74b30cac5969680eda53e8780f5f0,224,5.00678546882209,0.0714442464036029,Seq2Trend,Normal,False,0.01,300,300,20,20,8,0.001,0.6,0.1,median,True,"[0.25, 0.5, 0.75]",False,P50,,False,42,1,static,2,,default_group,UNISIM_IV_P11_Seq2Trend,UNISIM_IV,Seq2Trend,0.030833333333333334,0.11194444444444444,0.28555555555555556
UNISIM_IV_P11_Seq2Trend_trial_171,P11,7250228959082363e3ad43f687a510e0,171,5.00678546882209,0.0714442464036029,Seq2Trend,Normal,False,0.01,300,300,20,20,8,0.001,0.6,0.1,median,True,"[0.25, 0.5, 0.75]",False,P50,,False,42,1,static,2,,default_group,UNISIM_IV_P11_Seq2Trend,UNISIM_IV,Seq2Trend,0.030833333333333334,0.11194444444444444,0.28555555555555556
UNISIM_IV_P11_Seq2Trend_trial_213,P11,574e753734b113f5b378a11117bad160,213,5.00678546882209,0.0714442464036029,Seq2Trend,Normal,False,0.01,300,300,20,20,8,0.001,0.6,0.1,median,True,"[0.25, 0.5, 0.75]",False,P50,,False,42,1,static,2,,default_group,UNISIM_IV_P11_Seq2Trend,UNISIM_IV,Seq2Trend,0.030833333333333334,0.11194444444444444,0.28555555555555556
UNISIM_IV_P11_Seq2Trend_trial_160,P11,884fbbc44b562ca77ae75400249c9f5e,160,5.00678546882209,0.0714442464036029,Seq2Trend,Normal,False,0.01,300,300,20,20,8,0.001,0.6,0.1,median,True,"[0.25, 0.5, 0.75]",False,P50,,False,42,1,static,2,,default_group,UNISIM_IV_P11_Seq2Trend,UNISIM_IV,Seq2Trend,0.030833333333333334,0.11194444444444444,0.28555555555555556
UNISIM_IV_P11_Seq2Trend_trial_154,P11,d0c4afb4fd7863a24a30f4a938038433,154,5.00678546882209,0.0714442464036029,Seq2Trend,Normal,False,0.01,300,300,20,20,8,0.001,0.6,0.1,median,True,"[0.25, 0.5, 0.75]",False,P50,,False,42,1,static,2,,default_group,UNISIM_IV_P11_Seq2Trend,UNISIM_IV,Seq2Trend,0.030833333333333334,0.11194444444444444,0.28555555555555556
UNISIM_IV_P11_Seq2Trend_trial_194,P11,34ea85b2efb1982a09dda39fc828c2ff,194,5.00678546882209,0.0714442464036029,Seq2Trend,Normal,False,0.01,300,300,20,20,8,0.001,0.6,0.1,median,True,"[0.25, 0.5, 0.75]",False,P50,,False,42,1,static,2,,default_group,UNISIM_IV_P11_Seq2Trend,UNISIM_IV,Seq2Trend,0.030833333333333334,0.11194444444444444,0.28555555555555556
UNISIM_IV_P11_Seq2Trend_trial_203,P11,2a436977ce39c732b34d74ce81194585,203,5.00678546882209,0.0714442464036029,Seq2Trend,Normal,False,0.01,300,300,20,20,8,0.001,0.6,0.1,median,True,"[0.25, 0.5, 0.75]",False,P50,,False,42,1,static,2,,default_group,UNISIM_IV_P11_Seq2Trend,UNISIM_IV,Seq2Trend,0.030833333333333334,0.11194444444444444,0.28555555555555556
UNISIM_IV_P11_Seq2Trend_trial_239,P11,4b49a75cbf711ba3a03706d3d42a2add,239,5.00678546882209,0.0714442464036029,Seq2Trend,Normal,False,0.01,300,300,20,20,8,0.001,0.6,0.1,median,True,"[0.25, 0.5, 0.75]",False,P50,,False,42,1,static,2,,default_group,UNISIM_IV_P11_Seq2Trend,UNISIM_IV,Seq2Trend,0.030833333333333334,0.11194444444444444,0.28555555555555556
UNISIM_IV_P11_Seq2Trend_trial_207,P11,2ec2a50eb061e3aa893f0635328d50ab,207,5.00678546882209,0.0714442464036029,Seq2Trend,Normal,False,0.01,300,300,20,20,8,0.001,0.6,0.1,median,True,"[0.25, 0.5, 0.75]",False,P50,,False,42,1,static,2,,default_group,UNISIM_IV_P11_Seq2Trend,UNISIM_IV,Seq2Trend,0.030833333333333334,0.11194444444444444,0.28555555555555556
UNISIM_IV_P11_Seq2Trend_trial_238,P11,78541f0dd84be9a3267e3458eaa237b7,238,5.00678546882209,0.0714442464036029,Seq2Trend,Normal,False,0.01,300,300,20,20,8,0.001,0.6,0.1,median,True,"[0.25, 0.5, 0.75]",False,P50,,False,42,1,static,2,,default_group,UNISIM_IV_P11_Seq2Trend,UNISIM_IV,Seq2Trend,0.030833333333333334,0.11194444444444444,0.28555555555555556
UNISIM_IV_P11_Seq2Trend_trial_221,P11,27d196757a3ed037a0437d038645e081,221,5.00678546882209,0.0714442464036029,Seq2Trend,Normal,False,0.01,300,300,20,20,8,0.001,0.6,0.1,median,True,"[0.25, 0.5, 0.75]",False,P50,,False,42,1,static,2,,default_group,UNISIM_IV_P11_Seq2Trend,UNISIM_IV,Seq2Trend,0.030833333333333334,0.11194444444444444,0.28555555555555556
UNISIM_IV_P11_Seq2Trend_trial_198,P11,bb3266a3777466db9b5c2c4c82b3b8a5,198,5.00678546882209,0.0714442464036029,Seq2Trend,Normal,False,0.01,300,300,20,20,8,0.001,0.6,0.1,median,True,"[0.25, 0.5, 0.75]",False,P50,,False,42,1,static,2,,default_group,UNISIM_IV_P11_Seq2Trend,UNISIM_IV,Seq2Trend,0.030833333333333334,0.11194444444444444,0.28555555555555556
UNISIM_IV_P11_Seq2Trend_trial_162,P11,42931d304858d1504ff09cfc0fc2d7d4,162,5.00678546882209,0.0714442464036029,Seq2Trend,Normal,False,0.01,300,300,20,20,8,0.001,0.6,0.1,median,True,"[0.25, 0.5, 0.75]",False,P50,,False,42,1,static,2,,default_group,UNISIM_IV_P11_Seq2Trend,UNISIM_IV,Seq2Trend,0.030833333333333334,0.11194444444444444,0.28555555555555556
UNISIM_IV_P11_Seq2Trend_trial_231,P11,dc22e1451b4542b1da00f4fdca42e5fc,231,5.00678546882209,0.0714442464036029,Seq2Trend,Normal,False,0.01,300,300,20,20,8,0.001,0.6,0.1,median,True,"[0.25, 0.5, 0.75]",False,P50,,False,42,1,static,2,,default_group,UNISIM_IV_P11_Seq2Trend,UNISIM_IV,Seq2Trend,0.030833333333333334,0.11194444444444444,0.28555555555555556
UNISIM_IV_P11_Seq2Trend_trial_242,P11,81b830e8e5f4e095d4ad8028e4afae15,242,5.00678546882209,0.0714442464036029,Seq2Trend,Normal,False,0.01,300,300,20,20,8,0.001,0.6,0.1,median,True,"[0.25, 0.5, 0.75]",False,P50,,False,42,1,static,2,,default_group,UNISIM_IV_P11_Seq2Trend,UNISIM_IV,Seq2Trend,0.030833333333333334,0.11194444444444444,0.28555555555555556
UNISIM_IV_P11_Seq2Trend_trial_186,P11,c0499d7208512eabdce38c00fb9a0aca,186,5.00678546882209,0.0714442464036029,Seq2Trend,Normal,False,0.01,300,300,20,20,8,0.001,0.6,0.1,median,True,"[0.25, 0.5, 0.75]",False,P50,,False,42,1,static,2,,default_group,UNISIM_IV_P11_Seq2Trend,UNISIM_IV,Seq2Trend,0.030833333333333334,0.11194444444444444,0.28555555555555556
UNISIM_IV_P11_Seq2Trend_trial_249,P11,a1c5188c97e632ef50e242cd83f10878,249,5.00678546882209,0.0714442464036029,Seq2Trend,Normal,False,0.01,300,300,20,20,8,0.001,0.6,0.1,median,True,"[0.25, 0.5, 0.75]",False,P50,,False,42,1,static,2,,default_group,UNISIM_IV_P11_Seq2Trend,UNISIM_IV,Seq2Trend,0.030833333333333334,0.11194444444444444,0.28555555555555556
UNISIM_IV_P11_Seq2Trend_trial_150,P11,e31b4c948e1ec25ff8ac5891a851ddf4,150,5.00678546882209,0.0714442464036029,Seq2Trend,Normal,False,0.01,300,300,20,20,8,0.001,0.6,0.1,median,True,"[0.25, 0.5, 0.75]",False,P50,,False,42,1,static,2,,default_group,UNISIM_IV_P11_Seq2Trend,UNISIM_IV,Seq2Trend,0.030833333333333334,0.11194444444444444,0.28555555555555556
UNISIM_IV_P11_Seq2Trend_trial_261,P11,ac765c6af1d18090f8839189404c7bc3,261,6.888534174163759,1.0012801985775557,Seq2Trend,Normal,False,0.5,300,300,100,20,16,0.01,0.6,0.1,median,True,"[0.25, 0.5, 0.75]",False,P50,,False,42,1,arps,4,,default_group,UNISIM_IV_P11_Seq2Trend,UNISIM_IV,Seq2Trend,0.6955555555555556,0.6533333333333333,2.6977777777777776
UNISIM_IV_P11_Seq2Trend_trial_251,P11,1436066730df802668b51b5f3a5c0da3,251,6.888534174163759,1.0012801985775557,Seq2Trend,Normal,False,0.5,300,300,100,20,16,0.01,0.6,0.1,median,True,"[0.25, 0.5, 0.75]",False,P50,,False,42,1,arps,4,,default_group,UNISIM_IV_P11_Seq2Trend,UNISIM_IV,Seq2Trend,0.6955555555555556,0.6533333333333333,2.6977777777777776
UNISIM_IV_P11_Seq2Trend_trial_270,P11,4dc337308b52abb733b85a5f1888e1bc,270,6.888534174163759,1.0012801985775557,Seq2Trend,Normal,False,0.5,300,300,100,20,16,0.01,0.6,0.1,median,True,"[0.25, 0.5, 0.75]",False,P50,,False,42,1,arps,4,,default_group,UNISIM_IV_P11_Seq2Trend,UNISIM_IV,Seq2Trend,0.6955555555555556,0.6533333333333333,2.6977777777777776
UNISIM_IV_P11_Seq2Trend_trial_286,P11,74a9ffae7257d2426b16b5225cc7d74b,286,6.888534174163759,1.0012801985775557,Seq2Trend,Normal,False,0.5,300,300,100,20,16,0.01,0.6,0.1,median,True,"[0.25, 0.5, 0.75]",False,P50,,False,42,1,arps,4,,default_group,UNISIM_IV_P11_Seq2Trend,UNISIM_IV,Seq2Trend,0.6955555555555556,0.6533333333333333,2.6977777777777776
UNISIM_IV_P11_Seq2Trend_trial_285,P11,f7d927f5c35f265687a783645e6f28fd,285,6.888534174163759,1.0012801985775557,Seq2Trend,Normal,False,0.5,300,300,100,20,16,0.01,0.6,0.1,median,True,"[0.25, 0.5, 0.75]",False,P50,,False,42,1,arps,4,,default_group,UNISIM_IV_P11_Seq2Trend,UNISIM_IV,Seq2Trend,0.6955555555555556,0.6533333333333333,2.6977777777777776
UNISIM_IV_P11_Seq2Trend_trial_289,P11,36db5b6a8829651df8015800f08db6bf,289,6.888534174163759,1.0012801985775557,Seq2Trend,Normal,False,0.5,300,300,100,20,16,0.01,0.6,0.1,median,True,"[0.25, 0.5, 0.75]",False,P50,,False,42,1,arps,4,,default_group,UNISIM_IV_P11_Seq2Trend,UNISIM_IV,Seq2Trend,0.6955555555555556,0.6533333333333333,2.6977777777777776
UNISIM_IV_P11_Seq2Trend_trial_269,P11,ea21c1b9451cbee873b52c856121c3b3,269,6.888534174163759,1.0012801985775557,Seq2Trend,Normal,False,0.5,300,300,100,20,16,0.01,0.6,0.1,median,True,"[0.25, 0.5, 0.75]",False,P50,,False,42,1,arps,4,,default_group,UNISIM_IV_P11_Seq2Trend,UNISIM_IV,Seq2Trend,0.6955555555555556,0.6533333333333333,2.6977777777777776
UNISIM_IV_P11_Seq2Trend_trial_297,P11,6bb0b252990fea4d58e3d9920e86e0f4,297,6.888534174163759,1.0012801985775557,Seq2Trend,Normal,False,0.5,300,300,100,20,16,0.01,0.6,0.1,median,True,"[0.25, 0.5, 0.75]",False,P50,,False,42,1,arps,4,,default_group,UNISIM_IV_P11_Seq2Trend,UNISIM_IV,Seq2Trend,0.6955555555555556,0.6533333333333333,2.6977777777777776
UNISIM_IV_P11_Seq2Trend_trial_255,P11,d1ebc57a149d88812f9786710c15bbe9,255,6.888534174163759,1.0012801985775557,Seq2Trend,Normal,False,0.5,300,300,100,20,16,0.01,0.6,0.1,median,True,"[0.25, 0.5, 0.75]",False,P50,,False,42,1,arps,4,,default_group,UNISIM_IV_P11_Seq2Trend,UNISIM_IV,Seq2Trend,0.6955555555555556,0.6533333333333333,2.6977777777777776
UNISIM_IV_P11_Seq2Trend_trial_272,P11,90fd9c1fe97de1e6e4a314e3313fb34c,272,6.888534174163759,1.0012801985775557,Seq2Trend,Normal,False,0.5,300,300,100,20,16,0.01,0.6,0.1,median,True,"[0.25, 0.5, 0.75]",False,P50,,False,42,1,arps,4,,default_group,UNISIM_IV_P11_Seq2Trend,UNISIM_IV,Seq2Trend,0.6955555555555556,0.6533333333333333,2.6977777777777776
UNISIM_IV_P11_Seq2Trend_trial_288,P11,f7a4fd7aaaaa685cc66b39522ff9219c,288,6.888534174163759,1.0012801985775557,Seq2Trend,Normal,False,0.5,300,300,100,20,16,0.01,0.6,0.1,median,True,"[0.25, 0.5, 0.75]",False,P50,,False,42,1,arps,4,,default_group,UNISIM_IV_P11_Seq2Trend,UNISIM_IV,Seq2Trend,0.6955555555555556,0.6533333333333333,2.6977777777777776
UNISIM_IV_P11_Seq2Trend_trial_267,P11,95f5060fc45bfe0e3ed1cf2896f3b41d,267,6.888534174163759,1.0012801985775557,Seq2Trend,Normal,False,0.5,300,300,100,20,16,0.01,0.6,0.1,median,True,"[0.25, 0.5, 0.75]",False,P50,,False,42,1,arps,4,,default_group,UNISIM_IV_P11_Seq2Trend,UNISIM_IV,Seq2Trend,0.6955555555555556,0.6533333333333333,2.6977777777777776
UNISIM_IV_P11_Seq2Trend_trial_279,P11,0cbddd93702ecac2d361573d90a00ee6,279,6.888534174163759,1.0012801985775557,Seq2Trend,Normal,False,0.5,300,300,100,20,16,0.01,0.6,0.1,median,True,"[0.25, 0.5, 0.75]",False,P50,,False,42,1,arps,4,,default_group,UNISIM_IV_P11_Seq2Trend,UNISIM_IV,Seq2Trend,0.6955555555555556,0.6533333333333333,2.6977777777777776
UNISIM_IV_P11_Seq2Trend_trial_293,P11,d32477b33d0a54d470f103b2ac107620,293,6.888534174163759,1.0012801985775557,Seq2Trend,Normal,False,0.5,300,300,100,20,16,0.01,0.6,0.1,median,True,"[0.25, 0.5, 0.75]",False,P50,,False,42,1,arps,4,,default_group,UNISIM_IV_P11_Seq2Trend,UNISIM_IV,Seq2Trend,0.6955555555555556,0.6533333333333333,2.6977777777777776
UNISIM_IV_P11_Seq2Trend_trial_298,P11,b93102ff3cf8e8a7815cdb28334e8b50,298,6.888534174163759,1.0012801985775557,Seq2Trend,Normal,False,0.5,300,300,100,20,16,0.01,0.6,0.1,median,True,"[0.25, 0.5, 0.75]",False,P50,,False,42,1,arps,4,,default_group,UNISIM_IV_P11_Seq2Trend,UNISIM_IV,Seq2Trend,0.6955555555555556,0.6533333333333333,2.6977777777777776
UNISIM_IV_P11_Seq2Trend_trial_268,P11,585ab62a46fcfb243f156498f1d234c5,268,6.888534174163759,1.0012801985775557,Seq2Trend,Normal,False,0.5,300,300,100,20,16,0.01,0.6,0.1,median,True,"[0.25, 0.5, 0.75]",False,P50,,False,42,1,arps,4,,default_group,UNISIM_IV_P11_Seq2Trend,UNISIM_IV,Seq2Trend,0.6955555555555556,0.6533333333333333,2.6977777777777776
UNISIM_IV_P11_Seq2Trend_trial_264,P11,469300021902ee1721b9bf492e4c12b6,264,6.888534174163759,1.0012801985775557,Seq2Trend,Normal,False,0.5,300,300,100,20,16,0.01,0.6,0.1,median,True,"[0.25, 0.5, 0.75]",False,P50,,False,42,1,arps,4,,default_group,UNISIM_IV_P11_Seq2Trend,UNISIM_IV,Seq2Trend,0.6955555555555556,0.6533333333333333,2.6977777777777776
UNISIM_IV_P11_Seq2Trend_trial_258,P11,950bb660491b4c360155e57a30be0d54,258,6.888534174163759,1.0012801985775557,Seq2Trend,Normal,False,0.5,300,300,100,20,16,0.01,0.6,0.1,median,True,"[0.25, 0.5, 0.75]",False,P50,,False,42,1,arps,4,,default_group,UNISIM_IV_P11_Seq2Trend,UNISIM_IV,Seq2Trend,0.6955555555555556,0.6533333333333333,2.6977777777777776
UNISIM_IV_P11_Seq2Trend_trial_294,P11,ebdda85abe77be276e30cc86b5b65e9e,294,6.888534174163759,1.0012801985775557,Seq2Trend,Normal,False,0.5,300,300,100,20,16,0.01,0.6,0.1,median,True,"[0.25, 0.5, 0.75]",False,P50,,False,42,1,arps,4,,default_group,UNISIM_IV_P11_Seq2Trend,UNISIM_IV,Seq2Trend,0.6955555555555556,0.6533333333333333,2.6977777777777776
UNISIM_IV_P11_Seq2Trend_trial_290,P11,c5eacca16d075d81e2722d33d1c8f4e5,290,6.888534174163759,1.0012801985775557,Seq2Trend,Normal,False,0.5,300,300,100,20,16,0.01,0.6,0.1,median,True,"[0.25, 0.5, 0.75]",False,P50,,False,42,1,arps,4,,default_group,UNISIM_IV_P11_Seq2Trend,UNISIM_IV,Seq2Trend,0.6955555555555556,0.6533333333333333,2.6977777777777776
UNISIM_IV_P11_Seq2Trend_trial_266,P11,da8e38247d90abda14b30e3f7f61a77d,266,6.888534174163759,1.0012801985775557,Seq2Trend,Normal,False,0.5,300,300,100,20,16,0.01,0.6,0.1,median,True,"[0.25, 0.5, 0.75]",False,P50,,False,42,1,arps,4,,default_group,UNISIM_IV_P11_Seq2Trend,UNISIM_IV,Seq2Trend,0.6955555555555556,0.6533333333333333,2.6977777777777776
UNISIM_IV_P11_Seq2Trend_trial_273,P11,03ef4bc4fa430bd6411ae64785af8246,273,6.888534174163759,1.0012801985775557,Seq2Trend,Normal,False,0.5,300,300,100,20,16,0.01,0.6,0.1,median,True,"[0.25, 0.5, 0.75]",False,P50,,False,42,1,arps,4,,default_group,UNISIM_IV_P11_Seq2Trend,UNISIM_IV,Seq2Trend,0.6955555555555556,0.6533333333333333,2.6977777777777776
UNISIM_IV_P11_Seq2Trend_trial_254,P11,ee05f69c4fa7709eaef9ca292cbc9d8f,254,6.888534174163759,1.0012801985775557,Seq2Trend,Normal,False,0.5,300,300,100,20,16,0.01,0.6,0.1,median,True,"[0.25, 0.5, 0.75]",False,P50,,False,42,1,arps,4,,default_group,UNISIM_IV_P11_Seq2Trend,UNISIM_IV,Seq2Trend,0.6955555555555556,0.6533333333333333,2.6977777777777776
UNISIM_IV_P11_Seq2Trend_trial_265,P11,bebb8215836c304a78ff7434448766a6,265,5.707828602746839,0.5366852313902689,Seq2Trend,Normal,False,0.25,300,300,100,20,16,0.01,0.6,0.1,median,True,"[0.25, 0.5, 0.75]",False,P50,,False,42,1,arps,4,,default_group,UNISIM_IV_P11_Seq2Trend,UNISIM_IV,Seq2Trend,0.41583333333333333,0.30083333333333334,1.4333333333333333
UNISIM_IV_P11_Seq2Trend_trial_275,P11,962999c0cd0352ea1c3188d54f07f277,275,6.888534174163759,1.0012801985775557,Seq2Trend,Normal,False,0.5,300,300,100,20,16,0.01,0.6,0.1,median,True,"[0.25, 0.5, 0.75]",False,P50,,False,42,1,arps,4,,default_group,UNISIM_IV_P11_Seq2Trend,UNISIM_IV,Seq2Trend,0.6955555555555556,0.6533333333333333,2.6977777777777776
UNISIM_IV_P11_Seq2Trend_trial_250,P11,8c46f34b82b36476d9aab05939b827b6,250,5.707828602746839,0.5366852313902689,Seq2Trend,Normal,False,0.25,300,300,100,20,16,0.01,0.6,0.1,median,True,"[0.25, 0.5, 0.75]",False,P50,,False,42,1,arps,4,,default_group,UNISIM_IV_P11_Seq2Trend,UNISIM_IV,Seq2Trend,0.41583333333333333,0.30083333333333334,1.4333333333333333
UNISIM_IV_P11_Seq2Trend_trial_284,P11,c6532dce6e303948da491fef686d4e86,284,6.888534174163759,1.0012801985775557,Seq2Trend,Normal,False,0.5,300,300,100,20,16,0.01,0.6,0.1,median,True,"[0.25, 0.5, 0.75]",False,P50,,False,42,1,arps,4,,default_group,UNISIM_IV_P11_Seq2Trend,UNISIM_IV,Seq2Trend,0.6955555555555556,0.6533333333333333,2.6977777777777776
UNISIM_IV_P11_Seq2Trend_trial_295,P11,cacaa113ccbe3ed27fa23718511e23a1,295,6.888534174163759,1.0012801985775557,Seq2Trend,Normal,False,0.5,300,300,100,20,16,0.01,0.6,0.1,median,True,"[0.25, 0.5, 0.75]",False,P50,,False,42,1,arps,4,,default_group,UNISIM_IV_P11_Seq2Trend,UNISIM_IV,Seq2Trend,0.6955555555555556,0.6533333333333333,2.6977777777777776
UNISIM_IV_P11_Seq2Trend_trial_278,P11,2721dd79b384c3ad0a0436bffdd74156,278,5.707828602746839,0.5366852313902689,Seq2Trend,Normal,False,0.25,300,300,100,20,16,0.01,0.6,0.1,median,True,"[0.25, 0.5, 0.75]",False,P50,,False,42,1,arps,4,,default_group,UNISIM_IV_P11_Seq2Trend,UNISIM_IV,Seq2Trend,0.41583333333333333,0.30083333333333334,1.4333333333333333
UNISIM_IV_P11_Seq2Trend_trial_280,P11,1b4c7aeefd30953a5c0d340e7995cf35,280,6.888534174163759,1.0012801985775557,Seq2Trend,Normal,False,0.5,300,300,100,20,16,0.01,0.6,0.1,median,True,"[0.25, 0.5, 0.75]",False,P50,,False,42,1,arps,4,,default_group,UNISIM_IV_P11_Seq2Trend,UNISIM_IV,Seq2Trend,0.6955555555555556,0.6533333333333333,2.6977777777777776
UNISIM_IV_P11_Seq2Trend_trial_292,P11,fb5cada6b7008503d2cf31dfe954ba45,292,6.888534174163759,1.0012801985775557,Seq2Trend,Normal,False,0.5,300,300,100,20,16,0.01,0.6,0.1,median,True,"[0.25, 0.5, 0.75]",False,P50,,False,42,1,arps,4,,default_group,UNISIM_IV_P11_Seq2Trend,UNISIM_IV,Seq2Trend,0.6955555555555556,0.6533333333333333,2.6977777777777776
UNISIM_IV_P11_Seq2Trend_trial_291,P11,a02710895ccc138a84537328a1f197a6,291,6.888534174163759,1.0012801985775557,Seq2Trend,Normal,False,0.5,300,300,100,20,16,0.01,0.6,0.1,median,True,"[0.25, 0.5, 0.75]",False,P50,,False,42,1,arps,4,,default_group,UNISIM_IV_P11_Seq2Trend,UNISIM_IV,Seq2Trend,0.6955555555555556,0.6533333333333333,2.6977777777777776
UNISIM_IV_P11_Seq2Trend_trial_283,P11,74a8659b72c7691668fd3c16f3099a07,283,6.888534174163759,1.0012801985775557,Seq2Trend,Normal,False,0.5,300,300,100,20,16,0.01,0.6,0.1,median,True,"[0.25, 0.5, 0.75]",False,P50,,False,42,1,arps,4,,default_group,UNISIM_IV_P11_Seq2Trend,UNISIM_IV,Seq2Trend,0.6955555555555556,0.6533333333333333,2.6977777777777776
UNISIM_IV_P11_Seq2Trend_trial_259,P11,71e61617dc98baa55d874b1345416fe8,259,6.888534174163759,1.0012801985775557,Seq2Trend,Normal,False,0.5,300,300,100,20,16,0.01,0.6,0.1,median,True,"[0.25, 0.5, 0.75]",False,P50,,False,42,1,arps,4,,default_group,UNISIM_IV_P11_Seq2Trend,UNISIM_IV,Seq2Trend,0.6955555555555556,0.6533333333333333,2.6977777777777776
UNISIM_IV_P11_Seq2Trend_trial_276,P11,004eed7c0187434b3161312c180dedbf,276,6.888534174163759,1.0012801985775557,Seq2Trend,Normal,False,0.5,300,300,100,20,16,0.01,0.6,0.1,median,True,"[0.25, 0.5, 0.75]",False,P50,,False,42,1,arps,4,,default_group,UNISIM_IV_P11_Seq2Trend,UNISIM_IV,Seq2Trend,0.6955555555555556,0.6533333333333333,2.6977777777777776
UNISIM_IV_P11_Seq2Trend_trial_277,P11,5fab78bf10c737b148af246c65b88fca,277,6.888534174163759,1.0012801985775557,Seq2Trend,Normal,False,0.5,300,300,100,20,16,0.01,0.6,0.1,median,True,"[0.25, 0.5, 0.75]",False,P50,,False,42,1,arps,4,,default_group,UNISIM_IV_P11_Seq2Trend,UNISIM_IV,Seq2Trend,0.6955555555555556,0.6533333333333333,2.6977777777777776
UNISIM_IV_P11_Seq2Trend_trial_257,P11,80681f98923f6dd73286adf31b46f184,257,6.888534174163759,1.0012801985775557,Seq2Trend,Normal,False,0.5,300,300,100,20,16,0.01,0.6,0.1,median,True,"[0.25, 0.5, 0.75]",False,P50,,False,42,1,arps,4,,default_group,UNISIM_IV_P11_Seq2Trend,UNISIM_IV,Seq2Trend,0.6955555555555556,0.6533333333333333,2.6977777777777776
UNISIM_IV_P11_Seq2Trend_trial_256,P11,d2620308c99bb19dbd8f2b8795e65359,256,6.888534174163759,1.0012801985775557,Seq2Trend,Normal,False,0.5,300,300,100,20,16,0.01,0.6,0.1,median,True,"[0.25, 0.5, 0.75]",False,P50,,False,42,1,arps,4,,default_group,UNISIM_IV_P11_Seq2Trend,UNISIM_IV,Seq2Trend,0.6955555555555556,0.6533333333333333,2.6977777777777776
UNISIM_IV_P11_Seq2Trend_trial_299,P11,bd2875e4e5d6e2c43912fa1f6bb91b6e,299,6.888534174163759,1.0012801985775557,Seq2Trend,Normal,False,0.5,300,300,100,20,16,0.01,0.6,0.1,median,True,"[0.25, 0.5, 0.75]",False,P50,,False,42,1,arps,4,,default_group,UNISIM_IV_P11_Seq2Trend,UNISIM_IV,Seq2Trend,0.6955555555555556,0.6533333333333333,2.6977777777777776
UNISIM_IV_P11_Seq2Trend_trial_253,P11,016579f33e678ea0134e7d1929e9718f,253,6.888534174163759,1.0012801985775557,Seq2Trend,Normal,False,0.5,300,300,100,20,16,0.01,0.6,0.1,median,True,"[0.25, 0.5, 0.75]",False,P50,,False,42,1,arps,4,,default_group,UNISIM_IV_P11_Seq2Trend,UNISIM_IV,Seq2Trend,0.6955555555555556,0.6533333333333333,2.6977777777777776
UNISIM_IV_P11_Seq2Trend_trial_274,P11,bf07595941364fa21e85076603a1c162,274,6.888534174163759,1.0012801985775557,Seq2Trend,Normal,False,0.5,300,300,100,20,16,0.01,0.6,0.1,median,True,"[0.25, 0.5, 0.75]",False,P50,,False,42,1,arps,4,,default_group,UNISIM_IV_P11_Seq2Trend,UNISIM_IV,Seq2Trend,0.6955555555555556,0.6533333333333333,2.6977777777777776
UNISIM_IV_P11_Seq2Trend_trial_282,P11,b325e6d77cb9c0a994cb7468721ba697,282,6.888534174163759,1.0012801985775557,Seq2Trend,Normal,False,0.5,300,300,100,20,16,0.01,0.6,0.1,median,True,"[0.25, 0.5, 0.75]",False,P50,,False,42,1,arps,4,,default_group,UNISIM_IV_P11_Seq2Trend,UNISIM_IV,Seq2Trend,0.6955555555555556,0.6533333333333333,2.6977777777777776
UNISIM_IV_P11_Seq2Trend_trial_281,P11,2b61493bac8fbb122f95256fcc8a9b70,281,6.888534174163759,1.0012801985775557,Seq2Trend,Normal,False,0.5,300,300,100,20,16,0.01,0.6,0.1,median,True,"[0.25, 0.5, 0.75]",False,P50,,False,42,1,arps,4,,default_group,UNISIM_IV_P11_Seq2Trend,UNISIM_IV,Seq2Trend,0.6955555555555556,0.6533333333333333,2.6977777777777776
UNISIM_IV_P11_Seq2Trend_trial_252,P11,f70ed5ead664ef6c7a12d5798197aaee,252,6.888534174163759,1.0012801985775557,Seq2Trend,Normal,False,0.5,300,300,100,20,16,0.01,0.6,0.1,median,True,"[0.25, 0.5, 0.75]",False,P50,,False,42,1,arps,4,,default_group,UNISIM_IV_P11_Seq2Trend,UNISIM_IV,Seq2Trend,0.6955555555555556,0.6533333333333333,2.6977777777777776
UNISIM_IV_P11_Seq2Trend_trial_262,P11,c889a0f45a31e4994c0be0bac69532c4,262,6.888534174163759,1.0012801985775557,Seq2Trend,Normal,False,0.5,300,300,100,20,16,0.01,0.6,0.1,median,True,"[0.25, 0.5, 0.75]",False,P50,,False,42,1,arps,4,,default_group,UNISIM_IV_P11_Seq2Trend,UNISIM_IV,Seq2Trend,0.6955555555555556,0.6533333333333333,2.6977777777777776
UNISIM_IV_P11_Seq2Trend_trial_287,P11,c2243b58eaa4a773b77acefbae3f1675,287,6.888534174163759,1.0012801985775557,Seq2Trend,Normal,False,0.5,300,300,100,20,16,0.01,0.6,0.1,median,True,"[0.25, 0.5, 0.75]",False,P50,,False,42,1,arps,4,,default_group,UNISIM_IV_P11_Seq2Trend,UNISIM_IV,Seq2Trend,0.6955555555555556,0.6533333333333333,2.6977777777777776
UNISIM_IV_P11_Seq2Trend_trial_296,P11,8776702779d6b90a21abd1b1dfd3ccad,296,6.888534174163759,1.0012801985775557,Seq2Trend,Normal,False,0.5,300,300,100,20,16,0.01,0.6,0.1,median,True,"[0.25, 0.5, 0.75]",False,P50,,False,42,1,arps,4,,default_group,UNISIM_IV_P11_Seq2Trend,UNISIM_IV,Seq2Trend,0.6955555555555556,0.6533333333333333,2.6977777777777776
UNISIM_IV_P11_Seq2Trend_trial_260,P11,bff41b02ed58f831cb57a423d4b5cfce,260,6.888534174163759,1.0012801985775557,Seq2Trend,Normal,False,0.5,300,300,100,20,16,0.01,0.6,0.1,median,True,"[0.25, 0.5, 0.75]",False,P50,,False,42,1,arps,4,,default_group,UNISIM_IV_P11_Seq2Trend,UNISIM_IV,Seq2Trend,0.6955555555555556,0.6533333333333333,2.6977777777777776
UNISIM_IV_P11_Seq2Trend_trial_271,P11,4935315ccbd76fae023e50e91ea26dd9,271,6.888534174163759,1.0012801985775557,Seq2Trend,Normal,False,0.5,300,300,100,20,16,0.01,0.6,0.1,median,True,"[0.25, 0.5, 0.75]",False,P50,,False,42,1,arps,4,,default_group,UNISIM_IV_P11_Seq2Trend,UNISIM_IV,Seq2Trend,0.6955555555555556,0.6533333333333333,2.6977777777777776
UNISIM_IV_P11_Seq2Trend_trial_263,P11,a6dded324b74bb1052d07d44451a67ba,263,6.888534174163759,1.0012801985775557,Seq2Trend,Normal,False,0.5,300,300,100,20,16,0.01,0.6,0.1,median,True,"[0.25, 0.5, 0.75]",False,P50,,False,42,1,arps,4,,default_group,UNISIM_IV_P11_Seq2Trend,UNISIM_IV,Seq2Trend,0.6955555555555556,0.6533333333333333,2.6977777777777776
UNISIM_IV_P12_Seq2Trend_trial_164,P12,c52308dc89cfeef2160f77cb08f02f16,164,4.765182575074276,0.3594535707132683,Seq2Trend,Normal,False,0.01,300,300,20,20,16,0.001,0.6,0.1,median,True,"[0.25, 0.5, 0.75]",False,P50,,False,42,1,static,3,,default_group,UNISIM_IV_P12_Seq2Trend,UNISIM_IV,Seq2Trend,0.27,0.03333333333333333,0.6066666666666667
UNISIM_IV_P12_Seq2Trend_trial_213,P12,cce398e6b6e277cd8a183722c86b3f72,213,4.765182575074276,0.3594535707132683,Seq2Trend,Normal,False,0.01,300,300,20,20,16,0.001,0.6,0.1,median,True,"[0.25, 0.5, 0.75]",False,P50,,False,42,1,static,3,,default_group,UNISIM_IV_P12_Seq2Trend,UNISIM_IV,Seq2Trend,0.27,0.03333333333333333,0.6066666666666667
UNISIM_IV_P12_Seq2Trend_trial_199,P12,6afb8bbacc82b6db1d5b7abb58beaf9a,199,4.765182575074276,0.3594535707132683,Seq2Trend,Normal,False,0.01,300,300,20,20,16,0.001,0.6,0.1,median,True,"[0.25, 0.5, 0.75]",False,P50,,False,42,1,static,3,,default_group,UNISIM_IV_P12_Seq2Trend,UNISIM_IV,Seq2Trend,0.27,0.03333333333333333,0.6066666666666667
UNISIM_IV_P12_Seq2Trend_trial_247,P12,ccc4b90907a87711db742614dea953ea,247,4.765182575074276,0.3594535707132683,Seq2Trend,Normal,False,0.01,300,300,20,20,16,0.001,0.6,0.1,median,True,"[0.25, 0.5, 0.75]",False,P50,,False,42,1,static,3,,default_group,UNISIM_IV_P12_Seq2Trend,UNISIM_IV,Seq2Trend,0.27,0.03333333333333333,0.6066666666666667
UNISIM_IV_P12_Seq2Trend_trial_202,P12,52193b0a47c42f2d7b14968823d0bef7,202,4.765182575074276,0.3594535707132683,Seq2Trend,Normal,False,0.01,300,300,20,20,16,0.001,0.6,0.1,median,True,"[0.25, 0.5, 0.75]",False,P50,,False,42,1,static,3,,default_group,UNISIM_IV_P12_Seq2Trend,UNISIM_IV,Seq2Trend,0.27,0.03333333333333333,0.6066666666666667
UNISIM_IV_P12_Seq2Trend_trial_179,P12,7f5a3ac91848a6703d653bba38c2d09a,179,4.765182575074276,0.3594535707132683,Seq2Trend,Normal,False,0.01,300,300,20,20,16,0.001,0.6,0.1,median,True,"[0.25, 0.5, 0.75]",False,P50,,False,42,1,static,3,,default_group,UNISIM_IV_P12_Seq2Trend,UNISIM_IV,Seq2Trend,0.27,0.03333333333333333,0.6066666666666667
UNISIM_IV_P12_Seq2Trend_trial_165,P12,aac7e7b4fafe1c2b52e34ff23b89cc52,165,4.765182575074276,0.3594535707132683,Seq2Trend,Normal,False,0.01,300,300,20,20,16,0.001,0.6,0.1,median,True,"[0.25, 0.5, 0.75]",False,P50,,False,42,1,static,3,,default_group,UNISIM_IV_P12_Seq2Trend,UNISIM_IV,Seq2Trend,0.27,0.03333333333333333,0.6066666666666667
UNISIM_IV_P12_Seq2Trend_trial_203,P12,86d6928bc4954050adf0a2bf2c625e49,203,4.765182575074276,0.3594535707132683,Seq2Trend,Normal,False,0.01,300,300,20,20,16,0.001,0.6,0.1,median,True,"[0.25, 0.5, 0.75]",False,P50,,False,42,1,static,3,,default_group,UNISIM_IV_P12_Seq2Trend,UNISIM_IV,Seq2Trend,0.27,0.03333333333333333,0.6066666666666667
UNISIM_IV_P12_Seq2Trend_trial_194,P12,ec55d9c889187595d86c6b70cb0d5619,194,4.765182575074276,0.3594535707132683,Seq2Trend,Normal,False,0.01,300,300,20,20,16,0.001,0.6,0.1,median,True,"[0.25, 0.5, 0.75]",False,P50,,False,42,1,static,4,,default_group,UNISIM_IV_P12_Seq2Trend,UNISIM_IV,Seq2Trend,0.27,0.03333333333333333,0.6066666666666667
UNISIM_IV_P12_Seq2Trend_trial_156,P12,54db04873ccb4510ba1b57e7218a686f,156,4.765182575074276,0.3594535707132683,Seq2Trend,Normal,False,0.01,300,300,20,20,16,0.001,0.6,0.1,median,True,"[0.25, 0.5, 0.75]",False,P50,,False,42,1,static,3,,default_group,UNISIM_IV_P12_Seq2Trend,UNISIM_IV,Seq2Trend,0.27,0.03333333333333333,0.6066666666666667
UNISIM_IV_P12_Seq2Trend_trial_197,P12,d6f72c67202a17d1406d797ed89b3b12,197,4.765182575074276,0.3594535707132683,Seq2Trend,Normal,False,0.01,300,300,20,20,16,0.001,0.6,0.1,median,True,"[0.25, 0.5, 0.75]",False,P50,,False,42,1,static,3,,default_group,UNISIM_IV_P12_Seq2Trend,UNISIM_IV,Seq2Trend,0.27,0.03333333333333333,0.6066666666666667
UNISIM_IV_P12_Seq2Trend_trial_206,P12,23f5d1e7ab489213dc149cbc883b3595,206,4.765182575074276,0.3594535707132683,Seq2Trend,Normal,False,0.01,300,300,20,20,16,0.001,0.6,0.1,median,True,"[0.25, 0.5, 0.75]",False,P50,,False,42,1,static,3,,default_group,UNISIM_IV_P12_Seq2Trend,UNISIM_IV,Seq2Trend,0.27,0.03333333333333333,0.6066666666666667
UNISIM_IV_P12_Seq2Trend_trial_207,P12,41a0c89262bdd841236bd852389ebeb2,207,4.765182575074276,0.3594535707132683,Seq2Trend,Normal,False,0.01,300,300,20,20,16,0.001,0.6,0.1,median,True,"[0.25, 0.5, 0.75]",False,P50,,False,42,1,static,3,,default_group,UNISIM_IV_P12_Seq2Trend,UNISIM_IV,Seq2Trend,0.27,0.03333333333333333,0.6066666666666667
UNISIM_IV_P12_Seq2Trend_trial_163,P12,8695679d9bfb4853ca1aaae449d29fcb,163,4.765182575074276,0.3594535707132683,Seq2Trend,Normal,False,0.01,300,300,20,20,16,0.001,0.6,0.1,median,True,"[0.25, 0.5, 0.75]",False,P50,,False,42,1,static,3,,default_group,UNISIM_IV_P12_Seq2Trend,UNISIM_IV,Seq2Trend,0.27,0.03333333333333333,0.6066666666666667
UNISIM_IV_P12_Seq2Trend_trial_200,P12,3d2e7b2107c572a390e5dab8b26bb8a7,200,4.765182575074276,0.3594535707132683,Seq2Trend,Normal,False,0.01,300,300,20,20,16,0.001,0.6,0.1,median,True,"[0.25, 0.5, 0.75]",False,P50,,False,42,1,static,3,,default_group,UNISIM_IV_P12_Seq2Trend,UNISIM_IV,Seq2Trend,0.27,0.03333333333333333,0.6066666666666667
UNISIM_IV_P12_Seq2Trend_trial_190,P12,130a0c1d9094bf88d7dc69715ed101b7,190,4.765182575074276,0.3594535707132683,Seq2Trend,Normal,False,0.01,300,300,20,20,16,0.001,0.6,0.1,median,True,"[0.25, 0.5, 0.75]",False,P50,,False,42,1,static,3,,default_group,UNISIM_IV_P12_Seq2Trend,UNISIM_IV,Seq2Trend,0.27,0.03333333333333333,0.6066666666666667
UNISIM_IV_P12_Seq2Trend_trial_170,P12,a6f10ebf0d2402be4d3ddbf692f90919,170,4.765182575074276,0.3594535707132683,Seq2Trend,Normal,False,0.01,300,300,20,20,16,0.001,0.6,0.1,median,True,"[0.25, 0.5, 0.75]",False,P50,,False,42,1,static,3,,default_group,UNISIM_IV_P12_Seq2Trend,UNISIM_IV,Seq2Trend,0.27,0.03333333333333333,0.6066666666666667
UNISIM_IV_P12_Seq2Trend_trial_226,P12,5d7ff798b049d678c7f80b167c7bc4b5,226,4.765182575074276,0.3594535707132683,Seq2Trend,Normal,False,0.01,300,300,20,20,16,0.001,0.6,0.1,median,True,"[0.25, 0.5, 0.75]",False,P50,,False,42,1,static,3,,default_group,UNISIM_IV_P12_Seq2Trend,UNISIM_IV,Seq2Trend,0.27,0.03333333333333333,0.6066666666666667
UNISIM_IV_P12_Seq2Trend_trial_236,P12,d6a08a8749382e2e71204bfddd3c2e57,236,4.765182575074276,0.3594535707132683,Seq2Trend,Normal,False,0.01,300,300,20,20,16,0.001,0.6,0.1,median,True,"[0.25, 0.5, 0.75]",False,P50,,False,42,1,static,3,,default_group,UNISIM_IV_P12_Seq2Trend,UNISIM_IV,Seq2Trend,0.27,0.03333333333333333,0.6066666666666667
UNISIM_IV_P12_Seq2Trend_trial_208,P12,aec61ae34d32cccbbc3ffd7d78ebfeac,208,4.765182575074276,0.3594535707132683,Seq2Trend,Normal,False,0.01,300,300,20,20,16,0.001,0.6,0.1,median,True,"[0.25, 0.5, 0.75]",False,P50,,False,42,1,static,3,,default_group,UNISIM_IV_P12_Seq2Trend,UNISIM_IV,Seq2Trend,0.27,0.03333333333333333,0.6066666666666667
UNISIM_IV_P12_Seq2Trend_trial_220,P12,91ef61fa9dad81a689d5007e41cf2a2a,220,4.765182575074276,0.3594535707132683,Seq2Trend,Normal,False,0.01,300,300,20,20,16,0.001,0.6,0.1,median,True,"[0.25, 0.5, 0.75]",False,P50,,False,42,1,static,3,,default_group,UNISIM_IV_P12_Seq2Trend,UNISIM_IV,Seq2Trend,0.27,0.03333333333333333,0.6066666666666667
UNISIM_IV_P12_Seq2Trend_trial_172,P12,88f6cea24da4c4a626454293c62bc749,172,4.765182575074276,0.3594535707132683,Seq2Trend,Normal,False,0.01,300,300,20,20,16,0.001,0.6,0.1,median,True,"[0.25, 0.5, 0.75]",False,P50,,False,42,1,static,3,,default_group,UNISIM_IV_P12_Seq2Trend,UNISIM_IV,Seq2Trend,0.27,0.03333333333333333,0.6066666666666667
UNISIM_IV_P12_Seq2Trend_trial_242,P12,7d446339cae64ac2d18a5ae943e08b09,242,4.765182575074276,0.3594535707132683,Seq2Trend,Normal,False,0.01,300,300,20,20,16,0.001,0.6,0.1,median,True,"[0.25, 0.5, 0.75]",False,P50,,False,42,1,static,3,,default_group,UNISIM_IV_P12_Seq2Trend,UNISIM_IV,Seq2Trend,0.27,0.03333333333333333,0.6066666666666667
UNISIM_IV_P12_Seq2Trend_trial_186,P12,682449caaaa11afc80ed3c59dd6fe24d,186,4.765182575074276,0.3594535707132683,Seq2Trend,Normal,False,0.01,300,300,20,20,16,0.001,0.6,0.1,median,True,"[0.25, 0.5, 0.75]",False,P50,,False,42,1,static,3,,default_group,UNISIM_IV_P12_Seq2Trend,UNISIM_IV,Seq2Trend,0.27,0.03333333333333333,0.6066666666666667
UNISIM_IV_P12_Seq2Trend_trial_209,P12,cb45254982d63de8e90a46095bc535a7,209,4.765182575074276,0.3594535707132683,Seq2Trend,Normal,False,0.01,300,300,20,20,16,0.001,0.6,0.1,median,True,"[0.25, 0.5, 0.75]",False,P50,,False,42,1,static,3,,default_group,UNISIM_IV_P12_Seq2Trend,UNISIM_IV,Seq2Trend,0.27,0.03333333333333333,0.6066666666666667
UNISIM_IV_P12_Seq2Trend_trial_178,P12,37eada0b9918f95d4896be0da663d2ea,178,4.765182575074276,0.3594535707132683,Seq2Trend,Normal,False,0.01,300,300,20,20,16,0.001,0.6,0.1,median,True,"[0.25, 0.5, 0.75]",False,P50,,False,42,1,static,3,,default_group,UNISIM_IV_P12_Seq2Trend,UNISIM_IV,Seq2Trend,0.27,0.03333333333333333,0.6066666666666667
UNISIM_IV_P12_Seq2Trend_trial_244,P12,4451815ce0dcb3158b4c53553e5032dc,244,4.765182575074276,0.3594535707132683,Seq2Trend,Normal,False,0.01,300,300,20,20,16,0.001,0.6,0.1,median,True,"[0.25, 0.5, 0.75]",False,P50,,False,42,1,static,3,,default_group,UNISIM_IV_P12_Seq2Trend,UNISIM_IV,Seq2Trend,0.27,0.03333333333333333,0.6066666666666667
UNISIM_IV_P12_Seq2Trend_trial_152,P12,66ac8e129b4799f199b67621115269c3,152,4.765182575074276,0.3594535707132683,Seq2Trend,Normal,False,0.01,300,300,20,20,16,0.001,0.6,0.1,median,True,"[0.25, 0.5, 0.75]",False,P50,,False,42,1,static,3,,default_group,UNISIM_IV_P12_Seq2Trend,UNISIM_IV,Seq2Trend,0.27,0.03333333333333333,0.6066666666666667
UNISIM_IV_P12_Seq2Trend_trial_151,P12,d5753fa7c5154f834f66823d654822d5,151,4.765182575074276,0.3594535707132683,Seq2Trend,Normal,False,0.01,300,300,20,20,16,0.001,0.6,0.1,median,True,"[0.25, 0.5, 0.75]",False,P50,,False,42,1,static,3,,default_group,UNISIM_IV_P12_Seq2Trend,UNISIM_IV,Seq2Trend,0.27,0.03333333333333333,0.6066666666666667
UNISIM_IV_P12_Seq2Trend_trial_157,P12,cc7dd3491970a2d213679d3d29274ab2,157,4.765182575074276,0.3594535707132683,Seq2Trend,Normal,False,0.01,300,300,20,20,16,0.001,0.6,0.1,median,True,"[0.25, 0.5, 0.75]",False,P50,,False,42,1,static,3,,default_group,UNISIM_IV_P12_Seq2Trend,UNISIM_IV,Seq2Trend,0.27,0.03333333333333333,0.6066666666666667
UNISIM_IV_P12_Seq2Trend_trial_245,P12,c62891ce731e25677bd7a6b5d17f8cfb,245,4.765182575074276,0.3594535707132683,Seq2Trend,Normal,False,0.01,300,300,20,20,16,0.001,0.6,0.1,median,True,"[0.25, 0.5, 0.75]",False,P50,,False,42,1,static,3,,default_group,UNISIM_IV_P12_Seq2Trend,UNISIM_IV,Seq2Trend,0.27,0.03333333333333333,0.6066666666666667
UNISIM_IV_P12_Seq2Trend_trial_169,P12,b1dbde7657ea2412ecc900e570efe65f,169,4.765182575074276,0.3594535707132683,Seq2Trend,Normal,False,0.01,300,300,20,20,16,0.001,0.6,0.1,median,True,"[0.25, 0.5, 0.75]",False,P50,,False,42,1,static,3,,default_group,UNISIM_IV_P12_Seq2Trend,UNISIM_IV,Seq2Trend,0.27,0.03333333333333333,0.6066666666666667
UNISIM_IV_P12_Seq2Trend_trial_241,P12,0a553b460e9a5ca8c6b61012aa97e0b3,241,4.765182575074276,0.3594535707132683,Seq2Trend,Normal,False,0.01,300,300,20,20,16,0.001,0.6,0.1,median,True,"[0.25, 0.5, 0.75]",False,P50,,False,42,1,static,3,,default_group,UNISIM_IV_P12_Seq2Trend,UNISIM_IV,Seq2Trend,0.27,0.03333333333333333,0.6066666666666667
UNISIM_IV_P12_Seq2Trend_trial_196,P12,a01ecbcec59dead63770c9e01899facd,196,4.765182575074276,0.3594535707132683,Seq2Trend,Normal,False,0.01,300,300,20,20,16,0.001,0.6,0.1,median,True,"[0.25, 0.5, 0.75]",False,P50,,False,42,1,static,3,,default_group,UNISIM_IV_P12_Seq2Trend,UNISIM_IV,Seq2Trend,0.27,0.03333333333333333,0.6066666666666667
UNISIM_IV_P12_Seq2Trend_trial_182,P12,2af0f9f974666249025fc68f7c464ee2,182,4.765182575074276,0.3594535707132683,Seq2Trend,Normal,False,0.01,300,300,20,20,16,0.001,0.6,0.1,median,True,"[0.25, 0.5, 0.75]",False,P50,,False,42,1,static,3,,default_group,UNISIM_IV_P12_Seq2Trend,UNISIM_IV,Seq2Trend,0.27,0.03333333333333333,0.6066666666666667
UNISIM_IV_P12_Seq2Trend_trial_160,P12,a45eabc07c75eb862ee95a85d5c6e2ab,160,4.765182575074276,0.3594535707132683,Seq2Trend,Normal,False,0.01,300,300,20,20,16,0.001,0.6,0.1,median,True,"[0.25, 0.5, 0.75]",False,P50,,False,42,1,static,3,,default_group,UNISIM_IV_P12_Seq2Trend,UNISIM_IV,Seq2Trend,0.27,0.03333333333333333,0.6066666666666667
UNISIM_IV_P12_Seq2Trend_trial_237,P12,c109f5fdf0ff8d204a3260930e4b16fc,237,4.765182575074276,0.3594535707132683,Seq2Trend,Normal,False,0.01,300,300,20,20,16,0.001,0.6,0.1,median,True,"[0.25, 0.5, 0.75]",False,P50,,False,42,1,static,3,,default_group,UNISIM_IV_P12_Seq2Trend,UNISIM_IV,Seq2Trend,0.27,0.03333333333333333,0.6066666666666667
UNISIM_IV_P12_Seq2Trend_trial_231,P12,e11e24af41b6772385f335d99b8b4b14,231,4.765182575074276,0.3594535707132683,Seq2Trend,Normal,False,0.01,300,300,20,20,16,0.001,0.6,0.1,median,True,"[0.25, 0.5, 0.75]",False,P50,,False,42,1,static,3,,default_group,UNISIM_IV_P12_Seq2Trend,UNISIM_IV,Seq2Trend,0.27,0.03333333333333333,0.6066666666666667
UNISIM_IV_P12_Seq2Trend_trial_223,P12,5b9daa949df9d1c420564f103806da5e,223,4.765182575074276,0.3594535707132683,Seq2Trend,Normal,False,0.01,300,300,20,20,16,0.001,0.6,0.1,median,True,"[0.25, 0.5, 0.75]",False,P50,,False,42,1,static,3,,default_group,UNISIM_IV_P12_Seq2Trend,UNISIM_IV,Seq2Trend,0.27,0.03333333333333333,0.6066666666666667
UNISIM_IV_P12_Seq2Trend_trial_171,P12,dc8965c941e29baaaafd72209aba4dfb,171,4.765182575074276,0.3594535707132683,Seq2Trend,Normal,False,0.01,300,300,20,20,16,0.001,0.6,0.1,median,True,"[0.25, 0.5, 0.75]",False,P50,,False,42,1,static,3,,default_group,UNISIM_IV_P12_Seq2Trend,UNISIM_IV,Seq2Trend,0.27,0.03333333333333333,0.6066666666666667
UNISIM_IV_P12_Seq2Trend_trial_192,P12,8a1d10edf0fe7c7a4a6b5685bd86fcd8,192,4.765182575074276,0.3594535707132683,Seq2Trend,Normal,False,0.01,300,300,20,20,16,0.001,0.6,0.1,median,True,"[0.25, 0.5, 0.75]",False,P50,,False,42,1,static,3,,default_group,UNISIM_IV_P12_Seq2Trend,UNISIM_IV,Seq2Trend,0.27,0.03333333333333333,0.6066666666666667
UNISIM_IV_P12_Seq2Trend_trial_162,P12,fbb16af30e1f2fb503bcb76bf5ef7619,162,4.765182575074276,0.3594535707132683,Seq2Trend,Normal,False,0.01,300,300,20,20,16,0.001,0.6,0.1,median,True,"[0.25, 0.5, 0.75]",False,P50,,False,42,1,static,3,,default_group,UNISIM_IV_P12_Seq2Trend,UNISIM_IV,Seq2Trend,0.27,0.03333333333333333,0.6066666666666667
UNISIM_IV_P12_Seq2Trend_trial_225,P12,99f812dd4fe91b2d9b7771930d42ad65,225,4.765182575074276,0.3594535707132683,Seq2Trend,Normal,False,0.01,300,300,20,20,16,0.001,0.6,0.1,median,True,"[0.25, 0.5, 0.75]",False,P50,,False,42,1,static,3,,default_group,UNISIM_IV_P12_Seq2Trend,UNISIM_IV,Seq2Trend,0.27,0.03333333333333333,0.6066666666666667
UNISIM_IV_P12_Seq2Trend_trial_174,P12,b2f0776400bb7edb0421f6b5ee1b3dc5,174,4.765182575074276,0.3594535707132683,Seq2Trend,Normal,False,0.01,300,300,20,20,16,0.001,0.6,0.1,median,True,"[0.25, 0.5, 0.75]",False,P50,,False,42,1,static,3,,default_group,UNISIM_IV_P12_Seq2Trend,UNISIM_IV,Seq2Trend,0.27,0.03333333333333333,0.6066666666666667
UNISIM_IV_P12_Seq2Trend_trial_212,P12,1fdebb9f8b6e2d9852797dce2a4156bf,212,4.765182575074276,0.3594535707132683,Seq2Trend,Normal,False,0.01,300,300,20,20,16,0.001,0.6,0.1,median,True,"[0.25, 0.5, 0.75]",False,P50,,False,42,1,static,3,,default_group,UNISIM_IV_P12_Seq2Trend,UNISIM_IV,Seq2Trend,0.27,0.03333333333333333,0.6066666666666667
UNISIM_IV_P12_Seq2Trend_trial_243,P12,178dd8aac823b8d3758290a40997da91,243,4.765182575074276,0.3594535707132683,Seq2Trend,Normal,False,0.01,300,300,20,20,16,0.001,0.6,0.1,median,True,"[0.25, 0.5, 0.75]",False,P50,,False,42,1,static,3,,default_group,UNISIM_IV_P12_Seq2Trend,UNISIM_IV,Seq2Trend,0.27,0.03333333333333333,0.6066666666666667
UNISIM_IV_P12_Seq2Trend_trial_198,P12,f1742b40c44e9ea4bf25615a29bf3655,198,4.765182575074276,0.3594535707132683,Seq2Trend,Normal,False,0.01,300,300,20,20,16,0.001,0.6,0.1,median,True,"[0.25, 0.5, 0.75]",False,P50,,False,42,1,static,3,,default_group,UNISIM_IV_P12_Seq2Trend,UNISIM_IV,Seq2Trend,0.27,0.03333333333333333,0.6066666666666667
UNISIM_IV_P12_Seq2Trend_trial_210,P12,84bc969115e5f8120b581b94f3169ac1,210,4.765182575074276,0.3594535707132683,Seq2Trend,Normal,False,0.01,300,300,20,20,16,0.001,0.6,0.1,median,True,"[0.25, 0.5, 0.75]",False,P50,,False,42,1,static,3,,default_group,UNISIM_IV_P12_Seq2Trend,UNISIM_IV,Seq2Trend,0.27,0.03333333333333333,0.6066666666666667
UNISIM_IV_P12_Seq2Trend_trial_219,P12,893f4f2d3ad6243646fd78db7dc99798,219,4.765182575074276,0.3594535707132683,Seq2Trend,Normal,False,0.01,300,300,20,20,16,0.001,0.6,0.1,median,True,"[0.25, 0.5, 0.75]",False,P50,,False,42,1,static,3,,default_group,UNISIM_IV_P12_Seq2Trend,UNISIM_IV,Seq2Trend,0.27,0.03333333333333333,0.6066666666666667
UNISIM_IV_P12_Seq2Trend_trial_211,P12,3fb1627f0fbc425ab9a343ac29eaad5b,211,4.765182575074276,0.3594535707132683,Seq2Trend,Normal,False,0.01,300,300,20,20,16,0.001,0.6,0.1,median,True,"[0.25, 0.5, 0.75]",False,P50,,False,42,1,static,3,,default_group,UNISIM_IV_P12_Seq2Trend,UNISIM_IV,Seq2Trend,0.27,0.03333333333333333,0.6066666666666667
UNISIM_IV_P12_Seq2Trend_trial_158,P12,f80cf2b5977664e438560a66c3013840,158,4.765182575074276,0.3594535707132683,Seq2Trend,Normal,False,0.01,300,300,20,20,16,0.001,0.6,0.1,median,True,"[0.25, 0.5, 0.75]",False,P50,,False,42,1,static,3,,default_group,UNISIM_IV_P12_Seq2Trend,UNISIM_IV,Seq2Trend,0.27,0.03333333333333333,0.6066666666666667
UNISIM_IV_P12_Seq2Trend_trial_184,P12,27a775bfc3959df93f15026ee8fda179,184,4.765182575074276,0.3594535707132683,Seq2Trend,Normal,False,0.01,300,300,20,20,16,0.001,0.6,0.1,median,True,"[0.25, 0.5, 0.75]",False,P50,,False,42,1,static,3,,default_group,UNISIM_IV_P12_Seq2Trend,UNISIM_IV,Seq2Trend,0.27,0.03333333333333333,0.6066666666666667
UNISIM_IV_P12_Seq2Trend_trial_189,P12,a0481e0ef7ad3a88e30cc649e8b1736d,189,4.765182575074276,0.3594535707132683,Seq2Trend,Normal,False,0.01,300,300,20,20,16,0.001,0.6,0.1,median,True,"[0.25, 0.5, 0.75]",False,P50,,False,42,1,static,3,,default_group,UNISIM_IV_P12_Seq2Trend,UNISIM_IV,Seq2Trend,0.27,0.03333333333333333,0.6066666666666667
UNISIM_IV_P12_Seq2Trend_trial_195,P12,2879db0e4ed94ea1bfed1faf7c6d22d7,195,4.765182575074276,0.3594535707132683,Seq2Trend,Normal,False,0.01,300,300,20,20,16,0.001,0.6,0.1,median,True,"[0.25, 0.5, 0.75]",False,P50,,False,42,1,static,3,,default_group,UNISIM_IV_P12_Seq2Trend,UNISIM_IV,Seq2Trend,0.27,0.03333333333333333,0.6066666666666667
UNISIM_IV_P12_Seq2Trend_trial_215,P12,93366a9b928be38299e1a485fc2f181f,215,4.765182575074276,0.3594535707132683,Seq2Trend,Normal,False,0.01,300,300,20,20,16,0.001,0.6,0.1,median,True,"[0.25, 0.5, 0.75]",False,P50,,False,42,1,static,3,,default_group,UNISIM_IV_P12_Seq2Trend,UNISIM_IV,Seq2Trend,0.27,0.03333333333333333,0.6066666666666667
UNISIM_IV_P12_Seq2Trend_trial_168,P12,ea9f454185c05dbcc01b79a517d55da9,168,4.765182575074276,0.3594535707132683,Seq2Trend,Normal,False,0.01,300,300,20,20,16,0.001,0.6,0.1,median,True,"[0.25, 0.5, 0.75]",False,P50,,False,42,1,static,3,,default_group,UNISIM_IV_P12_Seq2Trend,UNISIM_IV,Seq2Trend,0.27,0.03333333333333333,0.6066666666666667
UNISIM_IV_P12_Seq2Trend_trial_238,P12,17391d3fc06699c7a68aaf1285b09b14,238,4.765182575074276,0.3594535707132683,Seq2Trend,Normal,False,0.01,300,300,20,20,16,0.001,0.6,0.1,median,True,"[0.25, 0.5, 0.75]",False,P50,,False,42,1,static,3,,default_group,UNISIM_IV_P12_Seq2Trend,UNISIM_IV,Seq2Trend,0.27,0.03333333333333333,0.6066666666666667
UNISIM_IV_P12_Seq2Trend_trial_177,P12,ff57c45c3b5906dc2e79ee5ce20456e0,177,4.765182575074276,0.3594535707132683,Seq2Trend,Normal,False,0.01,300,300,20,20,16,0.001,0.6,0.1,median,True,"[0.25, 0.5, 0.75]",False,P50,,False,42,1,static,3,,default_group,UNISIM_IV_P12_Seq2Trend,UNISIM_IV,Seq2Trend,0.27,0.03333333333333333,0.6066666666666667
UNISIM_IV_P12_Seq2Trend_trial_180,P12,1b41b9c8abe1516116cfea2d54402f00,180,4.765182575074276,0.3594535707132683,Seq2Trend,Normal,False,0.01,300,300,20,20,16,0.001,0.6,0.1,median,True,"[0.25, 0.5, 0.75]",False,P50,,False,42,1,static,3,,default_group,UNISIM_IV_P12_Seq2Trend,UNISIM_IV,Seq2Trend,0.27,0.03333333333333333,0.6066666666666667
UNISIM_IV_P12_Seq2Trend_trial_153,P12,8170aaad8a731fddd283bbb96ff5fa9d,153,4.765182575074276,0.3594535707132683,Seq2Trend,Normal,False,0.01,300,300,20,20,16,0.001,0.6,0.1,median,True,"[0.25, 0.5, 0.75]",False,P50,,False,42,1,static,3,,default_group,UNISIM_IV_P12_Seq2Trend,UNISIM_IV,Seq2Trend,0.27,0.03333333333333333,0.6066666666666667
UNISIM_IV_P12_Seq2Trend_trial_181,P12,e864467f611cd4d064d7473dad93f27a,181,4.765182575074276,0.3594535707132683,Seq2Trend,Normal,False,0.01,300,300,20,20,16,0.001,0.6,0.1,median,True,"[0.25, 0.5, 0.75]",False,P50,,False,42,1,static,3,,default_group,UNISIM_IV_P12_Seq2Trend,UNISIM_IV,Seq2Trend,0.27,0.03333333333333333,0.6066666666666667
UNISIM_IV_P12_Seq2Trend_trial_176,P12,578848320d19716b50eebcdd1d4f8a55,176,4.765182575074276,0.3594535707132683,Seq2Trend,Normal,False,0.01,300,300,20,20,16,0.001,0.6,0.1,median,True,"[0.25, 0.5, 0.75]",False,P50,,False,42,1,static,3,,default_group,UNISIM_IV_P12_Seq2Trend,UNISIM_IV,Seq2Trend,0.27,0.03333333333333333,0.6066666666666667
UNISIM_IV_P12_Seq2Trend_trial_228,P12,542480706084f5e0b364ea9cbdb35860,228,4.765182575074276,0.3594535707132683,Seq2Trend,Normal,False,0.01,300,300,20,20,16,0.001,0.6,0.1,median,True,"[0.25, 0.5, 0.75]",False,P50,,False,42,1,static,3,,default_group,UNISIM_IV_P12_Seq2Trend,UNISIM_IV,Seq2Trend,0.27,0.03333333333333333,0.6066666666666667
UNISIM_IV_P12_Seq2Trend_trial_193,P12,c02fda74941798f332929df1867c1d2b,193,4.765182575074276,0.3594535707132683,Seq2Trend,Normal,False,0.01,300,300,20,20,16,0.001,0.6,0.1,median,True,"[0.25, 0.5, 0.75]",False,P50,,False,42,1,static,3,,default_group,UNISIM_IV_P12_Seq2Trend,UNISIM_IV,Seq2Trend,0.27,0.03333333333333333,0.6066666666666667
UNISIM_IV_P12_Seq2Trend_trial_229,P12,76b68c8037bda2549eb8248ba911054f,229,4.765182575074276,0.3594535707132683,Seq2Trend,Normal,False,0.01,300,300,20,20,16,0.001,0.6,0.1,median,True,"[0.25, 0.5, 0.75]",False,P50,,False,42,1,static,3,,default_group,UNISIM_IV_P12_Seq2Trend,UNISIM_IV,Seq2Trend,0.27,0.03333333333333333,0.6066666666666667
UNISIM_IV_P12_Seq2Trend_trial_185,P12,ddedeabf2d8c7c9674dc049e926ca0b7,185,4.765182575074276,0.3594535707132683,Seq2Trend,Normal,False,0.01,300,300,20,20,16,0.001,0.6,0.1,median,True,"[0.25, 0.5, 0.75]",False,P50,,False,42,1,static,3,,default_group,UNISIM_IV_P12_Seq2Trend,UNISIM_IV,Seq2Trend,0.27,0.03333333333333333,0.6066666666666667
UNISIM_IV_P12_Seq2Trend_trial_175,P12,3da5fc2a965e2b74d444695186e2f8b8,175,4.765182575074276,0.3594535707132683,Seq2Trend,Normal,False,0.01,300,300,20,20,16,0.001,0.6,0.1,median,True,"[0.25, 0.5, 0.75]",False,P50,,False,42,1,static,3,,default_group,UNISIM_IV_P12_Seq2Trend,UNISIM_IV,Seq2Trend,0.27,0.03333333333333333,0.6066666666666667
UNISIM_IV_P12_Seq2Trend_trial_217,P12,648238a0852c750c3740a2d10d1c2369,217,4.765182575074276,0.3594535707132683,Seq2Trend,Normal,False,0.01,300,300,20,20,16,0.001,0.6,0.1,median,True,"[0.25, 0.5, 0.75]",False,P50,,False,42,1,static,3,,default_group,UNISIM_IV_P12_Seq2Trend,UNISIM_IV,Seq2Trend,0.27,0.03333333333333333,0.6066666666666667
UNISIM_IV_P12_Seq2Trend_trial_230,P12,539ab5cb4f9853004cb4f0de3c1db158,230,4.765182575074276,0.3594535707132683,Seq2Trend,Normal,False,0.01,300,300,20,20,16,0.001,0.6,0.1,median,True,"[0.25, 0.5, 0.75]",False,P50,,False,42,1,static,3,,default_group,UNISIM_IV_P12_Seq2Trend,UNISIM_IV,Seq2Trend,0.27,0.03333333333333333,0.6066666666666667
UNISIM_IV_P12_Seq2Trend_trial_232,P12,114b291e645224d21d1bce3717b178a0,232,4.765182575074276,0.3594535707132683,Seq2Trend,Normal,False,0.01,300,300,20,20,16,0.001,0.6,0.1,median,True,"[0.25, 0.5, 0.75]",False,P50,,False,42,1,static,3,,default_group,UNISIM_IV_P12_Seq2Trend,UNISIM_IV,Seq2Trend,0.27,0.03333333333333333,0.6066666666666667
UNISIM_IV_P12_Seq2Trend_trial_204,P12,d4680e15cc4f95877ce2fd64d7f5ee9b,204,4.765182575074276,0.3594535707132683,Seq2Trend,Normal,False,0.01,300,300,20,20,16,0.001,0.6,0.1,median,True,"[0.25, 0.5, 0.75]",False,P50,,False,42,1,static,3,,default_group,UNISIM_IV_P12_Seq2Trend,UNISIM_IV,Seq2Trend,0.27,0.03333333333333333,0.6066666666666667
UNISIM_IV_P12_Seq2Trend_trial_248,P12,c7b1b2fd303d339a0705688ac18ccc46,248,4.765182575074276,0.3594535707132683,Seq2Trend,Normal,False,0.01,300,300,20,20,16,0.001,0.6,0.1,median,True,"[0.25, 0.5, 0.75]",False,P50,,False,42,1,static,3,,default_group,UNISIM_IV_P12_Seq2Trend,UNISIM_IV,Seq2Trend,0.27,0.03333333333333333,0.6066666666666667
UNISIM_IV_P12_Seq2Trend_trial_188,P12,5902fa39726c58cf0461e532664b7c4c,188,4.765182575074276,0.3594535707132683,Seq2Trend,Normal,False,0.01,300,300,20,20,16,0.001,0.6,0.1,median,True,"[0.25, 0.5, 0.75]",False,P50,,False,42,1,static,3,,default_group,UNISIM_IV_P12_Seq2Trend,UNISIM_IV,Seq2Trend,0.27,0.03333333333333333,0.6066666666666667
UNISIM_IV_P12_Seq2Trend_trial_222,P12,ad83c7ff88e19b1c725dfc0881d875c5,222,4.765182575074276,0.3594535707132683,Seq2Trend,Normal,False,0.01,300,300,20,20,16,0.001,0.6,0.1,median,True,"[0.25, 0.5, 0.75]",False,P50,,False,42,1,static,3,,default_group,UNISIM_IV_P12_Seq2Trend,UNISIM_IV,Seq2Trend,0.27,0.03333333333333333,0.6066666666666667
UNISIM_IV_P12_Seq2Trend_trial_159,P12,af1a143b9d1cd85e24e0f33a6ae31575,159,4.765182575074276,0.3594535707132683,Seq2Trend,Normal,False,0.01,300,300,20,20,16,0.001,0.6,0.1,median,True,"[0.25, 0.5, 0.75]",False,P50,,False,42,1,static,3,,default_group,UNISIM_IV_P12_Seq2Trend,UNISIM_IV,Seq2Trend,0.27,0.03333333333333333,0.6066666666666667
UNISIM_IV_P12_Seq2Trend_trial_205,P12,57cc76fea7975fe9dcf6b60d9381601e,205,4.765182575074276,0.3594535707132683,Seq2Trend,Normal,False,0.01,300,300,20,20,16,0.001,0.6,0.1,median,True,"[0.25, 0.5, 0.75]",False,P50,,False,42,1,static,3,,default_group,UNISIM_IV_P12_Seq2Trend,UNISIM_IV,Seq2Trend,0.27,0.03333333333333333,0.6066666666666667
UNISIM_IV_P12_Seq2Trend_trial_227,P12,b349fb4f1764bb65942d97056eddfde5,227,4.765182575074276,0.3594535707132683,Seq2Trend,Normal,False,0.01,300,300,20,20,16,0.001,0.6,0.1,median,True,"[0.25, 0.5, 0.75]",False,P50,,False,42,1,static,3,,default_group,UNISIM_IV_P12_Seq2Trend,UNISIM_IV,Seq2Trend,0.27,0.03333333333333333,0.6066666666666667
UNISIM_IV_P12_Seq2Trend_trial_154,P12,513605b94bd937a51e4f771039295013,154,4.765182575074276,0.3594535707132683,Seq2Trend,Normal,False,0.01,300,300,20,20,16,0.001,0.6,0.1,median,True,"[0.25, 0.5, 0.75]",False,P50,,False,42,1,static,3,,default_group,UNISIM_IV_P12_Seq2Trend,UNISIM_IV,Seq2Trend,0.27,0.03333333333333333,0.6066666666666667
UNISIM_IV_P12_Seq2Trend_trial_187,P12,84fe58907b8595b42c4188cbbbe5e720,187,4.765182575074276,0.3594535707132683,Seq2Trend,Normal,False,0.01,300,300,20,20,16,0.001,0.6,0.1,median,True,"[0.25, 0.5, 0.75]",False,P50,,False,42,1,static,3,,default_group,UNISIM_IV_P12_Seq2Trend,UNISIM_IV,Seq2Trend,0.27,0.03333333333333333,0.6066666666666667
UNISIM_IV_P12_Seq2Trend_trial_155,P12,bb03d0539fc49aff500390fdd056f09f,155,4.765182575074276,0.3594535707132683,Seq2Trend,Normal,False,0.01,300,300,20,20,16,0.001,0.6,0.1,median,True,"[0.25, 0.5, 0.75]",False,P50,,False,42,1,static,3,,default_group,UNISIM_IV_P12_Seq2Trend,UNISIM_IV,Seq2Trend,0.27,0.03333333333333333,0.6066666666666667
UNISIM_IV_P12_Seq2Trend_trial_221,P12,a675ee7049497a10660305f1ba29f913,221,4.765182575074276,0.3594535707132683,Seq2Trend,Normal,False,0.01,300,300,20,20,16,0.001,0.6,0.1,median,True,"[0.25, 0.5, 0.75]",False,P50,,False,42,1,static,3,,default_group,UNISIM_IV_P12_Seq2Trend,UNISIM_IV,Seq2Trend,0.27,0.03333333333333333,0.6066666666666667
UNISIM_IV_P12_Seq2Trend_trial_233,P12,05d8d5f362a39e16dc7c72c72d02f1c8,233,4.765182575074276,0.3594535707132683,Seq2Trend,Normal,False,0.01,300,300,20,20,16,0.001,0.6,0.1,median,True,"[0.25, 0.5, 0.75]",False,P50,,False,42,1,static,3,,default_group,UNISIM_IV_P12_Seq2Trend,UNISIM_IV,Seq2Trend,0.27,0.03333333333333333,0.6066666666666667
UNISIM_IV_P12_Seq2Trend_trial_201,P12,57a75879b4ed74db1e8436a09e4148ec,201,4.765182575074276,0.3594535707132683,Seq2Trend,Normal,False,0.01,300,300,20,20,16,0.001,0.6,0.1,median,True,"[0.25, 0.5, 0.75]",False,P50,,False,42,1,static,3,,default_group,UNISIM_IV_P12_Seq2Trend,UNISIM_IV,Seq2Trend,0.27,0.03333333333333333,0.6066666666666667
UNISIM_IV_P12_Seq2Trend_trial_167,P12,e415aaee294b18ff783d30b87bdead18,167,4.765182575074276,0.3594535707132683,Seq2Trend,Normal,False,0.01,300,300,20,20,16,0.001,0.6,0.1,median,True,"[0.25, 0.5, 0.75]",False,P50,,False,42,1,static,3,,default_group,UNISIM_IV_P12_Seq2Trend,UNISIM_IV,Seq2Trend,0.27,0.03333333333333333,0.6066666666666667
UNISIM_IV_P12_Seq2Trend_trial_191,P12,577484a79f903fac30748e36075a3d50,191,4.765182575074276,0.3594535707132683,Seq2Trend,Normal,False,0.01,300,300,20,20,16,0.001,0.6,0.1,median,True,"[0.25, 0.5, 0.75]",False,P50,,False,42,1,static,3,,default_group,UNISIM_IV_P12_Seq2Trend,UNISIM_IV,Seq2Trend,0.27,0.03333333333333333,0.6066666666666667
UNISIM_IV_P12_Seq2Trend_trial_239,P12,18c8b3732a82b22ef4e4f6d882349bee,239,4.765182575074276,0.3594535707132683,Seq2Trend,Normal,False,0.01,300,300,20,20,16,0.001,0.6,0.1,median,True,"[0.25, 0.5, 0.75]",False,P50,,False,42,1,static,3,,default_group,UNISIM_IV_P12_Seq2Trend,UNISIM_IV,Seq2Trend,0.27,0.03333333333333333,0.6066666666666667
UNISIM_IV_P12_Seq2Trend_trial_216,P12,2725ccf3244b6f3e4b4882e08c270d49,216,4.765182575074276,0.3594535707132683,Seq2Trend,Normal,False,0.01,300,300,20,20,16,0.001,0.6,0.1,median,True,"[0.25, 0.5, 0.75]",False,P50,,False,42,1,static,3,,default_group,UNISIM_IV_P12_Seq2Trend,UNISIM_IV,Seq2Trend,0.27,0.03333333333333333,0.6066666666666667
UNISIM_IV_P12_Seq2Trend_trial_234,P12,a99f9ff240fd33f499c88a6b7debdcb8,234,4.765182575074276,0.3594535707132683,Seq2Trend,Normal,False,0.01,300,300,20,20,16,0.001,0.6,0.1,median,True,"[0.25, 0.5, 0.75]",False,P50,,False,42,1,static,3,,default_group,UNISIM_IV_P12_Seq2Trend,UNISIM_IV,Seq2Trend,0.27,0.03333333333333333,0.6066666666666667
UNISIM_IV_P12_Seq2Trend_trial_240,P12,25e76f2bd3bbf7f376580d63b19e4452,240,4.765182575074276,0.3594535707132683,Seq2Trend,Normal,False,0.01,300,300,20,20,16,0.001,0.6,0.1,median,True,"[0.25, 0.5, 0.75]",False,P50,,False,42,1,static,3,,default_group,UNISIM_IV_P12_Seq2Trend,UNISIM_IV,Seq2Trend,0.27,0.03333333333333333,0.6066666666666667
UNISIM_IV_P12_Seq2Trend_trial_218,P12,5744fc4079177ecb95297e9949da3e6a,218,4.765182575074276,0.3594535707132683,Seq2Trend,Normal,False,0.01,300,300,20,20,16,0.001,0.6,0.1,median,True,"[0.25, 0.5, 0.75]",False,P50,,False,42,1,static,3,,default_group,UNISIM_IV_P12_Seq2Trend,UNISIM_IV,Seq2Trend,0.27,0.03333333333333333,0.6066666666666667
UNISIM_IV_P12_Seq2Trend_trial_173,P12,030d5b193e28108929de7c1e8a4eb987,173,4.765182575074276,0.3594535707132683,Seq2Trend,Normal,False,0.01,300,300,20,20,16,0.001,0.6,0.1,median,True,"[0.25, 0.5, 0.75]",False,P50,,False,42,1,static,3,,default_group,UNISIM_IV_P12_Seq2Trend,UNISIM_IV,Seq2Trend,0.27,0.03333333333333333,0.6066666666666667
UNISIM_IV_P12_Seq2Trend_trial_150,P12,ed3176a18295db18bdd75d1b05a6b207,150,4.765182575074276,0.3594535707132683,Seq2Trend,Normal,False,0.01,300,300,20,20,16,0.001,0.6,0.1,median,True,"[0.25, 0.5, 0.75]",False,P50,,False,42,1,static,3,,default_group,UNISIM_IV_P12_Seq2Trend,UNISIM_IV,Seq2Trend,0.27,0.03333333333333333,0.6066666666666667
UNISIM_IV_P12_Seq2Trend_trial_183,P12,a25ae5c7fafa2a885b6aa6cf4da3cd2a,183,4.765182575074276,0.3594535707132683,Seq2Trend,Normal,False,0.01,300,300,20,20,16,0.001,0.6,0.1,median,True,"[0.25, 0.5, 0.75]",False,P50,,False,42,1,static,3,,default_group,UNISIM_IV_P12_Seq2Trend,UNISIM_IV,Seq2Trend,0.27,0.03333333333333333,0.6066666666666667
UNISIM_IV_P12_Seq2Trend_trial_235,P12,47646f13694be2a923357875722f2003,235,4.765182575074276,0.3594535707132683,Seq2Trend,Normal,False,0.01,300,300,20,20,16,0.001,0.6,0.1,median,True,"[0.25, 0.5, 0.75]",False,P50,,False,42,1,static,3,,default_group,UNISIM_IV_P12_Seq2Trend,UNISIM_IV,Seq2Trend,0.27,0.03333333333333333,0.6066666666666667
UNISIM_IV_P12_Seq2Trend_trial_166,P12,d8c0f697b538f6985a59ec0b318d5745,166,4.765182575074276,0.3594535707132683,Seq2Trend,Normal,False,0.01,300,300,20,20,16,0.001,0.6,0.1,median,True,"[0.25, 0.5, 0.75]",False,P50,,False,42,1,static,3,,default_group,UNISIM_IV_P12_Seq2Trend,UNISIM_IV,Seq2Trend,0.27,0.03333333333333333,0.6066666666666667
UNISIM_IV_P12_Seq2Trend_trial_246,P12,a73f320ec3c97f416e5ebe787013e71c,246,4.765182575074276,0.3594535707132683,Seq2Trend,Normal,False,0.01,300,300,20,20,16,0.001,0.6,0.1,median,True,"[0.25, 0.5, 0.75]",False,P50,,False,42,1,static,3,,default_group,UNISIM_IV_P12_Seq2Trend,UNISIM_IV,Seq2Trend,0.27,0.03333333333333333,0.6066666666666667
UNISIM_IV_P12_Seq2Trend_trial_224,P12,b9c0050961c74e48a6ba2402afe856b0,224,4.765182575074276,0.3594535707132683,Seq2Trend,Normal,False,0.01,300,300,20,20,16,0.001,0.6,0.1,median,True,"[0.25, 0.5, 0.75]",False,P50,,False,42,1,static,3,,default_group,UNISIM_IV_P12_Seq2Trend,UNISIM_IV,Seq2Trend,0.27,0.03333333333333333,0.6066666666666667
UNISIM_IV_P12_Seq2Trend_trial_214,P12,65939710e7545b080ed815c61be6468e,214,4.765182575074276,0.3594535707132683,Seq2Trend,Normal,False,0.01,300,300,20,20,16,0.001,0.6,0.1,median,True,"[0.25, 0.5, 0.75]",False,P50,,False,42,1,static,3,,default_group,UNISIM_IV_P12_Seq2Trend,UNISIM_IV,Seq2Trend,0.27,0.03333333333333333,0.6066666666666667
UNISIM_IV_P12_Seq2Trend_trial_161,P12,e1a3b5eaf4a9aa0322175b99091e554b,161,4.765182575074276,0.3594535707132683,Seq2Trend,Normal,False,0.01,300,300,20,20,16,0.001,0.6,0.1,median,True,"[0.25, 0.5, 0.75]",False,P50,,False,42,1,static,3,,default_group,UNISIM_IV_P12_Seq2Trend,UNISIM_IV,Seq2Trend,0.27,0.03333333333333333,0.6066666666666667
UNISIM_IV_P12_Seq2Trend_trial_249,P12,86cd214d5c361fa72e848db9f9fe994a,249,4.765182575074276,0.3594535707132683,Seq2Trend,Normal,False,0.01,300,300,20,20,16,0.001,0.6,0.1,median,True,"[0.25, 0.5, 0.75]",False,P50,,False,42,1,static,3,,default_group,UNISIM_IV_P12_Seq2Trend,UNISIM_IV,Seq2Trend,0.27,0.03333333333333333,0.6066666666666667
UNISIM_IV_P12_Seq2Trend_trial_262,P12,fc7f1d16b226bdc28b52cbfa2a918efa,262,91.27135201070185,17.478237955991254,Seq2Trend,Normal,False,0.99,300,300,50,20,8,0.05,0.6,0.1,median,True,"[0.25, 0.5, 0.75]",False,P50,,False,42,1,arps,4,,default_group,UNISIM_IV_P12_Seq2Trend,UNISIM_IV,Seq2Trend,0.9863888888888889,0.9863888888888889,3.9455555555555555
UNISIM_IV_P12_Seq2Trend_trial_283,P12,c79e4c02e2d3feede2ab0c59f431e6be,283,91.27135201070185,17.478237955991254,Seq2Trend,Normal,False,0.99,300,300,50,20,8,0.05,0.6,0.1,median,True,"[0.25, 0.5, 0.75]",False,P50,,False,42,1,arps,4,,default_group,UNISIM_IV_P12_Seq2Trend,UNISIM_IV,Seq2Trend,0.9863888888888889,0.9863888888888889,3.9455555555555555
UNISIM_IV_P12_Seq2Trend_trial_285,P12,16dddca9574da74130a81659b41cf6a9,285,91.27135201070185,17.478237955991254,Seq2Trend,Normal,False,0.99,300,300,50,20,8,0.05,0.6,0.1,median,True,"[0.25, 0.5, 0.75]",False,P50,,False,42,1,arps,4,,default_group,UNISIM_IV_P12_Seq2Trend,UNISIM_IV,Seq2Trend,0.9863888888888889,0.9863888888888889,3.9455555555555555
UNISIM_IV_P12_Seq2Trend_trial_269,P12,e998c88c44cba8ed73b02a7c358d1a42,269,91.27135201070185,17.478237955991254,Seq2Trend,Normal,False,0.99,300,300,50,20,8,0.05,0.6,0.1,median,True,"[0.25, 0.5, 0.75]",False,P50,,False,42,1,arps,4,,default_group,UNISIM_IV_P12_Seq2Trend,UNISIM_IV,Seq2Trend,0.9863888888888889,0.9863888888888889,3.9455555555555555
UNISIM_IV_P12_Seq2Trend_trial_270,P12,40e8d115a2b1358b147068892babf1a0,270,91.27135201070185,17.478237955991254,Seq2Trend,Normal,False,0.99,300,300,50,20,8,0.05,0.6,0.1,median,True,"[0.25, 0.5, 0.75]",False,P50,,False,42,1,arps,4,,default_group,UNISIM_IV_P12_Seq2Trend,UNISIM_IV,Seq2Trend,0.9863888888888889,0.9863888888888889,3.9455555555555555
UNISIM_IV_P12_Seq2Trend_trial_266,P12,570f014a868d392c6cd401d0c7bd5d5e,266,91.27135201070185,17.478237955991254,Seq2Trend,Normal,False,0.99,300,300,50,20,8,0.05,0.6,0.1,median,True,"[0.25, 0.5, 0.75]",False,P50,,False,42,1,arps,4,,default_group,UNISIM_IV_P12_Seq2Trend,UNISIM_IV,Seq2Trend,0.9863888888888889,0.9863888888888889,3.9455555555555555
UNISIM_IV_P12_Seq2Trend_trial_277,P12,7544c4deda19f3a3418cd578b4264841,277,91.27135201070185,17.478237955991254,Seq2Trend,Normal,False,0.99,300,300,50,20,8,0.05,0.6,0.1,median,True,"[0.25, 0.5, 0.75]",False,P50,,False,42,1,arps,4,,default_group,UNISIM_IV_P12_Seq2Trend,UNISIM_IV,Seq2Trend,0.9863888888888889,0.9863888888888889,3.9455555555555555
UNISIM_IV_P12_Seq2Trend_trial_272,P12,976f6c304891e0a2f268ca4116b8db7d,272,91.27135201070185,17.478237955991254,Seq2Trend,Normal,False,0.99,300,300,50,20,8,0.05,0.6,0.1,median,True,"[0.25, 0.5, 0.75]",False,P50,,False,42,1,arps,4,,default_group,UNISIM_IV_P12_Seq2Trend,UNISIM_IV,Seq2Trend,0.9863888888888889,0.9863888888888889,3.9455555555555555
UNISIM_IV_P12_Seq2Trend_trial_296,P12,5d004227b84b44dabaa58b3caeb53db1,296,91.27135201070185,17.478237955991254,Seq2Trend,Normal,False,0.99,300,300,50,20,8,0.05,0.6,0.1,median,True,"[0.25, 0.5, 0.75]",False,P50,,False,42,1,arps,4,,default_group,UNISIM_IV_P12_Seq2Trend,UNISIM_IV,Seq2Trend,0.9863888888888889,0.9863888888888889,3.9455555555555555
UNISIM_IV_P12_Seq2Trend_trial_273,P12,40245d0a1cc3d029feadd924edb39844,273,91.27135201070185,17.478237955991254,Seq2Trend,Normal,False,0.99,300,300,50,20,8,0.05,0.6,0.1,median,True,"[0.25, 0.5, 0.75]",False,P50,,False,42,1,arps,4,,default_group,UNISIM_IV_P12_Seq2Trend,UNISIM_IV,Seq2Trend,0.9863888888888889,0.9863888888888889,3.9455555555555555
UNISIM_IV_P12_Seq2Trend_trial_261,P12,4a87f025b812ea46455f236297116db2,261,91.27135201070185,17.478237955991254,Seq2Trend,Normal,False,0.99,300,300,50,20,8,0.05,0.6,0.1,median,True,"[0.25, 0.5, 0.75]",False,P50,,False,42,1,arps,4,,default_group,UNISIM_IV_P12_Seq2Trend,UNISIM_IV,Seq2Trend,0.9863888888888889,0.9863888888888889,3.9455555555555555
UNISIM_IV_P12_Seq2Trend_trial_260,P12,d1b08e2305cc8fff3aa2ca4e1627a913,260,91.27135201070185,17.478237955991254,Seq2Trend,Normal,False,0.99,300,300,50,20,8,0.05,0.6,0.1,median,True,"[0.25, 0.5, 0.75]",False,P50,,False,42,1,arps,4,,default_group,UNISIM_IV_P12_Seq2Trend,UNISIM_IV,Seq2Trend,0.9863888888888889,0.9863888888888889,3.9455555555555555
UNISIM_IV_P12_Seq2Trend_trial_293,P12,5371a1c2fa064f26ebaf73f8c0afe56e,293,91.27135201070185,17.478237955991254,Seq2Trend,Normal,False,0.99,300,300,50,20,8,0.05,0.6,0.1,median,True,"[0.25, 0.5, 0.75]",False,P50,,False,42,1,arps,4,,default_group,UNISIM_IV_P12_Seq2Trend,UNISIM_IV,Seq2Trend,0.9863888888888889,0.9863888888888889,3.9455555555555555
UNISIM_IV_P12_Seq2Trend_trial_253,P12,edd0daa5638a422b53d332712c44a67d,253,91.27135201070185,17.478237955991254,Seq2Trend,Normal,False,0.99,300,300,50,20,8,0.05,0.6,0.1,median,True,"[0.25, 0.5, 0.75]",False,P50,,False,42,1,arps,4,,default_group,UNISIM_IV_P12_Seq2Trend,UNISIM_IV,Seq2Trend,0.9863888888888889,0.9863888888888889,3.9455555555555555
UNISIM_IV_P12_Seq2Trend_trial_264,P12,aceea99b5368558ab6c4fe4f44c82f06,264,91.27135201070185,17.478237955991254,Seq2Trend,Normal,False,0.99,300,300,50,20,8,0.05,0.6,0.1,median,True,"[0.25, 0.5, 0.75]",False,P50,,False,42,1,arps,4,,default_group,UNISIM_IV_P12_Seq2Trend,UNISIM_IV,Seq2Trend,0.9863888888888889,0.9863888888888889,3.9455555555555555
UNISIM_IV_P12_Seq2Trend_trial_292,P12,c5b4010035016080f907f0e22675752a,292,91.27135201070185,17.478237955991254,Seq2Trend,Normal,False,0.99,300,300,50,20,8,0.05,0.6,0.1,median,True,"[0.25, 0.5, 0.75]",False,P50,,False,42,1,arps,4,,default_group,UNISIM_IV_P12_Seq2Trend,UNISIM_IV,Seq2Trend,0.9863888888888889,0.9863888888888889,3.9455555555555555
UNISIM_IV_P12_Seq2Trend_trial_279,P12,174689b9d60cd1b95eb49a03a9eaf8b8,279,91.27135201070185,17.478237955991254,Seq2Trend,Normal,False,0.99,300,300,50,20,8,0.05,0.6,0.1,median,True,"[0.25, 0.5, 0.75]",False,P50,,False,42,1,arps,4,,default_group,UNISIM_IV_P12_Seq2Trend,UNISIM_IV,Seq2Trend,0.9863888888888889,0.9863888888888889,3.9455555555555555
UNISIM_IV_P12_Seq2Trend_trial_258,P12,8c3cb517e0baae3bbfd49e567628ccf7,258,91.27135201070185,17.478237955991254,Seq2Trend,Normal,False,0.99,300,300,50,20,8,0.05,0.6,0.1,median,True,"[0.25, 0.5, 0.75]",False,P50,,False,42,1,arps,4,,default_group,UNISIM_IV_P12_Seq2Trend,UNISIM_IV,Seq2Trend,0.9863888888888889,0.9863888888888889,3.9455555555555555
UNISIM_IV_P12_Seq2Trend_trial_295,P12,5c2717b520b17fd6f09df4cc5b7e17e0,295,91.27135201070185,17.478237955991254,Seq2Trend,Normal,False,0.99,300,300,50,20,8,0.05,0.6,0.1,median,True,"[0.25, 0.5, 0.75]",False,P50,,False,42,1,arps,4,,default_group,UNISIM_IV_P12_Seq2Trend,UNISIM_IV,Seq2Trend,0.9863888888888889,0.9863888888888889,3.9455555555555555
UNISIM_IV_P12_Seq2Trend_trial_271,P12,eb72187c9a8c00d2c7e62e11e866e47d,271,91.27135201070185,17.478237955991254,Seq2Trend,Normal,False,0.99,300,300,50,20,8,0.05,0.6,0.1,median,True,"[0.25, 0.5, 0.75]",False,P50,,False,42,1,arps,4,,default_group,UNISIM_IV_P12_Seq2Trend,UNISIM_IV,Seq2Trend,0.9863888888888889,0.9863888888888889,3.9455555555555555
UNISIM_IV_P12_Seq2Trend_trial_281,P12,375037bf19043ce534620ee76c0e7902,281,91.27135201070185,17.478237955991254,Seq2Trend,Normal,False,0.99,300,300,50,20,8,0.05,0.6,0.1,median,True,"[0.25, 0.5, 0.75]",False,P50,,False,42,1,arps,4,,default_group,UNISIM_IV_P12_Seq2Trend,UNISIM_IV,Seq2Trend,0.9863888888888889,0.9863888888888889,3.9455555555555555
UNISIM_IV_P12_Seq2Trend_trial_257,P12,b88b8dd1e060d4eb78b63af3b58d4cf2,257,91.27135201070185,17.478237955991254,Seq2Trend,Normal,False,0.99,300,300,50,20,8,0.05,0.6,0.1,median,True,"[0.25, 0.5, 0.75]",False,P50,,False,42,1,arps,4,,default_group,UNISIM_IV_P12_Seq2Trend,UNISIM_IV,Seq2Trend,0.9863888888888889,0.9863888888888889,3.9455555555555555
UNISIM_IV_P12_Seq2Trend_trial_297,P12,c0d5157abc204f488a6cbee562f61609,297,91.27135201070185,17.478237955991254,Seq2Trend,Normal,False,0.99,300,300,50,20,8,0.05,0.6,0.1,median,True,"[0.25, 0.5, 0.75]",False,P50,,False,42,1,arps,4,,default_group,UNISIM_IV_P12_Seq2Trend,UNISIM_IV,Seq2Trend,0.9863888888888889,0.9863888888888889,3.9455555555555555
UNISIM_IV_P12_Seq2Trend_trial_252,P12,e7811fe733dec7bcf71db0abc3053ef0,252,91.27135201070185,17.478237955991254,Seq2Trend,Normal,False,0.99,300,300,50,20,8,0.05,0.6,0.1,median,True,"[0.25, 0.5, 0.75]",False,P50,,False,42,1,arps,4,,default_group,UNISIM_IV_P12_Seq2Trend,UNISIM_IV,Seq2Trend,0.9863888888888889,0.9863888888888889,3.9455555555555555
UNISIM_IV_P12_Seq2Trend_trial_267,P12,8053782054c08fc7899db64cb2970563,267,91.27135201070185,17.478237955991254,Seq2Trend,Normal,False,0.99,300,300,50,20,8,0.05,0.6,0.1,median,True,"[0.25, 0.5, 0.75]",False,P50,,False,42,1,arps,4,,default_group,UNISIM_IV_P12_Seq2Trend,UNISIM_IV,Seq2Trend,0.9863888888888889,0.9863888888888889,3.9455555555555555
UNISIM_IV_P12_Seq2Trend_trial_268,P12,1ccefa71414ac5596b824d15a6aaf691,268,91.27135201070185,17.478237955991254,Seq2Trend,Normal,False,0.99,300,300,50,20,8,0.05,0.6,0.1,median,True,"[0.25, 0.5, 0.75]",False,P50,,False,42,1,arps,4,,default_group,UNISIM_IV_P12_Seq2Trend,UNISIM_IV,Seq2Trend,0.9863888888888889,0.9863888888888889,3.9455555555555555
UNISIM_IV_P12_Seq2Trend_trial_251,P12,7f3ef3820d96d4edae2988d3aff5ae89,251,91.27135201070185,17.478237955991254,Seq2Trend,Normal,False,0.99,300,300,50,20,8,0.05,0.6,0.1,median,True,"[0.25, 0.5, 0.75]",False,P50,,False,42,1,arps,4,,default_group,UNISIM_IV_P12_Seq2Trend,UNISIM_IV,Seq2Trend,0.9863888888888889,0.9863888888888889,3.9455555555555555
UNISIM_IV_P12_Seq2Trend_trial_286,P12,ce4c05179fa20ad7e3f1229e4ab599d9,286,91.27135201070185,17.478237955991254,Seq2Trend,Normal,False,0.99,300,300,50,20,8,0.05,0.6,0.1,median,True,"[0.25, 0.5, 0.75]",False,P50,,False,42,1,arps,4,,default_group,UNISIM_IV_P12_Seq2Trend,UNISIM_IV,Seq2Trend,0.9863888888888889,0.9863888888888889,3.9455555555555555
UNISIM_IV_P12_Seq2Trend_trial_259,P12,70845eecab92e0db2493870bb1d1c079,259,91.27135201070185,17.478237955991254,Seq2Trend,Normal,False,0.99,300,300,50,20,8,0.05,0.6,0.1,median,True,"[0.25, 0.5, 0.75]",False,P50,,False,42,1,arps,4,,default_group,UNISIM_IV_P12_Seq2Trend,UNISIM_IV,Seq2Trend,0.9863888888888889,0.9863888888888889,3.9455555555555555
UNISIM_IV_P12_Seq2Trend_trial_255,P12,e567fd15aa7f71cb981ff5ddaa31f894,255,91.27135201070185,17.478237955991254,Seq2Trend,Normal,False,0.99,300,300,50,20,8,0.05,0.6,0.1,median,True,"[0.25, 0.5, 0.75]",False,P50,,False,42,1,arps,4,,default_group,UNISIM_IV_P12_Seq2Trend,UNISIM_IV,Seq2Trend,0.9863888888888889,0.9863888888888889,3.9455555555555555
UNISIM_IV_P12_Seq2Trend_trial_284,P12,3fce91e6bb2739108c8040f15b739ef8,284,91.27135201070185,17.478237955991254,Seq2Trend,Normal,False,0.99,300,300,50,20,8,0.05,0.6,0.1,median,True,"[0.25, 0.5, 0.75]",False,P50,,False,42,1,arps,4,,default_group,UNISIM_IV_P12_Seq2Trend,UNISIM_IV,Seq2Trend,0.9863888888888889,0.9863888888888889,3.9455555555555555
UNISIM_IV_P12_Seq2Trend_trial_278,P12,9dc5dc338263a9e9a8f921dcf22316fe,278,91.27135201070185,17.478237955991254,Seq2Trend,Normal,False,0.99,300,300,50,20,8,0.05,0.6,0.1,median,True,"[0.25, 0.5, 0.75]",False,P50,,False,42,1,arps,4,,default_group,UNISIM_IV_P12_Seq2Trend,UNISIM_IV,Seq2Trend,0.9863888888888889,0.9863888888888889,3.9455555555555555
UNISIM_IV_P12_Seq2Trend_trial_265,P12,775eb59e80315906945f585d0f68ae3c,265,91.27135201070185,17.478237955991254,Seq2Trend,Normal,False,0.99,300,300,50,20,8,0.05,0.6,0.1,median,True,"[0.25, 0.5, 0.75]",False,P50,,False,42,1,arps,4,,default_group,UNISIM_IV_P12_Seq2Trend,UNISIM_IV,Seq2Trend,0.9863888888888889,0.9863888888888889,3.9455555555555555
UNISIM_IV_P12_Seq2Trend_trial_282,P12,701dd761402ac19e9d01b303c25ef22a,282,91.27135201070185,17.478237955991254,Seq2Trend,Normal,False,0.99,300,300,50,20,8,0.05,0.6,0.1,median,True,"[0.25, 0.5, 0.75]",False,P50,,False,42,1,arps,4,,default_group,UNISIM_IV_P12_Seq2Trend,UNISIM_IV,Seq2Trend,0.9863888888888889,0.9863888888888889,3.9455555555555555
UNISIM_IV_P12_Seq2Trend_trial_287,P12,cbbfc2e7466b7e3b633362d07a250308,287,91.27135201070185,17.478237955991254,Seq2Trend,Normal,False,0.99,300,300,50,20,8,0.05,0.6,0.1,median,True,"[0.25, 0.5, 0.75]",False,P50,,False,42,1,arps,4,,default_group,UNISIM_IV_P12_Seq2Trend,UNISIM_IV,Seq2Trend,0.9863888888888889,0.9863888888888889,3.9455555555555555
UNISIM_IV_P12_Seq2Trend_trial_275,P12,dd903d97f51c7542e5e8f657f693168f,275,91.27135201070185,17.478237955991254,Seq2Trend,Normal,False,0.99,300,300,50,20,8,0.05,0.6,0.1,median,True,"[0.25, 0.5, 0.75]",False,P50,,False,42,1,arps,4,,default_group,UNISIM_IV_P12_Seq2Trend,UNISIM_IV,Seq2Trend,0.9863888888888889,0.9863888888888889,3.9455555555555555
UNISIM_IV_P12_Seq2Trend_trial_299,P12,3c7783c067bc36a2aca6d71fb239a05d,299,91.27135201070185,17.478237955991254,Seq2Trend,Normal,False,0.99,300,300,50,20,8,0.05,0.6,0.1,median,True,"[0.25, 0.5, 0.75]",False,P50,,False,42,1,arps,4,,default_group,UNISIM_IV_P12_Seq2Trend,UNISIM_IV,Seq2Trend,0.9863888888888889,0.9863888888888889,3.9455555555555555
UNISIM_IV_P12_Seq2Trend_trial_256,P12,e901b763c0e20131e09d025f69eeb12c,256,91.27135201070185,17.478237955991254,Seq2Trend,Normal,False,0.99,300,300,50,20,8,0.05,0.6,0.1,median,True,"[0.25, 0.5, 0.75]",False,P50,,False,42,1,arps,4,,default_group,UNISIM_IV_P12_Seq2Trend,UNISIM_IV,Seq2Trend,0.9863888888888889,0.9863888888888889,3.9455555555555555
UNISIM_IV_P12_Seq2Trend_trial_263,P12,089fe452d80cc64adde934c15a80a60f,263,91.27135201070185,17.478237955991254,Seq2Trend,Normal,False,0.99,300,300,50,20,8,0.05,0.6,0.1,median,True,"[0.25, 0.5, 0.75]",False,P50,,False,42,1,arps,4,,default_group,UNISIM_IV_P12_Seq2Trend,UNISIM_IV,Seq2Trend,0.9863888888888889,0.9863888888888889,3.9455555555555555
UNISIM_IV_P12_Seq2Trend_trial_250,P12,cca3ba44b35fff39b27316cbf6823055,250,91.27135201070185,17.478237955991254,Seq2Trend,Normal,False,0.99,300,300,50,20,8,0.05,0.6,0.1,median,True,"[0.25, 0.5, 0.75]",False,P50,,False,42,1,arps,4,,default_group,UNISIM_IV_P12_Seq2Trend,UNISIM_IV,Seq2Trend,0.9863888888888889,0.9863888888888889,3.9455555555555555
UNISIM_IV_P12_Seq2Trend_trial_276,P12,a1c906b20f5b12551b4c832e27bc5adf,276,91.27135201070185,17.478237955991254,Seq2Trend,Normal,False,0.99,300,300,50,20,8,0.05,0.6,0.1,median,True,"[0.25, 0.5, 0.75]",False,P50,,False,42,1,arps,4,,default_group,UNISIM_IV_P12_Seq2Trend,UNISIM_IV,Seq2Trend,0.9863888888888889,0.9863888888888889,3.9455555555555555
UNISIM_IV_P12_Seq2Trend_trial_290,P12,47f05ca6ad469e3863dc2e39e940b12a,290,91.27135201070185,17.478237955991254,Seq2Trend,Normal,False,0.99,300,300,50,20,8,0.05,0.6,0.1,median,True,"[0.25, 0.5, 0.75]",False,P50,,False,42,1,arps,4,,default_group,UNISIM_IV_P12_Seq2Trend,UNISIM_IV,Seq2Trend,0.9863888888888889,0.9863888888888889,3.9455555555555555
UNISIM_IV_P12_Seq2Trend_trial_280,P12,cf01615da3ed025196037a2fe4541ec4,280,91.27135201070185,17.478237955991254,Seq2Trend,Normal,False,0.99,300,300,50,20,8,0.05,0.6,0.1,median,True,"[0.25, 0.5, 0.75]",False,P50,,False,42,1,arps,4,,default_group,UNISIM_IV_P12_Seq2Trend,UNISIM_IV,Seq2Trend,0.9863888888888889,0.9863888888888889,3.9455555555555555
UNISIM_IV_P12_Seq2Trend_trial_254,P12,acdaa6b00118c773e0752f5ced97f14b,254,91.27135201070185,17.478237955991254,Seq2Trend,Normal,False,0.99,300,300,50,20,8,0.05,0.6,0.1,median,True,"[0.25, 0.5, 0.75]",False,P50,,False,42,1,arps,4,,default_group,UNISIM_IV_P12_Seq2Trend,UNISIM_IV,Seq2Trend,0.9863888888888889,0.9863888888888889,3.9455555555555555
UNISIM_IV_P12_Seq2Trend_trial_274,P12,3893febbf5d52f7b9281b6fa2343c28f,274,91.27135201070185,17.478237955991254,Seq2Trend,Normal,False,0.99,300,300,50,20,8,0.05,0.6,0.1,median,True,"[0.25, 0.5, 0.75]",False,P50,,False,42,1,arps,4,,default_group,UNISIM_IV_P12_Seq2Trend,UNISIM_IV,Seq2Trend,0.9863888888888889,0.9863888888888889,3.9455555555555555
UNISIM_IV_P12_Seq2Trend_trial_294,P12,8fbce54d323cea9165b811c7cce055c2,294,91.27135201070185,17.478237955991254,Seq2Trend,Normal,False,0.99,300,300,50,20,8,0.05,0.6,0.1,median,True,"[0.25, 0.5, 0.75]",False,P50,,False,42,1,arps,4,,default_group,UNISIM_IV_P12_Seq2Trend,UNISIM_IV,Seq2Trend,0.9863888888888889,0.9863888888888889,3.9455555555555555
UNISIM_IV_P12_Seq2Trend_trial_288,P12,b52926cf10d07a9c5d9ea1923ae965e8,288,91.27135201070185,17.478237955991254,Seq2Trend,Normal,False,0.99,300,300,50,20,8,0.05,0.6,0.1,median,True,"[0.25, 0.5, 0.75]",False,P50,,False,42,1,arps,4,,default_group,UNISIM_IV_P12_Seq2Trend,UNISIM_IV,Seq2Trend,0.9863888888888889,0.9863888888888889,3.9455555555555555
UNISIM_IV_P12_Seq2Trend_trial_291,P12,f3b354b1f13f15248dc2d061a71a9291,291,91.27135201070185,17.478237955991254,Seq2Trend,Normal,False,0.99,300,300,50,20,8,0.05,0.6,0.1,median,True,"[0.25, 0.5, 0.75]",False,P50,,False,42,1,arps,4,,default_group,UNISIM_IV_P12_Seq2Trend,UNISIM_IV,Seq2Trend,0.9863888888888889,0.9863888888888889,3.9455555555555555
UNISIM_IV_P12_Seq2Trend_trial_289,P12,59bc3175d843fbfd1f22b6ec633966ad,289,91.27135201070185,17.478237955991254,Seq2Trend,Normal,False,0.99,300,300,50,20,8,0.05,0.6,0.1,median,True,"[0.25, 0.5, 0.75]",False,P50,,False,42,1,arps,4,,default_group,UNISIM_IV_P12_Seq2Trend,UNISIM_IV,Seq2Trend,0.9863888888888889,0.9863888888888889,3.9455555555555555
UNISIM_IV_P12_Seq2Trend_trial_298,P12,aafa6c782d308615f84d84a164ca1c3e,298,91.27135201070185,17.478237955991254,Seq2Trend,Normal,False,0.99,300,300,50,20,8,0.05,0.6,0.1,median,True,"[0.25, 0.5, 0.75]",False,P50,,False,42,1,arps,4,,default_group,UNISIM_IV_P12_Seq2Trend,UNISIM_IV,Seq2Trend,0.9863888888888889,0.9863888888888889,3.9455555555555555
UNISIM_IV_P12_Seq2Trend_trial_101,P12,6e570af8dc469dceebb320c03acc8e78,101,11.725551185762598,2.830010358200307,Seq2Trend,Normal,False,0.99,300,300,20,20,8,0.01,0.6,0.1,median,True,"[0.25, 0.5, 0.75]",False,P50,,False,42,1,arps,7,,default_group,UNISIM_IV_P12_Seq2Trend,UNISIM_IV,Seq2Trend,0.8311111111111111,0.8216666666666667,3.3055555555555554
UNISIM_IV_P12_Seq2Trend_trial_16,P12,a22735bcf8f6f678d560c2a70bec5870,16,13.078524929833709,3.1797990168395915,Seq2Trend,Normal,False,0.25,300,300,100,20,16,0.05,0.6,0.1,median,True,"[0.25, 0.5, 0.75]",False,P50,,False,42,1,static,5,,default_group,UNISIM_IV_P12_Seq2Trend,UNISIM_IV,Seq2Trend,0.8516666666666667,0.8355555555555556,3.3744444444444444
UNISIM_IV_P12_Seq2Trend_trial_36,P12,dcd5b453d5d295eecf9510c127f02a6a,36,8.29254277212502,2.078297050498029,Seq2Trend,Normal,False,0.01,300,300,200,20,16,0.01,0.6,0.1,median,True,"[0.25, 0.5, 0.75]",False,P50,,False,42,1,exponential,3,,default_group,UNISIM_IV_P12_Seq2Trend,UNISIM_IV,Seq2Trend,0.7988888888888889,0.7705555555555555,3.138888888888889
UNISIM_IV_P12_Seq2Trend_trial_66,P12,b16ddc71323daf2e9efc2967fa597afd,66,5.776960351676666,1.308454536174859,Seq2Trend,Normal,False,0.25,300,300,100,20,8,0.001,0.6,0.1,median,True,"[0.25, 0.5, 0.75]",False,P50,,False,42,1,exponential,4,,default_group,UNISIM_IV_P12_Seq2Trend,UNISIM_IV,Seq2Trend,0.7361111111111112,0.30777777777777776,2.0877777777777777
UNISIM_IV_P12_Seq2Trend_trial_145,P12,58cae69268081f64490267becbfb6631,145,11.528662832759728,2.630888732928521,Seq2Trend,Normal,False,0.99,300,300,20,20,8,0.001,0.6,0.1,median,True,"[0.25, 0.5, 0.75]",False,P50,,False,42,1,combined_exp_arps,7,,default_group,UNISIM_IV_P12_Seq2Trend,UNISIM_IV,Seq2Trend,0.8205555555555556,0.8177777777777778,3.276666666666667
UNISIM_IV_P12_Seq2Trend_trial_113,P12,692de7c79dd1f117fee28d71e6dfd171,113,10.67045626802032,2.646005097679403,Seq2Trend,Normal,False,0.5,300,300,20,20,16,0.05,0.6,0.1,median,True,"[0.25, 0.5, 0.75]",False,P50,,False,42,1,static,7,,default_group,UNISIM_IV_P12_Seq2Trend,UNISIM_IV,Seq2Trend,0.8222222222222222,0.8088888888888889,3.2622222222222224
UNISIM_IV_P12_Seq2Trend_trial_103,P12,e56ac68e09df41d6ce68a5b7ddc6b7dc,103,19.075429145473198,4.60782475648653,Seq2Trend,Normal,False,0.01,300,300,200,20,8,0.05,0.6,0.1,median,True,"[0.25, 0.5, 0.75]",False,P50,,False,42,1,pressure_ensemble,7,,default_group,UNISIM_IV_P12_Seq2Trend,UNISIM_IV,Seq2Trend,0.9366666666666666,0.8994444444444445,3.6722222222222225
UNISIM_IV_P12_Seq2Trend_trial_30,P12,c699c9833076eb28018aa0094f87f96c,30,31.098522520168824,7.077017849064575,Seq2Trend,Normal,False,0.99,300,300,50,20,16,0.05,0.6,0.1,median,True,"[0.25, 0.5, 0.75]",False,P50,,False,42,1,static,3,,default_group,UNISIM_IV_P12_Seq2Trend,UNISIM_IV,Seq2Trend,0.9566666666666667,0.9566666666666667,3.8266666666666667
UNISIM_IV_P12_Seq2Trend_trial_3,P12,96a81d4802d29f378a12dff797915370,3,8.156732133371888,2.0958613491857934,Seq2Trend,Normal,False,0.99,300,300,200,20,16,0.001,0.6,0.1,median,True,"[0.25, 0.5, 0.75]",False,P50,,False,42,1,static,8,,default_group,UNISIM_IV_P12_Seq2Trend,UNISIM_IV,Seq2Trend,0.8011111111111111,0.7688888888888888,3.1399999999999997
UNISIM_IV_P12_Seq2Trend_trial_132,P12,7fb890da679dddff8b61f2ce93cda9f1,132,6.008942795133576,1.3953808816888444,Seq2Trend,Normal,False,0.01,300,300,20,20,16,0.05,0.6,0.1,median,True,"[0.25, 0.5, 0.75]",False,P50,,False,42,1,pressure_ensemble,2,,default_group,UNISIM_IV_P12_Seq2Trend,UNISIM_IV,Seq2Trend,0.7430555555555556,0.41694444444444445,2.3200000000000003
UNISIM_IV_P12_Seq2Trend_trial_136,P12,c5b4fdca881ad188e3acc3c1d94537c9,136,10.739546360649037,2.667140765550826,Seq2Trend,Normal,False,0.5,300,300,50,20,8,0.05,0.6,0.1,median,True,"[0.25, 0.5, 0.75]",False,P50,,False,42,1,exponential,6,,default_group,UNISIM_IV_P12_Seq2Trend,UNISIM_IV,Seq2Trend,0.8238888888888889,0.8094444444444444,3.2666666666666666
UNISIM_IV_P12_Seq2Trend_trial_41,P12,f1412e192e179fad0d64a20e7c375344,41,5.996855802724788,1.454050200125388,Seq2Trend,Normal,False,0.01,300,300,50,20,8,0.01,0.6,0.1,median,True,"[0.25, 0.5, 0.75]",False,P50,,False,42,1,pressure_ensemble,5,,default_group,UNISIM_IV_P12_Seq2Trend,UNISIM_IV,Seq2Trend,0.7461111111111111,0.41388888888888886,2.32
UNISIM_IV_P12_Seq2Trend_trial_83,P12,5b726bf492d19d8587b2edbdf83ea4c6,83,7.02631112476048,1.7179005746715057,Seq2Trend,Normal,False,0.01,300,300,100,20,8,0.01,0.6,0.1,median,True,"[0.25, 0.5, 0.75]",False,P50,,False,42,1,exponential,6,,default_group,UNISIM_IV_P12_Seq2Trend,UNISIM_IV,Seq2Trend,0.7711111111111111,0.675,2.8922222222222222
UNISIM_IV_P12_Seq2Trend_trial_45,P12,532ad24243799dc2b325d815da862e88,45,38.03705082265597,8.458348499318227,Seq2Trend,Normal,False,0.99,300,300,100,20,8,0.05,0.6,0.1,median,True,"[0.25, 0.5, 0.75]",False,P50,,False,42,1,combined_exp_arps,6,,default_group,UNISIM_IV_P12_Seq2Trend,UNISIM_IV,Seq2Trend,0.965,0.9638888888888889,3.8577777777777778
UNISIM_IV_P12_Seq2Trend_trial_44,P12,3f78a3b2325111ab1b7328cb50eadd16,44,6.838512379338075,1.69982091244391,Seq2Trend,Normal,False,0.01,300,300,50,20,8,0.005,0.6,0.1,median,True,"[0.25, 0.5, 0.75]",False,P50,,False,42,1,exponential,3,,default_group,UNISIM_IV_P12_Seq2Trend,UNISIM_IV,Seq2Trend,0.7705555555555555,0.6366666666666667,2.8144444444444447
UNISIM_IV_P12_Seq2Trend_trial_104,P12,4c04c81293c83dc3db8ca3dfb3cd3f7f,104,11.194623123160431,2.5112817237214733,Seq2Trend,Normal,False,0.99,300,300,50,20,16,0.001,0.6,0.1,median,True,"[0.25, 0.5, 0.75]",False,P50,,False,42,1,arps,5,,default_group,UNISIM_IV_P12_Seq2Trend,UNISIM_IV,Seq2Trend,0.8144444444444444,0.815,3.2588888888888885
UNISIM_IV_P12_Seq2Trend_trial_11,P12,616d90b938751d04cdba99c2a0a73ffa,11,6.555075122529633,1.6145824442068006,Seq2Trend,Normal,False,0.01,300,300,20,20,16,0.05,0.6,0.1,median,True,"[0.25, 0.5, 0.75]",False,P50,,False,42,1,static,6,,default_group,UNISIM_IV_P12_Seq2Trend,UNISIM_IV,Seq2Trend,0.7594444444444445,0.6083333333333333,2.7355555555555555
UNISIM_IV_P12_Seq2Trend_trial_65,P12,cd04a2a2c081fa4aef2b45770e3713fe,65,13.147293713495037,3.1620467323568557,Seq2Trend,Normal,False,0.99,300,300,20,20,8,0.05,0.6,0.1,median,True,"[0.25, 0.5, 0.75]",False,P50,,False,42,1,combined_exp_arps,7,,default_group,UNISIM_IV_P12_Seq2Trend,UNISIM_IV,Seq2Trend,0.8511111111111112,0.8377777777777777,3.3777777777777778
UNISIM_IV_P12_Seq2Trend_trial_77,P12,3c10803215989e4174a22eebf6aec389,77,6.724656508790694,1.7321606449424982,Seq2Trend,Normal,False,0.01,300,300,100,20,8,0.005,0.6,0.1,median,True,"[0.25, 0.5, 0.75]",False,P50,,False,42,1,static,4,,default_group,UNISIM_IV_P12_Seq2Trend,UNISIM_IV,Seq2Trend,0.7722222222222223,0.63,2.8044444444444445
UNISIM_IV_P12_Seq2Trend_trial_121,P12,20df9bff808801eb9e905a25e125ca94,121,6.1337297321000674,1.3813258121866057,Seq2Trend,Normal,False,0.25,300,300,200,20,8,0.001,0.6,0.1,median,True,"[0.25, 0.5, 0.75]",False,P50,,False,42,1,pressure_ensemble,4,,default_group,UNISIM_IV_P12_Seq2Trend,UNISIM_IV,Seq2Trend,0.7416666666666667,0.5272222222222223,2.537777777777778
UNISIM_IV_P12_Seq2Trend_trial_126,P12,7708f10163df33685ce849bd84a0a40b,126,7.153472123286349,1.7241093302770318,Seq2Trend,Normal,False,0.25,300,300,20,20,8,0.05,0.6,0.1,median,True,"[0.25, 0.5, 0.75]",False,P50,,False,42,1,arps,6,,default_group,UNISIM_IV_P12_Seq2Trend,UNISIM_IV,Seq2Trend,0.7716666666666666,0.6833333333333333,2.91
UNISIM_IV_P12_Seq2Trend_trial_94,P12,cd3d400b1b57da4b35028c004ced383a,94,7.276753942393258,0.76032159323929,Seq2Trend,Normal,False,0.99,300,300,200,20,16,0.001,0.6,0.1,median,True,"[0.25, 0.5, 0.75]",False,P50,,False,42,1,exponential,8,,default_group,UNISIM_IV_P12_Seq2Trend,UNISIM_IV,Seq2Trend,0.5677777777777778,0.6888888888888889,2.5133333333333336
UNISIM_IV_P12_Seq2Trend_trial_89,P12,58049ae4b0552167e2ad9e56c066128d,89,7.032780810466647,1.7483447317508225,Seq2Trend,Normal,False,0.25,300,300,50,20,16,0.01,0.6,0.1,median,True,"[0.25, 0.5, 0.75]",False,P50,,False,42,1,exponential,4,,default_group,UNISIM_IV_P12_Seq2Trend,UNISIM_IV,Seq2Trend,0.775,0.6755555555555556,2.901111111111111
UNISIM_IV_P12_Seq2Trend_trial_67,P12,889594f1e72e35e056142391360e8ecc,67,12.079846296942073,3.0213385844500418,Seq2Trend,Normal,False,0.01,300,300,200,20,8,0.01,0.6,0.1,median,True,"[0.25, 0.5, 0.75]",False,P50,,False,42,1,combined_exp_arps,2,,default_group,UNISIM_IV_P12_Seq2Trend,UNISIM_IV,Seq2Trend,0.8444444444444444,0.8255555555555556,3.34
UNISIM_IV_P12_Seq2Trend_trial_85,P12,9cd54e324e5a328554d7af146638c193,85,17.408667816757564,4.160372065962627,Seq2Trend,Normal,False,0.99,300,300,100,20,8,0.005,0.6,0.1,median,True,"[0.25, 0.5, 0.75]",False,P50,,False,42,1,pressure_ensemble,5,,default_group,UNISIM_IV_P12_Seq2Trend,UNISIM_IV,Seq2Trend,0.8961111111111111,0.8916666666666667,3.575555555555556
UNISIM_IV_P12_Seq2Trend_trial_35,P12,2b370a3f304a1e36b4fe281772f0d8ff,35,8.180879509471088,1.9483964313550173,Seq2Trend,Normal,False,0.5,300,300,20,20,16,0.001,0.6,0.1,median,True,"[0.25, 0.5, 0.75]",False,P50,,False,42,1,combined_exp_arps,7,,default_group,UNISIM_IV_P12_Seq2Trend,UNISIM_IV,Seq2Trend,0.7911111111111111,0.7694444444444445,3.1211111111111114
UNISIM_IV_P12_Seq2Trend_trial_105,P12,788b249c81bb91aa86a563e5134ae243,105,24.111343144862925,5.631865045133074,Seq2Trend,Normal,False,0.99,300,300,200,20,8,0.005,0.6,0.1,median,True,"[0.25, 0.5, 0.75]",False,P50,,False,42,1,pressure_ensemble,7,,default_group,UNISIM_IV_P12_Seq2Trend,UNISIM_IV,Seq2Trend,0.9472222222222222,0.9483333333333334,3.7911111111111113
UNISIM_IV_P12_Seq2Trend_trial_59,P12,1c5f6e309ea289e6281cb68816502ec6,59,7.190984301544123,1.846217114204402,Seq2Trend,Normal,False,0.01,300,300,100,20,16,0.005,0.6,0.1,median,True,"[0.25, 0.5, 0.75]",False,P50,,False,42,1,combined_exp_arps,2,,default_group,UNISIM_IV_P12_Seq2Trend,UNISIM_IV,Seq2Trend,0.7822222222222223,0.6861111111111111,2.9366666666666665
UNISIM_IV_P12_Seq2Trend_trial_117,P12,68be1dd428b187d1086f3de6140a5ab5,117,6.661487763288029,1.589117271510056,Seq2Trend,Normal,False,0.25,300,300,100,20,16,0.005,0.6,0.1,median,True,"[0.25, 0.5, 0.75]",False,P50,,False,42,1,static,6,,default_group,UNISIM_IV_P12_Seq2Trend,UNISIM_IV,Seq2Trend,0.7572222222222222,0.6238888888888889,2.7622222222222224
UNISIM_IV_P12_Seq2Trend_trial_86,P12,7dd133723f7f25d977d47b0670127d7c,86,6.630380339325402,1.6513999651630813,Seq2Trend,Normal,False,0.01,300,300,50,20,8,0.005,0.6,0.1,median,True,"[0.25, 0.5, 0.75]",False,P50,,False,42,1,static,5,,default_group,UNISIM_IV_P12_Seq2Trend,UNISIM_IV,Seq2Trend,0.7638888888888888,0.6194444444444445,2.7666666666666666
UNISIM_IV_P12_Seq2Trend_trial_149,P12,f3c2a5d000f43365f3a440d91199985a,149,4.730735364741055,0.4304019405106195,Seq2Trend,Normal,False,0.01,300,300,50,20,8,0.001,0.6,0.1,median,True,"[0.25, 0.5, 0.75]",False,P50,,False,42,1,static,6,,default_group,UNISIM_IV_P12_Seq2Trend,UNISIM_IV,Seq2Trend,0.31166666666666665,0.0033333333333333335,0.63
UNISIM_IV_P12_Seq2Trend_trial_7,P12,a658b1661d74489dea8a9c5ca8882d2a,7,9.81564563057599,2.340656819896745,Seq2Trend,Normal,False,0.25,300,300,20,20,16,0.001,0.6,0.1,median,True,"[0.25, 0.5, 0.75]",False,P50,,False,42,1,exponential,8,,default_group,UNISIM_IV_P12_Seq2Trend,UNISIM_IV,Seq2Trend,0.8105555555555556,0.7994444444444444,3.2199999999999998
UNISIM_IV_P12_Seq2Trend_trial_53,P12,d57d9e50f41cab204b536bdc19934885,53,4.943358976740492,0.8698268169166209,Seq2Trend,Normal,False,0.01,300,300,50,20,16,0.05,0.6,0.1,median,True,"[0.25, 0.5, 0.75]",False,P50,,False,42,1,pressure_ensemble,5,,default_group,UNISIM_IV_P12_Seq2Trend,UNISIM_IV,Seq2Trend,0.6011111111111112,0.07388888888888889,1.35
UNISIM_IV_P12_Seq2Trend_trial_111,P12,6ff43f09bab2c774da6b1587c4776bf4,111,5.426392148029179,1.1791493100775268,Seq2Trend,Normal,False,0.01,300,300,200,20,16,0.001,0.6,0.1,median,True,"[0.25, 0.5, 0.75]",False,P50,,False,42,1,arps,2,,default_group,UNISIM_IV_P12_Seq2Trend,UNISIM_IV,Seq2Trend,0.7266666666666667,0.2761111111111111,2.0055555555555555
UNISIM_IV_P12_Seq2Trend_trial_100,P12,96d7e9f3f3d7efdc20348e492ae7cebc,100,5.86972779432025,1.3417554200316988,Seq2Trend,Normal,False,0.25,300,300,100,20,8,0.001,0.6,0.1,median,True,"[0.25, 0.5, 0.75]",False,P50,,False,42,1,combined_exp_arps,7,,default_group,UNISIM_IV_P12_Seq2Trend,UNISIM_IV,Seq2Trend,0.7375,0.37194444444444447,2.218888888888889
UNISIM_IV_P12_Seq2Trend_trial_24,P12,0d08af94336a88d66e6f6fbafae65905,24,16.163450753068872,3.867229657373042,Seq2Trend,Normal,False,0.01,300,300,200,20,16,0.05,0.6,0.1,median,True,"[0.25, 0.5, 0.75]",False,P50,,False,42,1,combined_exp_arps,5,,default_group,UNISIM_IV_P12_Seq2Trend,UNISIM_IV,Seq2Trend,0.8861111111111111,0.8744444444444445,3.521111111111111
UNISIM_IV_P12_Seq2Trend_trial_93,P12,cbeff1d732e6617c2c1210128e0d15db,93,4.765182575074276,0.3594535707132683,Seq2Trend,Normal,False,0.01,300,300,20,20,16,0.001,0.6,0.1,median,True,"[0.25, 0.5, 0.75]",False,P50,,False,42,1,static,7,,default_group,UNISIM_IV_P12_Seq2Trend,UNISIM_IV,Seq2Trend,0.27,0.03333333333333333,0.6066666666666667
UNISIM_IV_P12_Seq2Trend_trial_8,P12,b90285af4753075f59d0cdbe38c7eef8,8,68.47428974863718,13.910177594817682,Seq2Trend,Normal,False,0.5,300,300,200,20,8,0.05,0.6,0.1,median,True,"[0.25, 0.5, 0.75]",False,P50,,False,42,1,combined_exp_arps,2,,default_group,UNISIM_IV_P12_Seq2Trend,UNISIM_IV,Seq2Trend,0.97,0.9711111111111111,3.8822222222222225
UNISIM_IV_P12_Seq2Trend_trial_131,P12,a0821c6b20181f055524fa6f336b1189,131,6.426703832291418,1.5652796281469687,Seq2Trend,Normal,False,0.25,300,300,50,20,8,0.005,0.6,0.1,median,True,"[0.25, 0.5, 0.75]",False,P50,,False,42,1,arps,3,,default_group,UNISIM_IV_P12_Seq2Trend,UNISIM_IV,Seq2Trend,0.7544444444444445,0.5894444444444444,2.687777777777778
UNISIM_IV_P12_Seq2Trend_trial_0,P12,3c6b3b7e113edf6ad04efeab9986cbe2,0,6.016050651051045,1.3775864880978748,Seq2Trend,Normal,False,0.25,300,300,50,20,8,0.001,0.6,0.1,median,True,"[0.25, 0.5, 0.75]",False,P50,,False,42,1,arps,3,,default_group,UNISIM_IV_P12_Seq2Trend,UNISIM_IV,Seq2Trend,0.7411111111111112,0.4177777777777778,2.3177777777777777
UNISIM_IV_P12_Seq2Trend_trial_18,P12,4bc9bffcc9a3a8d899a36765bafcf7ce,18,13.982352954352914,3.5324613119345254,Seq2Trend,Normal,False,0.5,300,300,200,20,16,0.05,0.6,0.1,median,True,"[0.25, 0.5, 0.75]",False,P50,,False,42,1,static,4,,default_group,UNISIM_IV_P12_Seq2Trend,UNISIM_IV,Seq2Trend,0.8672222222222222,0.8494444444444444,3.4333333333333336
UNISIM_IV_P12_Seq2Trend_trial_135,P12,a201b7d26600fe6be7a273fa652f451b,135,7.340873576750048,1.8533276831163712,Seq2Trend,Normal,False,0.99,300,300,100,20,16,0.001,0.6,0.1,median,True,"[0.25, 0.5, 0.75]",False,P50,,False,42,1,static,4,,default_group,UNISIM_IV_P12_Seq2Trend,UNISIM_IV,Seq2Trend,0.7827777777777778,0.6933333333333334,2.9522222222222223
UNISIM_IV_P12_Seq2Trend_trial_54,P12,5afbd39562d5b132b0427d5a51753936,54,19.535444148203503,4.586251553273579,Seq2Trend,Normal,False,0.99,300,300,100,20,16,0.01,0.6,0.1,median,True,"[0.25, 0.5, 0.75]",False,P50,,False,42,1,arps,7,,default_group,UNISIM_IV_P12_Seq2Trend,UNISIM_IV,Seq2Trend,0.9361111111111111,0.9016666666666666,3.6755555555555555
UNISIM_IV_P12_Seq2Trend_trial_64,P12,ac62ea1203e0bf816b92a93e94c9d477,64,7.631919230015563,1.8626480055717825,Seq2Trend,Normal,False,0.01,300,300,100,20,16,0.005,0.6,0.1,median,True,"[0.25, 0.5, 0.75]",False,P50,,False,42,1,arps,6,,default_group,UNISIM_IV_P12_Seq2Trend,UNISIM_IV,Seq2Trend,0.7838888888888889,0.7011111111111111,2.9699999999999998
UNISIM_IV_P12_Seq2Trend_trial_25,P12,0d2a3af0bd5c60fd736d319fb40839da,25,6.842866833631628,0.8130852119992725,Seq2Trend,Normal,False,0.99,300,300,100,20,16,0.001,0.6,0.1,median,True,"[0.25, 0.5, 0.75]",False,P50,,False,42,1,exponential,5,,default_group,UNISIM_IV_P12_Seq2Trend,UNISIM_IV,Seq2Trend,0.5816666666666667,0.6372222222222222,2.437777777777778
UNISIM_IV_P12_Seq2Trend_trial_28,P12,f2d795c8570db5d3e2979dee04eb6525,28,6.417060938161644,1.5617497274391354,Seq2Trend,Normal,False,0.01,300,300,50,20,8,0.01,0.6,0.1,median,True,"[0.25, 0.5, 0.75]",False,P50,,False,42,1,combined_exp_arps,8,,default_group,UNISIM_IV_P12_Seq2Trend,UNISIM_IV,Seq2Trend,0.7538888888888889,0.5877777777777777,2.6833333333333336
UNISIM_IV_P12_Seq2Trend_trial_79,P12,b5555f7568135392dbb12f68b8530ae8,79,15.889196397915152,3.827610963282782,Seq2Trend,Normal,False,0.25,300,300,100,20,16,0.05,0.6,0.1,median,True,"[0.25, 0.5, 0.75]",False,P50,,False,42,1,exponential,4,,default_group,UNISIM_IV_P12_Seq2Trend,UNISIM_IV,Seq2Trend,0.8855555555555555,0.8727777777777778,3.5166666666666666
UNISIM_IV_P12_Seq2Trend_trial_60,P12,d89ca58f86a9d95474f3952bb3e1a7b7,60,7.2156784936801,1.7615704465503628,Seq2Trend,Normal,False,0.25,300,300,50,20,8,0.005,0.6,0.1,median,True,"[0.25, 0.5, 0.75]",False,P50,,False,42,1,static,3,,default_group,UNISIM_IV_P12_Seq2Trend,UNISIM_IV,Seq2Trend,0.7761111111111111,0.6872222222222222,2.9266666666666667
UNISIM_IV_P12_Seq2Trend_trial_47,P12,60d5a476c73a3773c1dc64418ada6ac0,47,12.460737577346636,3.0352765603072136,Seq2Trend,Normal,False,0.01,300,300,200,20,16,0.05,0.6,0.1,median,True,"[0.25, 0.5, 0.75]",False,P50,,False,42,1,static,5,,default_group,UNISIM_IV_P12_Seq2Trend,UNISIM_IV,Seq2Trend,0.8455555555555555,0.8272222222222222,3.3455555555555554
UNISIM_IV_P12_Seq2Trend_trial_4,P12,517be40660e39958564a23c45c39c0b4,4,4.777593825574092,0.2953364242348496,Seq2Trend,Normal,False,0.01,300,300,20,20,16,0.05,0.6,0.1,median,True,"[0.25, 0.5, 0.75]",False,P50,,False,42,1,arps,2,,default_group,UNISIM_IV_P12_Seq2Trend,UNISIM_IV,Seq2Trend,0.1938888888888889,0.06222222222222222,0.5122222222222222
UNISIM_IV_P12_Seq2Trend_trial_129,P12,d54ed7cda29fcd1a82cb85687a18c294,129,6.656471094137281,1.653646844492325,Seq2Trend,Normal,False,0.01,300,300,20,20,8,0.05,0.6,0.1,median,True,"[0.25, 0.5, 0.75]",False,P50,,False,42,1,exponential,3,,default_group,UNISIM_IV_P12_Seq2Trend,UNISIM_IV,Seq2Trend,0.7647222222222222,0.6230555555555556,2.7755555555555556
UNISIM_IV_P12_Seq2Trend_trial_14,P12,bb70694bf54fd6333ccda3aa73648f9a,14,11.573016055258512,2.871800980474081,Seq2Trend,Normal,False,0.25,300,300,100,20,8,0.01,0.6,0.1,median,True,"[0.25, 0.5, 0.75]",False,P50,,False,42,1,static,4,,default_group,UNISIM_IV_P12_Seq2Trend,UNISIM_IV,Seq2Trend,0.8336111111111111,0.8186111111111111,3.304444444444444
UNISIM_IV_P12_Seq2Trend_trial_38,P12,2a3b5101214540fa0f82a9c1b1be1bb3,38,4.744646616659127,0.3597645809296609,Seq2Trend,Normal,False,0.01,300,300,20,20,8,0.001,0.6,0.1,median,True,"[0.25, 0.5, 0.75]",False,P50,,False,42,1,static,3,,default_group,UNISIM_IV_P12_Seq2Trend,UNISIM_IV,Seq2Trend,0.29833333333333334,0.0044444444444444444,0.6055555555555555
UNISIM_IV_P12_Seq2Trend_trial_72,P12,9da82055b616ce670c4ac084ebfc2d83,72,8.454298386339243,2.077212535153452,Seq2Trend,Normal,False,0.25,300,300,100,20,8,0.005,0.6,0.1,median,True,"[0.25, 0.5, 0.75]",False,P50,,False,42,1,pressure_ensemble,6,,default_group,UNISIM_IV_P12_Seq2Trend,UNISIM_IV,Seq2Trend,0.7980555555555555,0.7741666666666667,3.1444444444444444
UNISIM_IV_P12_Seq2Trend_trial_147,P12,58df5ffaccb6b90440ae429d013eba03,147,6.656471094137281,1.653646844492325,Seq2Trend,Normal,False,0.01,300,300,20,20,8,0.05,0.6,0.1,median,True,"[0.25, 0.5, 0.75]",False,P50,,False,42,1,exponential,7,,default_group,UNISIM_IV_P12_Seq2Trend,UNISIM_IV,Seq2Trend,0.7647222222222222,0.6230555555555556,2.7755555555555556
UNISIM_IV_P12_Seq2Trend_trial_27,P12,bdf97eda501c36060f1a31c1d1c3b228,27,4.693529078970242,0.40215012463977,Seq2Trend,Normal,False,0.01,300,300,100,20,16,0.001,0.6,0.1,median,True,"[0.25, 0.5, 0.75]",False,P50,,False,42,1,exponential,7,,default_group,UNISIM_IV_P12_Seq2Trend,UNISIM_IV,Seq2Trend,0.30833333333333335,0.0005555555555555556,0.6177777777777778
UNISIM_IV_P12_Seq2Trend_trial_143,P12,069b4174a999c1cc7bec75e1b500c4d5,143,17.048825982803457,4.098375297725368,Seq2Trend,Normal,False,0.5,300,300,50,20,16,0.05,0.6,0.1,median,True,"[0.25, 0.5, 0.75]",False,P50,,False,42,1,arps,4,,default_group,UNISIM_IV_P12_Seq2Trend,UNISIM_IV,Seq2Trend,0.8944444444444445,0.8877777777777778,3.5644444444444447
UNISIM_IV_P12_Seq2Trend_trial_37,P12,de8206614be28c4b2acb431ec7d6cb1c,37,4.9823536060949,0.8785857604949731,Seq2Trend,Normal,False,0.99,300,300,20,20,16,0.001,0.6,0.1,median,True,"[0.25, 0.5, 0.75]",False,P50,,False,42,1,combined_exp_arps,4,,default_group,UNISIM_IV_P12_Seq2Trend,UNISIM_IV,Seq2Trend,0.6052777777777778,0.0775,1.3655555555555556
UNISIM_IV_P12_Seq2Trend_trial_70,P12,b60ba04b3e6f863130d99d34c3dc5e0e,70,69.49356993407295,13.988327171899876,Seq2Trend,Normal,False,0.99,300,300,50,20,8,0.05,0.6,0.1,median,True,"[0.25, 0.5, 0.75]",False,P50,,False,42,1,pressure_ensemble,6,,default_group,UNISIM_IV_P12_Seq2Trend,UNISIM_IV,Seq2Trend,0.9705555555555555,0.9722222222222222,3.8855555555555554
UNISIM_IV_P12_Seq2Trend_trial_123,P12,58fecee656fe9640ee82d27899ec7024,123,15.506313291794308,3.7064435444324784,Seq2Trend,Normal,False,0.01,300,300,200,20,8,0.05,0.6,0.1,median,True,"[0.25, 0.5, 0.75]",False,P50,,False,42,1,combined_exp_arps,3,,default_group,UNISIM_IV_P12_Seq2Trend,UNISIM_IV,Seq2Trend,0.8794444444444445,0.8672222222222222,3.493333333333333
UNISIM_IV_P12_Seq2Trend_trial_109,P12,560f1bce3bfff98471e6c739a5998f06,109,7.779073623085443,1.9368717705257124,Seq2Trend,Normal,False,0.5,300,300,100,20,16,0.005,0.6,0.1,median,True,"[0.25, 0.5, 0.75]",False,P50,,False,42,1,combined_exp_arps,6,,default_group,UNISIM_IV_P12_Seq2Trend,UNISIM_IV,Seq2Trend,0.7894444444444444,0.7611111111111111,3.101111111111111
UNISIM_IV_P12_Seq2Trend_trial_23,P12,848650ee07c72bcb3f3f16a4ffeb829c,23,6.633519134582483,1.6431458351485255,Seq2Trend,Normal,False,0.25,300,300,50,20,16,0.01,0.6,0.1,median,True,"[0.25, 0.5, 0.75]",False,P50,,False,42,1,pressure_ensemble,3,,default_group,UNISIM_IV_P12_Seq2Trend,UNISIM_IV,Seq2Trend,0.7625,0.6202777777777778,2.7655555555555553
UNISIM_IV_P12_Seq2Trend_trial_33,P12,c87bb6897c0d458b2bc51c0251d98938,33,6.392340174107212,1.5077630414209529,Seq2Trend,Normal,False,0.25,300,300,50,20,16,0.005,0.6,0.1,median,True,"[0.25, 0.5, 0.75]",False,P50,,False,42,1,combined_exp_arps,4,,default_group,UNISIM_IV_P12_Seq2Trend,UNISIM_IV,Seq2Trend,0.7494444444444445,0.5866666666666667,2.6722222222222225
UNISIM_IV_P12_Seq2Trend_trial_91,P12,9f7e875c3828f594c2bf2fe5a2a65280,91,4.706105525026045,0.3496172480191964,Seq2Trend,Normal,False,0.01,300,300,50,20,16,0.001,0.6,0.1,median,True,"[0.25, 0.5, 0.75]",False,P50,,False,42,1,combined_exp_arps,3,,default_group,UNISIM_IV_P12_Seq2Trend,UNISIM_IV,Seq2Trend,0.23722222222222222,0.0022222222222222222,0.47888888888888886
UNISIM_IV_P12_Seq2Trend_trial_110,P12,dd621d423c419f83c4125d7459b04211,110,6.803452197356881,1.6561602633987396,Seq2Trend,Normal,False,0.25,300,300,200,20,16,0.01,0.6,0.1,median,True,"[0.25, 0.5, 0.75]",False,P50,,False,42,1,combined_exp_arps,2,,default_group,UNISIM_IV_P12_Seq2Trend,UNISIM_IV,Seq2Trend,0.7655555555555555,0.6338888888888888,2.7988888888888885
UNISIM_IV_P12_Seq2Trend_trial_31,P12,378457c98142a53a5d06bdf010c0c40d,31,6.051215310061438,1.366005294075735,Seq2Trend,Normal,False,0.25,300,300,50,20,16,0.001,0.6,0.1,median,True,"[0.25, 0.5, 0.75]",False,P50,,False,42,1,static,8,,default_group,UNISIM_IV_P12_Seq2Trend,UNISIM_IV,Seq2Trend,0.7402777777777778,0.45361111111111113,2.387777777777778
UNISIM_IV_P12_Seq2Trend_trial_46,P12,c3f2dbb3b8f821638f1125fefd526ef5,46,7.972038771370081,2.07897939975303,Seq2Trend,Normal,False,0.01,300,300,100,20,16,0.01,0.6,0.1,median,True,"[0.25, 0.5, 0.75]",False,P50,,False,42,1,arps,3,,default_group,UNISIM_IV_P12_Seq2Trend,UNISIM_IV,Seq2Trend,0.7994444444444444,0.7644444444444445,3.1277777777777778
UNISIM_IV_P12_Seq2Trend_trial_119,P12,377d7ea0d1490c8300cb577bf420e9e3,119,9.100789012883617,2.1879031735147025,Seq2Trend,Normal,False,0.5,300,300,20,20,16,0.001,0.6,0.1,median,True,"[0.25, 0.5, 0.75]",False,P50,,False,42,1,arps,4,,default_group,UNISIM_IV_P12_Seq2Trend,UNISIM_IV,Seq2Trend,0.8038888888888889,0.7877777777777778,3.1833333333333336
UNISIM_IV_P12_Seq2Trend_trial_114,P12,3517170dc455eac3f0b8a724bc5529a7,114,16.398906241861834,3.907402227104089,Seq2Trend,Normal,False,0.99,300,300,50,20,8,0.005,0.6,0.1,median,True,"[0.25, 0.5, 0.75]",False,P50,,False,42,1,exponential,2,,default_group,UNISIM_IV_P12_Seq2Trend,UNISIM_IV,Seq2Trend,0.8872222222222222,0.8811111111111111,3.5366666666666666
UNISIM_IV_P12_Seq2Trend_trial_128,P12,a6344ed7268645b18456d0dad77bdd76,128,6.523186213507608,1.6129073326523118,Seq2Trend,Normal,False,0.5,300,300,20,20,8,0.005,0.6,0.1,median,True,"[0.25, 0.5, 0.75]",False,P50,,False,42,1,combined_exp_arps,3,,default_group,UNISIM_IV_P12_Seq2Trend,UNISIM_IV,Seq2Trend,0.7588888888888888,0.6022222222222222,2.7222222222222223
UNISIM_IV_P12_Seq2Trend_trial_84,P12,5a3be67d451a169e42c49edfef58b504,84,4.795813285333232,0.6352109139441642,Seq2Trend,Normal,False,0.01,300,300,20,20,16,0.05,0.6,0.1,median,True,"[0.25, 0.5, 0.75]",False,P50,,False,42,1,combined_exp_arps,4,,default_group,UNISIM_IV_P12_Seq2Trend,UNISIM_IV,Seq2Trend,0.44222222222222224,0.06277777777777778,1.01
UNISIM_IV_P12_Seq2Trend_trial_6,P12,1878d03a641744001d16138259ca6428,6,4.99829819270766,0.8687965472288758,Seq2Trend,Normal,False,0.01,300,300,100,20,8,0.001,0.6,0.1,median,True,"[0.25, 0.5, 0.75]",False,P50,,False,42,1,exponential,4,,default_group,UNISIM_IV_P12_Seq2Trend,UNISIM_IV,Seq2Trend,0.6005555555555555,0.08055555555555556,1.3622222222222222
UNISIM_IV_P12_Seq2Trend_trial_68,P12,f29b42caaf28bde288a54733abd75c0c,68,8.363043710014393,2.0760559259576548,Seq2Trend,Normal,False,0.5,300,300,100,20,16,0.005,0.6,0.1,median,True,"[0.25, 0.5, 0.75]",False,P50,,False,42,1,static,8,,default_group,UNISIM_IV_P12_Seq2Trend,UNISIM_IV,Seq2Trend,0.7972222222222223,0.7722222222222223,3.1388888888888893
UNISIM_IV_P12_Seq2Trend_trial_15,P12,b687e54bd3c7ea3e457eeb990be83372,15,4.775185745340477,0.6740037051632423,Seq2Trend,Normal,False,0.01,300,300,20,20,8,0.05,0.6,0.1,median,True,"[0.25, 0.5, 0.75]",False,P50,,False,42,1,arps,4,,default_group,UNISIM_IV_P12_Seq2Trend,UNISIM_IV,Seq2Trend,0.5372222222222223,0.06166666666666667,1.1977777777777778
UNISIM_IV_P12_Seq2Trend_trial_55,P12,54218b5363c7293cfbcbee710a202727,55,24.0056814389136,5.593123075556841,Seq2Trend,Normal,False,0.25,300,300,200,20,8,0.05,0.6,0.1,median,True,"[0.25, 0.5, 0.75]",False,P50,,False,42,1,arps,7,,default_group,UNISIM_IV_P12_Seq2Trend,UNISIM_IV,Seq2Trend,0.9466666666666667,0.9477777777777778,3.7888888888888888
UNISIM_IV_P12_Seq2Trend_trial_9,P12,b2401738fd5fffc274d7217b9a248ac6,9,9.032051550193987,2.270610896070574,Seq2Trend,Normal,False,0.01,300,300,200,20,16,0.005,0.6,0.1,median,True,"[0.25, 0.5, 0.75]",False,P50,,False,42,1,arps,2,,default_group,UNISIM_IV_P12_Seq2Trend,UNISIM_IV,Seq2Trend,0.8077777777777778,0.7866666666666666,3.188888888888889
UNISIM_IV_P12_Seq2Trend_trial_34,P12,af174d5de80c90e01ac78cff6ede18b8,34,8.816562391657857,2.188295416751057,Seq2Trend,Normal,False,0.01,300,300,100,20,8,0.05,0.6,0.1,median,True,"[0.25, 0.5, 0.75]",False,P50,,False,42,1,exponential,8,,default_group,UNISIM_IV_P12_Seq2Trend,UNISIM_IV,Seq2Trend,0.8044444444444444,0.7838888888888889,3.1766666666666667
UNISIM_IV_P12_Seq2Trend_trial_43,P12,1a177450c80183179f0b33704e27b611,43,8.67699660662252,2.18831614708783,Seq2Trend,Normal,False,0.01,300,300,200,20,8,0.005,0.6,0.1,median,True,"[0.25, 0.5, 0.75]",False,P50,,False,42,1,exponential,6,,default_group,UNISIM_IV_P12_Seq2Trend,UNISIM_IV,Seq2Trend,0.805,0.78,3.17
UNISIM_IV_P12_Seq2Trend_trial_61,P12,6d6baec0ee98c02ddcc73df241bb125e,61,19.24977720530462,4.571692376838799,Seq2Trend,Normal,False,0.5,300,300,20,20,8,0.05,0.6,0.1,median,True,"[0.25, 0.5, 0.75]",False,P50,,False,42,1,exponential,4,,default_group,UNISIM_IV_P12_Seq2Trend,UNISIM_IV,Seq2Trend,0.9355555555555556,0.9,3.671111111111111
UNISIM_IV_P12_Seq2Trend_trial_127,P12,cd91a417b872c338ed0f96757bb529fe,127,6.763457270637782,1.6616706953678124,Seq2Trend,Normal,False,0.5,300,300,200,20,8,0.001,0.6,0.1,median,True,"[0.25, 0.5, 0.75]",False,P50,,False,42,1,arps,2,,default_group,UNISIM_IV_P12_Seq2Trend,UNISIM_IV,Seq2Trend,0.7666666666666667,0.6311111111111111,2.7955555555555556
UNISIM_IV_P12_Seq2Trend_trial_92,P12,ba3e0a7c453abd6549ba6a17599f2c10,92,5.86656640617378,1.4030591422101195,Seq2Trend,Normal,False,0.01,300,300,50,20,16,0.005,0.6,0.1,median,True,"[0.25, 0.5, 0.75]",False,P50,,False,42,1,exponential,7,,default_group,UNISIM_IV_P12_Seq2Trend,UNISIM_IV,Seq2Trend,0.7438888888888889,0.3711111111111111,2.23
UNISIM_IV_P12_Seq2Trend_trial_17,P12,8f55c0d926705900315d55c1226f6d83,17,4.9823536060949,0.8785857604949731,Seq2Trend,Normal,False,0.99,300,300,20,20,16,0.001,0.6,0.1,median,True,"[0.25, 0.5, 0.75]",False,P50,,False,42,1,combined_exp_arps,4,,default_group,UNISIM_IV_P12_Seq2Trend,UNISIM_IV,Seq2Trend,0.6052777777777778,0.0775,1.3655555555555556
UNISIM_IV_P12_Seq2Trend_trial_48,P12,cad2da0fc9b9128c8a5a01d2c87107bc,48,23.55767703193456,5.541050478395046,Seq2Trend,Normal,False,0.99,300,300,20,20,8,0.05,0.6,0.1,median,True,"[0.25, 0.5, 0.75]",False,P50,,False,42,1,static,7,,default_group,UNISIM_IV_P12_Seq2Trend,UNISIM_IV,Seq2Trend,0.945,0.9461111111111111,3.782222222222222
UNISIM_IV_P12_Seq2Trend_trial_81,P12,55b40feeda8e10073859998bbdedae58,81,6.483812597283384,1.587992764545518,Seq2Trend,Normal,False,0.5,300,300,100,20,16,0.001,0.6,0.1,median,True,"[0.25, 0.5, 0.75]",False,P50,,False,42,1,combined_exp_arps,3,,default_group,UNISIM_IV_P12_Seq2Trend,UNISIM_IV,Seq2Trend,0.7563888888888889,0.5986111111111111,2.71
UNISIM_IV_P12_Seq2Trend_trial_29,P12,6193aa0ff6ad61addd4f79ee15cad829,29,7.181871302427792,1.8337887641562625,Seq2Trend,Normal,False,0.01,300,300,50,20,16,0.01,0.6,0.1,median,True,"[0.25, 0.5, 0.75]",False,P50,,False,42,1,exponential,8,,default_group,UNISIM_IV_P12_Seq2Trend,UNISIM_IV,Seq2Trend,0.7811111111111111,0.685,2.9322222222222223
UNISIM_IV_P12_Seq2Trend_trial_88,P12,7a619c5041533c967a8c34bab6d08144,88,11.573016055258512,2.871800980474081,Seq2Trend,Normal,False,0.25,300,300,100,20,8,0.01,0.6,0.1,median,True,"[0.25, 0.5, 0.75]",False,P50,,False,42,1,static,5,,default_group,UNISIM_IV_P12_Seq2Trend,UNISIM_IV,Seq2Trend,0.8336111111111111,0.8186111111111111,3.304444444444444
UNISIM_IV_P12_Seq2Trend_trial_62,P12,7390b244e2d5b981a912d00c36424e3b,62,7.587126209435204,1.6867538100217323,Seq2Trend,Normal,False,0.99,300,300,20,20,16,0.005,0.6,0.1,median,True,"[0.25, 0.5, 0.75]",False,P50,,False,42,1,exponential,5,,default_group,UNISIM_IV_P12_Seq2Trend,UNISIM_IV,Seq2Trend,0.7694444444444445,0.7005555555555556,2.9400000000000004
UNISIM_IV_P12_Seq2Trend_trial_57,P12,593f1acabe3d347feef2a28ad61a6158,57,4.699577829811888,0.4616793781943806,Seq2Trend,Normal,False,0.01,300,300,20,20,16,0.005,0.6,0.1,median,True,"[0.25, 0.5, 0.75]",False,P50,,False,42,1,static,4,,default_group,UNISIM_IV_P12_Seq2Trend,UNISIM_IV,Seq2Trend,0.3738888888888889,0.0011111111111111111,0.75
UNISIM_IV_P12_Seq2Trend_trial_118,P12,993febcb9231163ee3f18ec24cdecd06,118,22.99603745966567,5.373315310973341,Seq2Trend,Normal,False,0.5,300,300,200,20,8,0.01,0.6,0.1,median,True,"[0.25, 0.5, 0.75]",False,P50,,False,42,1,pressure_ensemble,6,,default_group,UNISIM_IV_P12_Seq2Trend,UNISIM_IV,Seq2Trend,0.9433333333333334,0.945,3.7766666666666664
UNISIM_IV_P12_Seq2Trend_trial_13,P12,d7aefad8d8017317a9d0f3837a4e9739,13,7.763580536981815,1.858739099335322,Seq2Trend,Normal,False,0.99,300,300,20,20,16,0.005,0.6,0.1,median,True,"[0.25, 0.5, 0.75]",False,P50,,False,42,1,combined_exp_arps,6,,default_group,UNISIM_IV_P12_Seq2Trend,UNISIM_IV,Seq2Trend,0.7833333333333333,0.7605555555555555,3.0877777777777777
UNISIM_IV_P12_Seq2Trend_trial_56,P12,ee43238a4d8abaa6fa0fef7dfe381ce4,56,6.008942795133576,1.3953808816888444,Seq2Trend,Normal,False,0.01,300,300,20,20,16,0.05,0.6,0.1,median,True,"[0.25, 0.5, 0.75]",False,P50,,False,42,1,pressure_ensemble,4,,default_group,UNISIM_IV_P12_Seq2Trend,UNISIM_IV,Seq2Trend,0.7430555555555556,0.41694444444444445,2.3200000000000003
UNISIM_IV_P12_Seq2Trend_trial_120,P12,5b95797575af956e75a1daa5678c4c49,120,28.17626959346321,6.460971256562718,Seq2Trend,Normal,False,0.99,300,300,200,20,8,0.01,0.6,0.1,median,True,"[0.25, 0.5, 0.75]",False,P50,,False,42,1,combined_exp_arps,6,,default_group,UNISIM_IV_P12_Seq2Trend,UNISIM_IV,Seq2Trend,0.9533333333333334,0.9533333333333334,3.8133333333333335
UNISIM_IV_P12_Seq2Trend_trial_87,P12,b29414a492060ea0bb2502d34826a322,87,23.391454800009058,5.43288850711304,Seq2Trend,Normal,False,0.99,300,300,100,20,8,0.005,0.6,0.1,median,True,"[0.25, 0.5, 0.75]",False,P50,,False,42,1,combined_exp_arps,4,,default_group,UNISIM_IV_P12_Seq2Trend,UNISIM_IV,Seq2Trend,0.9438888888888889,0.9455555555555556,3.778888888888889
UNISIM_IV_P12_Seq2Trend_trial_22,P12,98346c8caf5618ca63efbcfd8b8f7247,22,11.01231689183521,2.695207286899536,Seq2Trend,Normal,False,0.99,300,300,20,20,16,0.05,0.6,0.1,median,True,"[0.25, 0.5, 0.75]",False,P50,,False,42,1,exponential,7,,default_group,UNISIM_IV_P12_Seq2Trend,UNISIM_IV,Seq2Trend,0.8261111111111111,0.8111111111111111,3.2744444444444447
UNISIM_IV_P12_Seq2Trend_trial_58,P12,654fdc282c67581bdbb475fec4728786,58,13.524262618737144,3.246008201839089,Seq2Trend,Normal,False,0.99,300,300,100,20,16,0.005,0.6,0.1,median,True,"[0.25, 0.5, 0.75]",False,P50,,False,42,1,combined_exp_arps,4,,default_group,UNISIM_IV_P12_Seq2Trend,UNISIM_IV,Seq2Trend,0.8577777777777778,0.8422222222222222,3.4
UNISIM_IV_P12_Seq2Trend_trial_12,P12,4d2ffdd2d8316fda29706ec4dc38845d,12,16.472665736409155,3.9829094886590326,Seq2Trend,Normal,False,0.5,300,300,200,20,16,0.01,0.6,0.1,median,True,"[0.25, 0.5, 0.75]",False,P50,,False,42,1,pressure_ensemble,2,,default_group,UNISIM_IV_P12_Seq2Trend,UNISIM_IV,Seq2Trend,0.89,0.8827777777777778,3.5455555555555556
UNISIM_IV_P12_Seq2Trend_trial_106,P12,05e03c3ac43c77695a6f0c67f251204e,106,6.641696503991365,1.6421076397912755,Seq2Trend,Normal,False,0.01,300,300,200,20,16,0.01,0.6,0.1,median,True,"[0.25, 0.5, 0.75]",False,P50,,False,42,1,arps,5,,default_group,UNISIM_IV_P12_Seq2Trend,UNISIM_IV,Seq2Trend,0.7616666666666667,0.6216666666666667,2.7666666666666666
UNISIM_IV_P12_Seq2Trend_trial_76,P12,bafcdbe11b8e5f752da72a0d356c00b1,76,6.793190712803912,1.6588511340132333,Seq2Trend,Normal,False,0.5,300,300,200,20,8,0.001,0.6,0.1,median,True,"[0.25, 0.5, 0.75]",False,P50,,False,42,1,pressure_ensemble,4,,default_group,UNISIM_IV_P12_Seq2Trend,UNISIM_IV,Seq2Trend,0.7661111111111111,0.6333333333333333,2.7988888888888885
UNISIM_IV_P12_Seq2Trend_trial_142,P12,a2b36326cde3beb1c51e3c75568e149e,142,13.349945961997452,3.2136773917815145,Seq2Trend,Normal,False,0.5,300,300,200,20,8,0.005,0.6,0.1,median,True,"[0.25, 0.5, 0.75]",False,P50,,False,42,1,static,3,,default_group,UNISIM_IV_P12_Seq2Trend,UNISIM_IV,Seq2Trend,0.8533333333333334,0.8405555555555555,3.387777777777778
UNISIM_IV_P12_Seq2Trend_trial_97,P12,8ab4d49877a36f90c3c0e7d59d70ff13,97,5.23527617531111,1.080518297017185,Seq2Trend,Normal,False,0.01,300,300,20,20,16,0.01,0.6,0.1,median,True,"[0.25, 0.5, 0.75]",False,P50,,False,42,1,exponential,2,,default_group,UNISIM_IV_P12_Seq2Trend,UNISIM_IV,Seq2Trend,0.7188888888888889,0.24833333333333332,1.9344444444444444
UNISIM_IV_P12_Seq2Trend_trial_32,P12,72ae9a0f616971475f891d5cee995a53,32,7.639505069130556,1.8632493553520564,Seq2Trend,Normal,False,0.01,300,300,100,20,16,0.005,0.6,0.1,median,True,"[0.25, 0.5, 0.75]",False,P50,,False,42,1,exponential,6,,default_group,UNISIM_IV_P12_Seq2Trend,UNISIM_IV,Seq2Trend,0.7844444444444445,0.7022222222222222,2.9733333333333336
UNISIM_IV_P12_Seq2Trend_trial_21,P12,fd006a7442cbca58fc53c88ed39b9462,21,4.750144030145196,0.3259595606464611,Seq2Trend,Normal,False,0.01,300,300,50,20,8,0.05,0.6,0.1,median,True,"[0.25, 0.5, 0.75]",False,P50,,False,42,1,combined_exp_arps,6,,default_group,UNISIM_IV_P12_Seq2Trend,UNISIM_IV,Seq2Trend,0.20166666666666666,0.005,0.41333333333333333
UNISIM_IV_P12_Seq2Trend_trial_26,P12,72e821aecc1d173d3c04382300e09cfb,26,9.048985926406273,2.2509535779603245,Seq2Trend,Normal,False,0.25,300,300,20,20,16,0.05,0.6,0.1,median,True,"[0.25, 0.5, 0.75]",False,P50,,False,42,1,arps,6,,default_group,UNISIM_IV_P12_Seq2Trend,UNISIM_IV,Seq2Trend,0.8066666666666666,0.7872222222222223,3.187777777777778
UNISIM_IV_P12_Seq2Trend_trial_40,P12,17f0ce89b944e5a8ff64a61547ce3d1f,40,11.292103275580503,2.7536682452552594,Seq2Trend,Normal,False,0.25,300,300,50,20,16,0.05,0.6,0.1,median,True,"[0.25, 0.5, 0.75]",False,P50,,False,42,1,exponential,4,,default_group,UNISIM_IV_P12_Seq2Trend,UNISIM_IV,Seq2Trend,0.8283333333333334,0.8161111111111111,3.2888888888888888
UNISIM_IV_P12_Seq2Trend_trial_2,P12,f691455c83e5769d5a2f7cea3abf9d89,2,12.51102575199746,3.0217106824722864,Seq2Trend,Normal,False,0.99,300,300,50,20,8,0.005,0.6,0.1,median,True,"[0.25, 0.5, 0.75]",False,P50,,False,42,1,arps,8,,default_group,UNISIM_IV_P12_Seq2Trend,UNISIM_IV,Seq2Trend,0.845,0.8277777777777777,3.3455555555555554
UNISIM_IV_P12_Seq2Trend_trial_102,P12,c7ab028e21d7a3b044906c1f9cd939b8,102,6.483812597283384,1.587992764545518,Seq2Trend,Normal,False,0.5,300,300,100,20,16,0.001,0.6,0.1,median,True,"[0.25, 0.5, 0.75]",False,P50,,False,42,1,combined_exp_arps,2,,default_group,UNISIM_IV_P12_Seq2Trend,UNISIM_IV,Seq2Trend,0.7563888888888889,0.5986111111111111,2.71
UNISIM_IV_P12_Seq2Trend_trial_134,P12,961168330afe06d15506b14ddfd877aa,134,10.651377941937252,2.6073872030330505,Seq2Trend,Normal,False,0.01,300,300,200,20,8,0.01,0.6,0.1,median,True,"[0.25, 0.5, 0.75]",False,P50,,False,42,1,static,2,,default_group,UNISIM_IV_P12_Seq2Trend,UNISIM_IV,Seq2Trend,0.8194444444444444,0.8083333333333333,3.2555555555555555
UNISIM_IV_P12_Seq2Trend_trial_75,P12,54f6faca01390e1e79475c923443fd06,75,21.456620060183614,5.001001474516889,Seq2Trend,Normal,False,0.99,300,300,200,20,16,0.005,0.6,0.1,median,True,"[0.25, 0.5, 0.75]",False,P50,,False,42,1,exponential,2,,default_group,UNISIM_IV_P12_Seq2Trend,UNISIM_IV,Seq2Trend,0.9411111111111111,0.9383333333333334,3.758888888888889
UNISIM_IV_P12_Seq2Trend_trial_63,P12,204f3cb72d0e4bd4026686b6d48154d0,63,6.051215310061438,1.366005294075735,Seq2Trend,Normal,False,0.25,300,300,50,20,16,0.001,0.6,0.1,median,True,"[0.25, 0.5, 0.75]",False,P50,,False,42,1,static,5,,default_group,UNISIM_IV_P12_Seq2Trend,UNISIM_IV,Seq2Trend,0.7402777777777778,0.45361111111111113,2.387777777777778
UNISIM_IV_P12_Seq2Trend_trial_39,P12,a2a5a409d8ed693155831e56ed3f38f4,39,4.866217671353909,0.1193360726214645,Seq2Trend,Normal,False,0.99,300,300,50,20,16,0.01,0.6,0.1,median,True,"[0.25, 0.5, 0.75]",False,P50,,False,42,1,pressure_ensemble,6,,default_group,UNISIM_IV_P12_Seq2Trend,UNISIM_IV,Seq2Trend,0.06555555555555556,0.065,0.2611111111111111
UNISIM_IV_P12_Seq2Trend_trial_73,P12,af8bd2262a023e6fb73c3b5e100b6208,73,10.14921518772764,2.5238854266413138,Seq2Trend,Normal,False,0.5,300,300,50,20,8,0.01,0.6,0.1,median,True,"[0.25, 0.5, 0.75]",False,P50,,False,42,1,combined_exp_arps,7,,default_group,UNISIM_IV_P12_Seq2Trend,UNISIM_IV,Seq2Trend,0.8169444444444445,0.8030555555555555,3.24
UNISIM_IV_P12_Seq2Trend_trial_19,P12,52de66a09ec919f34cc4f5b81900930d,19,9.78024409263379,2.43882753039711,Seq2Trend,Normal,False,0.5,300,300,100,20,8,0.005,0.6,0.1,median,True,"[0.25, 0.5, 0.75]",False,P50,,False,42,1,pressure_ensemble,6,,default_group,UNISIM_IV_P12_Seq2Trend,UNISIM_IV,Seq2Trend,0.8130555555555555,0.7986111111111112,3.2233333333333336
UNISIM_IV_P12_Seq2Trend_trial_138,P12,339b50da91b4e9a1cdba0d03b102f8ab,138,6.355109086881984,1.4838802459691636,Seq2Trend,Normal,False,0.25,300,300,20,20,8,0.005,0.6,0.1,median,True,"[0.25, 0.5, 0.75]",False,P50,,False,42,1,pressure_ensemble,8,,default_group,UNISIM_IV_P12_Seq2Trend,UNISIM_IV,Seq2Trend,0.7480555555555556,0.5780555555555555,2.652222222222222
UNISIM_IV_P12_Seq2Trend_trial_98,P12,69c069446f4e3200baaa5e8507fa18ad,98,6.525022562460732,1.547916002552416,Seq2Trend,Normal,False,0.25,300,300,20,20,8,0.005,0.6,0.1,median,True,"[0.25, 0.5, 0.75]",False,P50,,False,42,1,arps,2,,default_group,UNISIM_IV_P12_Seq2Trend,UNISIM_IV,Seq2Trend,0.7527777777777778,0.6038888888888889,2.7133333333333334
UNISIM_IV_P12_Seq2Trend_trial_74,P12,478af62500881d2c897a85ccd784c4e6,74,6.25230254170083,1.5373968894346115,Seq2Trend,Normal,False,0.01,300,300,100,20,8,0.005,0.6,0.1,median,True,"[0.25, 0.5, 0.75]",False,P50,,False,42,1,exponential,8,,default_group,UNISIM_IV_P12_Seq2Trend,UNISIM_IV,Seq2Trend,0.7516666666666667,0.5555555555555556,2.6144444444444446
UNISIM_IV_P12_Seq2Trend_trial_95,P12,8685a06d497502b0e800b3724cbd541f,95,6.633993172912319,1.6266652997978872,Seq2Trend,Normal,False,0.5,300,300,20,20,16,0.005,0.6,0.1,median,True,"[0.25, 0.5, 0.75]",False,P50,,False,42,1,arps,7,,default_group,UNISIM_IV_P12_Seq2Trend,UNISIM_IV,Seq2Trend,0.7605555555555555,0.6211111111111111,2.763333333333333
UNISIM_IV_P12_Seq2Trend_trial_108,P12,4ac31eb5ffc2d6159728516672239fcb,108,6.633519134582483,1.6431458351485255,Seq2Trend,Normal,False,0.25,300,300,50,20,16,0.01,0.6,0.1,median,True,"[0.25, 0.5, 0.75]",False,P50,,False,42,1,pressure_ensemble,4,,default_group,UNISIM_IV_P12_Seq2Trend,UNISIM_IV,Seq2Trend,0.7625,0.6202777777777778,2.7655555555555553
UNISIM_IV_P12_Seq2Trend_trial_125,P12,8d0f3f5e444257c903ab416dff4ef0dd,125,9.214945429329829,2.265212987700261,Seq2Trend,Normal,False,0.5,300,300,200,20,16,0.005,0.6,0.1,median,True,"[0.25, 0.5, 0.75]",False,P50,,False,42,1,pressure_ensemble,8,,default_group,UNISIM_IV_P12_Seq2Trend,UNISIM_IV,Seq2Trend,0.8072222222222222,0.7888888888888889,3.192222222222222
UNISIM_IV_P12_Seq2Trend_trial_69,P12,27f9a496c6bafc45dda75040647e963b,69,13.489832060547172,3.2353602512692343,Seq2Trend,Normal,False,0.25,300,300,200,20,8,0.01,0.6,0.1,median,True,"[0.25, 0.5, 0.75]",False,P50,,False,42,1,exponential,4,,default_group,UNISIM_IV_P12_Seq2Trend,UNISIM_IV,Seq2Trend,0.8566666666666667,0.8416666666666667,3.3966666666666665
UNISIM_IV_P12_Seq2Trend_trial_82,P12,f320c5141ec00cd8b05f570a7a34c364,82,16.774368713794686,3.8928659194720168,Seq2Trend,Normal,False,0.25,300,300,200,20,16,0.05,0.6,0.1,median,True,"[0.25, 0.5, 0.75]",False,P50,,False,42,1,arps,6,,default_group,UNISIM_IV_P12_Seq2Trend,UNISIM_IV,Seq2Trend,0.8866666666666667,0.885,3.5433333333333334
UNISIM_IV_P12_Seq2Trend_trial_115,P12,a4acd7f3e5ab5727155f2c4174528a11,115,7.56870158320051,1.8271855739426344,Seq2Trend,Normal,False,0.25,300,300,100,20,8,0.005,0.6,0.1,median,True,"[0.25, 0.5, 0.75]",False,P50,,False,42,1,combined_exp_arps,8,,default_group,UNISIM_IV_P12_Seq2Trend,UNISIM_IV,Seq2Trend,0.7805555555555556,0.7,2.9611111111111112
UNISIM_IV_P12_Seq2Trend_trial_141,P12,a81cb4ccc33cab0bed9eefa43517ffe0,141,11.862305251557704,2.6699077310909707,Seq2Trend,Normal,False,0.99,300,300,50,20,8,0.001,0.6,0.1,median,True,"[0.25, 0.5, 0.75]",False,P50,,False,42,1,exponential,7,,default_group,UNISIM_IV_P12_Seq2Trend,UNISIM_IV,Seq2Trend,0.825,0.8227777777777778,3.2955555555555556
UNISIM_IV_P12_Seq2Trend_trial_1,P12,10dd1e5f1a22d36e69bb0125c2bd2c51,1,4.7045413253401165,0.3964874581282853,Seq2Trend,Normal,False,0.01,300,300,100,20,16,0.001,0.6,0.1,median,True,"[0.25, 0.5, 0.75]",False,P50,,False,42,1,arps,7,,default_group,UNISIM_IV_P12_Seq2Trend,UNISIM_IV,Seq2Trend,0.30666666666666664,0.0016666666666666668,0.6166666666666666
UNISIM_IV_P12_Seq2Trend_trial_133,P12,ae6e44632d8ebc7bb0ba506198a3c273,133,17.87673091661313,4.304604637500505,Seq2Trend,Normal,False,0.5,300,300,100,20,8,0.05,0.6,0.1,median,True,"[0.25, 0.5, 0.75]",False,P50,,False,42,1,exponential,8,,default_group,UNISIM_IV_P12_Seq2Trend,UNISIM_IV,Seq2Trend,0.9283333333333333,0.8938888888888888,3.6444444444444444
UNISIM_IV_P12_Seq2Trend_trial_107,P12,1dea3b556a246ae1a5420bff3091377c,107,4.738551127878108,0.3539129633388558,Seq2Trend,Normal,False,0.01,300,300,20,20,16,0.001,0.6,0.1,median,True,"[0.25, 0.5, 0.75]",False,P50,,False,42,1,arps,8,,default_group,UNISIM_IV_P12_Seq2Trend,UNISIM_IV,Seq2Trend,0.2388888888888889,0.0038888888888888888,0.4855555555555556
UNISIM_IV_P12_Seq2Trend_trial_140,P12,852fe6ed5910a26f3b36da30e627d8da,140,4.8741634435178085,0.6585707480571965,Seq2Trend,Normal,False,0.99,300,300,20,20,16,0.001,0.6,0.1,median,True,"[0.25, 0.5, 0.75]",False,P50,,False,42,1,arps,3,,default_group,UNISIM_IV_P12_Seq2Trend,UNISIM_IV,Seq2Trend,0.4494444444444444,0.06555555555555556,1.03
UNISIM_IV_P12_Seq2Trend_trial_78,P12,8252b9881a4d122551cdea6d14287d68,78,14.606791951812951,3.4850631270722,Seq2Trend,Normal,False,0.5,300,300,100,20,8,0.01,0.6,0.1,median,True,"[0.25, 0.5, 0.75]",False,P50,,False,42,1,exponential,7,,default_group,UNISIM_IV_P12_Seq2Trend,UNISIM_IV,Seq2Trend,0.8644444444444445,0.86,3.448888888888889
UNISIM_IV_P12_Seq2Trend_trial_139,P12,eb279831774ee7f77be59713888c664b,139,8.887586876475769,1.5475208553700914,Seq2Trend,Normal,False,0.99,300,300,200,20,16,0.001,0.6,0.1,median,True,"[0.25, 0.5, 0.75]",False,P50,,False,42,1,arps,8,,default_group,UNISIM_IV_P12_Seq2Trend,UNISIM_IV,Seq2Trend,0.7522222222222222,0.785,3.0744444444444445
UNISIM_IV_P12_Seq2Trend_trial_10,P12,044b17fb493746b6059d17fffc046887,10,6.355109086881984,1.4838802459691636,Seq2Trend,Normal,False,0.25,300,300,20,20,8,0.005,0.6,0.1,median,True,"[0.25, 0.5, 0.75]",False,P50,,False,42,1,pressure_ensemble,6,,default_group,UNISIM_IV_P12_Seq2Trend,UNISIM_IV,Seq2Trend,0.7480555555555556,0.5780555555555555,2.652222222222222
UNISIM_IV_P12_Seq2Trend_trial_90,P12,6d747ae433dba4ab1f2acca6f7dcf470,90,7.13150454842488,1.7586652686096913,Seq2Trend,Normal,False,0.5,300,300,200,20,8,0.001,0.6,0.1,median,True,"[0.25, 0.5, 0.75]",False,P50,,False,42,1,combined_exp_arps,5,,default_group,UNISIM_IV_P12_Seq2Trend,UNISIM_IV,Seq2Trend,0.7755555555555556,0.6811111111111111,2.913333333333333
UNISIM_IV_P12_Seq2Trend_trial_116,P12,ed7d93cbd085a8c65670c447632096d5,116,15.548398465639789,3.770134208104297,Seq2Trend,Normal,False,0.99,300,300,50,20,8,0.01,0.6,0.1,median,True,"[0.25, 0.5, 0.75]",False,P50,,False,42,1,arps,8,,default_group,UNISIM_IV_P12_Seq2Trend,UNISIM_IV,Seq2Trend,0.8805555555555555,0.8688888888888889,3.4988888888888887
UNISIM_IV_P12_Seq2Trend_trial_49,P12,2be091a8c5fbc0250a041c64236d5440,49,8.454298386339243,2.077212535153452,Seq2Trend,Normal,False,0.25,300,300,100,20,8,0.005,0.6,0.1,median,True,"[0.25, 0.5, 0.75]",False,P50,,False,42,1,pressure_ensemble,8,,default_group,UNISIM_IV_P12_Seq2Trend,UNISIM_IV,Seq2Trend,0.7980555555555555,0.7741666666666667,3.1444444444444444
UNISIM_IV_P12_Seq2Trend_trial_130,P12,89f685186062d1a74d57f75c68cefe92,130,10.14921518772764,2.5238854266413138,Seq2Trend,Normal,False,0.5,300,300,50,20,8,0.01,0.6,0.1,median,True,"[0.25, 0.5, 0.75]",False,P50,,False,42,1,combined_exp_arps,3,,default_group,UNISIM_IV_P12_Seq2Trend,UNISIM_IV,Seq2Trend,0.8169444444444445,0.8030555555555555,3.24
UNISIM_IV_P12_Seq2Trend_trial_137,P12,0f4e602f88725098cb62b472f93d6426,137,5.86972779432025,1.3417554200316988,Seq2Trend,Normal,False,0.25,300,300,100,20,8,0.001,0.6,0.1,median,True,"[0.25, 0.5, 0.75]",False,P50,,False,42,1,combined_exp_arps,7,,default_group,UNISIM_IV_P12_Seq2Trend,UNISIM_IV,Seq2Trend,0.7375,0.37194444444444447,2.218888888888889
UNISIM_IV_P12_Seq2Trend_trial_144,P12,2fdbf73850be1fbc39c2100f0cb5bb2a,144,10.616641149156669,2.637737559558406,Seq2Trend,Normal,False,0.99,300,300,50,20,16,0.01,0.6,0.1,median,True,"[0.25, 0.5, 0.75]",False,P50,,False,42,1,static,7,,default_group,UNISIM_IV_P12_Seq2Trend,UNISIM_IV,Seq2Trend,0.8211111111111111,0.8077777777777778,3.257777777777778
UNISIM_IV_P12_Seq2Trend_trial_80,P12,a82315ef57849595facccf8920cd0d60,80,14.597428827527825,3.520666297067799,Seq2Trend,Normal,False,0.99,300,300,50,20,8,0.01,0.6,0.1,median,True,"[0.25, 0.5, 0.75]",False,P50,,False,42,1,exponential,2,,default_group,UNISIM_IV_P12_Seq2Trend,UNISIM_IV,Seq2Trend,0.8661111111111112,0.8594444444444445,3.4511111111111115
UNISIM_IV_P12_Seq2Trend_trial_20,P12,44cba264ef15c7a9243ae5a787d98b22,20,5.647839071254634,1.2623772421739297,Seq2Trend,Normal,False,0.5,300,300,50,20,8,0.001,0.6,0.1,median,True,"[0.25, 0.5, 0.75]",False,P50,,False,42,1,exponential,6,,default_group,UNISIM_IV_P12_Seq2Trend,UNISIM_IV,Seq2Trend,0.7305555555555555,0.29555555555555557,2.0522222222222224
UNISIM_IV_P12_Seq2Trend_trial_71,P12,af25e5dcebd40fbbab2fc131570032b2,71,7.370512428791871,1.0556775530618476,Seq2Trend,Normal,False,0.99,300,300,100,20,16,0.001,0.6,0.1,median,True,"[0.25, 0.5, 0.75]",False,P50,,False,42,1,combined_exp_arps,6,,default_group,UNISIM_IV_P12_Seq2Trend,UNISIM_IV,Seq2Trend,0.7144444444444444,0.695,2.818888888888889
UNISIM_IV_P12_Seq2Trend_trial_122,P12,fc5896fc1ea85969676ab2964d6aa1da,122,9.914019061303188,2.4328732493884675,Seq2Trend,Normal,False,0.5,300,300,100,20,8,0.005,0.6,0.1,median,True,"[0.25, 0.5, 0.75]",False,P50,,False,42,1,exponential,5,,default_group,UNISIM_IV_P12_Seq2Trend,UNISIM_IV,Seq2Trend,0.8122222222222222,0.8005555555555556,3.2255555555555553
UNISIM_IV_P12_Seq2Trend_trial_146,P12,b63543cbcc1f86684a4eb6fec9e58a0f,146,7.049545571368833,1.7646475196204423,Seq2Trend,Normal,False,0.5,300,300,50,20,16,0.005,0.6,0.1,median,True,"[0.25, 0.5, 0.75]",False,P50,,False,42,1,exponential,4,,default_group,UNISIM_IV_P12_Seq2Trend,UNISIM_IV,Seq2Trend,0.7766666666666666,0.6761111111111111,2.9055555555555554
UNISIM_IV_P12_Seq2Trend_trial_42,P12,a688fb5b3d45ea7e9051f6038c10a1fc,42,4.934857082842681,0.1848545310942911,Seq2Trend,Normal,False,0.99,300,300,20,20,16,0.001,0.6,0.1,median,True,"[0.25, 0.5, 0.75]",False,P50,,False,42,1,pressure_ensemble,4,,default_group,UNISIM_IV_P12_Seq2Trend,UNISIM_IV,Seq2Trend,0.135,0.07277777777777777,0.41555555555555557
UNISIM_IV_P12_Seq2Trend_trial_52,P12,385c876dd3e5b814e85ec862d215c8d4,52,13.116846618883695,3.189120616948172,Seq2Trend,Normal,False,0.99,300,300,50,20,16,0.05,0.6,0.1,median,True,"[0.25, 0.5, 0.75]",False,P50,,False,42,1,arps,8,,default_group,UNISIM_IV_P12_Seq2Trend,UNISIM_IV,Seq2Trend,0.8522222222222222,0.8361111111111111,3.376666666666667
UNISIM_IV_P12_Seq2Trend_trial_124,P12,0d84541b0fa0ac6c8c76af6078339c31,124,8.03866431733549,2.0924788401886647,Seq2Trend,Normal,False,0.01,300,300,200,20,16,0.005,0.6,0.1,median,True,"[0.25, 0.5, 0.75]",False,P50,,False,42,1,static,6,,default_group,UNISIM_IV_P12_Seq2Trend,UNISIM_IV,Seq2Trend,0.8002777777777778,0.7658333333333334,3.1322222222222225
UNISIM_IV_P12_Seq2Trend_trial_96,P12,364273a38fdec791c94fdd136ae014a4,96,6.682268406996943,1.677417288644355,Seq2Trend,Normal,False,0.5,300,300,20,20,8,0.005,0.6,0.1,median,True,"[0.25, 0.5, 0.75]",False,P50,,False,42,1,static,7,,default_group,UNISIM_IV_P12_Seq2Trend,UNISIM_IV,Seq2Trend,0.7683333333333333,0.6266666666666667,2.79
UNISIM_IV_P12_Seq2Trend_trial_5,P12,c7603248c7a64cd928b72c3fe82e749c,5,6.553430572483472,1.5894577586497576,Seq2Trend,Normal,False,0.5,300,300,50,20,16,0.001,0.6,0.1,median,True,"[0.25, 0.5, 0.75]",False,P50,,False,42,1,arps,5,,default_group,UNISIM_IV_P12_Seq2Trend,UNISIM_IV,Seq2Trend,0.7577777777777778,0.6077777777777778,2.731111111111111
UNISIM_IV_P12_Seq2Trend_trial_51,P12,04f578631e614c385bc1f3b1d1b24ea4,51,4.7200453568500444,0.4587119492797011,Seq2Trend,Normal,False,0.01,300,300,100,20,16,0.05,0.6,0.1,median,True,"[0.25, 0.5, 0.75]",False,P50,,False,42,1,exponential,3,,default_group,UNISIM_IV_P12_Seq2Trend,UNISIM_IV,Seq2Trend,0.37277777777777776,0.002777777777777778,0.7511111111111111
UNISIM_IV_P12_Seq2Trend_trial_112,P12,fb0bc371424c44433c96bc8245225fd2,112,8.03866431733549,2.0924788401886647,Seq2Trend,Normal,False,0.01,300,300,200,20,16,0.005,0.6,0.1,median,True,"[0.25, 0.5, 0.75]",False,P50,,False,42,1,static,8,,default_group,UNISIM_IV_P12_Seq2Trend,UNISIM_IV,Seq2Trend,0.8002777777777778,0.7658333333333334,3.1322222222222225
UNISIM_IV_P12_Seq2Trend_trial_148,P12,706057c3bf72f0cf04ab5ccac859a8b5,148,15.43659798543512,3.653432144542161,Seq2Trend,Normal,False,0.99,300,300,100,20,16,0.05,0.6,0.1,median,True,"[0.25, 0.5, 0.75]",False,P50,,False,42,1,pressure_ensemble,5,,default_group,UNISIM_IV_P12_Seq2Trend,UNISIM_IV,Seq2Trend,0.8761111111111111,0.8666666666666667,3.4855555555555555
UNISIM_IV_P12_Seq2Trend_trial_50,P12,94243162f98f838021a8a3558aeab203,50,9.78024409263379,2.43882753039711,Seq2Trend,Normal,False,0.5,300,300,100,20,8,0.005,0.6,0.1,median,True,"[0.25, 0.5, 0.75]",False,P50,,False,42,1,pressure_ensemble,5,,default_group,UNISIM_IV_P12_Seq2Trend,UNISIM_IV,Seq2Trend,0.8130555555555555,0.7986111111111112,3.2233333333333336
UNISIM_IV_P12_Seq2Trend_trial_99,P12,6987c80935abff6e707431d0db688afe,99,6.964740650067898,1.7337284029644036,Seq2Trend,Normal,False,0.5,300,300,50,20,16,0.005,0.6,0.1,median,True,"[0.25, 0.5, 0.75]",False,P50,,False,42,1,arps,7,,default_group,UNISIM_IV_P12_Seq2Trend,UNISIM_IV,Seq2Trend,0.7733333333333333,0.6711111111111111,2.888888888888889
UNISIM_IV_P13_Seq2Trend_trial_299,P13,370a085da385a39ff2c9f4205a827ca7,299,5.210816443254648,0.5219291292911957,Seq2Trend,Normal,False,0.99,300,300,20,20,8,0.01,0.6,0.1,median,True,"[0.25, 0.5, 0.75]",False,P50,,False,42,1,combined_exp_arps,5,,default_group,UNISIM_IV_P13_Seq2Trend,UNISIM_IV,Seq2Trend,0.3975,0.23027777777777778,1.2555555555555555
UNISIM_IV_P13_Seq2Trend_trial_276,P13,6b187eb4661ecdd3e1b141f9911c95a5,276,5.210816443254648,0.5219291292911957,Seq2Trend,Normal,False,0.99,300,300,20,20,8,0.01,0.6,0.1,median,True,"[0.25, 0.5, 0.75]",False,P50,,False,42,1,combined_exp_arps,5,,default_group,UNISIM_IV_P13_Seq2Trend,UNISIM_IV,Seq2Trend,0.3975,0.23027777777777778,1.2555555555555555
UNISIM_IV_P13_Seq2Trend_trial_284,P13,3ba4b6477af9f1680089f21b839b0641,284,5.210816443254648,0.5219291292911957,Seq2Trend,Normal,False,0.99,300,300,20,20,8,0.01,0.6,0.1,median,True,"[0.25, 0.5, 0.75]",False,P50,,False,42,1,combined_exp_arps,5,,default_group,UNISIM_IV_P13_Seq2Trend,UNISIM_IV,Seq2Trend,0.3975,0.23027777777777778,1.2555555555555555
UNISIM_IV_P13_Seq2Trend_trial_273,P13,10ff796bdc8d4533ce30cc9d2bfa78e9,273,5.210816443254648,0.5219291292911957,Seq2Trend,Normal,False,0.99,300,300,20,20,8,0.01,0.6,0.1,median,True,"[0.25, 0.5, 0.75]",False,P50,,False,42,1,combined_exp_arps,5,,default_group,UNISIM_IV_P13_Seq2Trend,UNISIM_IV,Seq2Trend,0.3975,0.23027777777777778,1.2555555555555555
UNISIM_IV_P13_Seq2Trend_trial_266,P13,dd6044aed2c06adb44960c82cbfac42f,266,5.210816443254648,0.5219291292911957,Seq2Trend,Normal,False,0.99,300,300,20,20,8,0.01,0.6,0.1,median,True,"[0.25, 0.5, 0.75]",False,P50,,False,42,1,combined_exp_arps,5,,default_group,UNISIM_IV_P13_Seq2Trend,UNISIM_IV,Seq2Trend,0.3975,0.23027777777777778,1.2555555555555555
UNISIM_IV_P13_Seq2Trend_trial_285,P13,fbd17e5d2fea340592cad9d36d3562dc,285,5.210816443254648,0.5219291292911957,Seq2Trend,Normal,False,0.99,300,300,20,20,8,0.01,0.6,0.1,median,True,"[0.25, 0.5, 0.75]",False,P50,,False,42,1,combined_exp_arps,5,,default_group,UNISIM_IV_P13_Seq2Trend,UNISIM_IV,Seq2Trend,0.3975,0.23027777777777778,1.2555555555555555
UNISIM_IV_P13_Seq2Trend_trial_277,P13,1d54f53bbe652169e841f80b3e2d88e0,277,5.210816443254648,0.5219291292911957,Seq2Trend,Normal,False,0.99,300,300,20,20,8,0.01,0.6,0.1,median,True,"[0.25, 0.5, 0.75]",False,P50,,False,42,1,combined_exp_arps,5,,default_group,UNISIM_IV_P13_Seq2Trend,UNISIM_IV,Seq2Trend,0.3975,0.23027777777777778,1.2555555555555555
UNISIM_IV_P13_Seq2Trend_trial_295,P13,c35c3b1e93f2a67273ff68e5ed0af47e,295,5.210816443254648,0.5219291292911957,Seq2Trend,Normal,False,0.99,300,300,20,20,8,0.01,0.6,0.1,median,True,"[0.25, 0.5, 0.75]",False,P50,,False,42,1,combined_exp_arps,5,,default_group,UNISIM_IV_P13_Seq2Trend,UNISIM_IV,Seq2Trend,0.3975,0.23027777777777778,1.2555555555555555
UNISIM_IV_P13_Seq2Trend_trial_268,P13,e42017e215f81ee7083d21b67740b3ab,268,5.210816443254648,0.5219291292911957,Seq2Trend,Normal,False,0.99,300,300,20,20,8,0.01,0.6,0.1,median,True,"[0.25, 0.5, 0.75]",False,P50,,False,42,1,combined_exp_arps,5,,default_group,UNISIM_IV_P13_Seq2Trend,UNISIM_IV,Seq2Trend,0.3975,0.23027777777777778,1.2555555555555555
UNISIM_IV_P13_Seq2Trend_trial_251,P13,04e899631224d74e63ea0ce2f970dc7f,251,5.210816443254648,0.5219291292911957,Seq2Trend,Normal,False,0.99,300,300,20,20,8,0.01,0.6,0.1,median,True,"[0.25, 0.5, 0.75]",False,P50,,False,42,1,combined_exp_arps,5,,default_group,UNISIM_IV_P13_Seq2Trend,UNISIM_IV,Seq2Trend,0.3975,0.23027777777777778,1.2555555555555555
UNISIM_IV_P13_Seq2Trend_trial_286,P13,8917bdc26515b8f78be1af7888a8f043,286,5.210816443254648,0.5219291292911957,Seq2Trend,Normal,False,0.99,300,300,20,20,8,0.01,0.6,0.1,median,True,"[0.25, 0.5, 0.75]",False,P50,,False,42,1,combined_exp_arps,5,,default_group,UNISIM_IV_P13_Seq2Trend,UNISIM_IV,Seq2Trend,0.3975,0.23027777777777778,1.2555555555555555
UNISIM_IV_P13_Seq2Trend_trial_294,P13,2fa7f0a66cfd008673d6aa227a45bc28,294,5.210816443254648,0.5219291292911957,Seq2Trend,Normal,False,0.99,300,300,20,20,8,0.01,0.6,0.1,median,True,"[0.25, 0.5, 0.75]",False,P50,,False,42,1,combined_exp_arps,5,,default_group,UNISIM_IV_P13_Seq2Trend,UNISIM_IV,Seq2Trend,0.3975,0.23027777777777778,1.2555555555555555
UNISIM_IV_P13_Seq2Trend_trial_275,P13,2dae12c5000d728e67c26993c1aa0021,275,5.210816443254648,0.5219291292911957,Seq2Trend,Normal,False,0.99,300,300,20,20,8,0.01,0.6,0.1,median,True,"[0.25, 0.5, 0.75]",False,P50,,False,42,1,combined_exp_arps,5,,default_group,UNISIM_IV_P13_Seq2Trend,UNISIM_IV,Seq2Trend,0.3975,0.23027777777777778,1.2555555555555555
UNISIM_IV_P13_Seq2Trend_trial_261,P13,fea1b40e51cba16894280df45608a511,261,5.210816443254648,0.5219291292911957,Seq2Trend,Normal,False,0.99,300,300,20,20,8,0.01,0.6,0.1,median,True,"[0.25, 0.5, 0.75]",False,P50,,False,42,1,combined_exp_arps,5,,default_group,UNISIM_IV_P13_Seq2Trend,UNISIM_IV,Seq2Trend,0.3975,0.23027777777777778,1.2555555555555555
UNISIM_IV_P13_Seq2Trend_trial_260,P13,abac2436b91b5bcaf4aee5dc5dbeba1d,260,5.210816443254648,0.5219291292911957,Seq2Trend,Normal,False,0.99,300,300,20,20,8,0.01,0.6,0.1,median,True,"[0.25, 0.5, 0.75]",False,P50,,False,42,1,combined_exp_arps,5,,default_group,UNISIM_IV_P13_Seq2Trend,UNISIM_IV,Seq2Trend,0.3975,0.23027777777777778,1.2555555555555555
UNISIM_IV_P13_Seq2Trend_trial_253,P13,ffaa844da5f80feb5deaebdf86c4de12,253,5.210816443254648,0.5219291292911957,Seq2Trend,Normal,False,0.99,300,300,20,20,8,0.01,0.6,0.1,median,True,"[0.25, 0.5, 0.75]",False,P50,,False,42,1,combined_exp_arps,5,,default_group,UNISIM_IV_P13_Seq2Trend,UNISIM_IV,Seq2Trend,0.3975,0.23027777777777778,1.2555555555555555
UNISIM_IV_P13_Seq2Trend_trial_296,P13,f79aa53325a1253ca2a034d7ae4a95ba,296,5.210816443254648,0.5219291292911957,Seq2Trend,Normal,False,0.99,300,300,20,20,8,0.01,0.6,0.1,median,True,"[0.25, 0.5, 0.75]",False,P50,,False,42,1,combined_exp_arps,5,,default_group,UNISIM_IV_P13_Seq2Trend,UNISIM_IV,Seq2Trend,0.3975,0.23027777777777778,1.2555555555555555
UNISIM_IV_P13_Seq2Trend_trial_264,P13,7bfde06cf0a3043b0a5955d5f47b770c,264,5.210816443254648,0.5219291292911957,Seq2Trend,Normal,False,0.99,300,300,20,20,8,0.01,0.6,0.1,median,True,"[0.25, 0.5, 0.75]",False,P50,,False,42,1,combined_exp_arps,5,,default_group,UNISIM_IV_P13_Seq2Trend,UNISIM_IV,Seq2Trend,0.3975,0.23027777777777778,1.2555555555555555
UNISIM_IV_P13_Seq2Trend_trial_278,P13,9ea0a00715a117a7fff00ae67c67a57b,278,5.210816443254648,0.5219291292911957,Seq2Trend,Normal,False,0.99,300,300,20,20,8,0.01,0.6,0.1,median,True,"[0.25, 0.5, 0.75]",False,P50,,False,42,1,combined_exp_arps,5,,default_group,UNISIM_IV_P13_Seq2Trend,UNISIM_IV,Seq2Trend,0.3975,0.23027777777777778,1.2555555555555555
UNISIM_IV_P13_Seq2Trend_trial_292,P13,fb4b93d5e2f25609a2996d57ec258f71,292,5.210816443254648,0.5219291292911957,Seq2Trend,Normal,False,0.99,300,300,20,20,8,0.01,0.6,0.1,median,True,"[0.25, 0.5, 0.75]",False,P50,,False,42,1,combined_exp_arps,5,,default_group,UNISIM_IV_P13_Seq2Trend,UNISIM_IV,Seq2Trend,0.3975,0.23027777777777778,1.2555555555555555
UNISIM_IV_P13_Seq2Trend_trial_267,P13,a274d82b213cb352db4131fda10ea353,267,5.210816443254648,0.5219291292911957,Seq2Trend,Normal,False,0.99,300,300,20,20,8,0.01,0.6,0.1,median,True,"[0.25, 0.5, 0.75]",False,P50,,False,42,1,combined_exp_arps,5,,default_group,UNISIM_IV_P13_Seq2Trend,UNISIM_IV,Seq2Trend,0.3975,0.23027777777777778,1.2555555555555555
UNISIM_IV_P13_Seq2Trend_trial_269,P13,26571d70d6eb11e33d38308b50a675b9,269,5.210816443254648,0.5219291292911957,Seq2Trend,Normal,False,0.99,300,300,20,20,8,0.01,0.6,0.1,median,True,"[0.25, 0.5, 0.75]",False,P50,,False,42,1,combined_exp_arps,5,,default_group,UNISIM_IV_P13_Seq2Trend,UNISIM_IV,Seq2Trend,0.3975,0.23027777777777778,1.2555555555555555
UNISIM_IV_P13_Seq2Trend_trial_263,P13,ac332c7b326c29c3589da6e7a20a60d5,263,5.210816443254648,0.5219291292911957,Seq2Trend,Normal,False,0.99,300,300,20,20,8,0.01,0.6,0.1,median,True,"[0.25, 0.5, 0.75]",False,P50,,False,42,1,combined_exp_arps,5,,default_group,UNISIM_IV_P13_Seq2Trend,UNISIM_IV,Seq2Trend,0.3975,0.23027777777777778,1.2555555555555555
UNISIM_IV_P13_Seq2Trend_trial_280,P13,a5cbb48c446917b2f08efd2740d8a78b,280,5.210816443254648,0.5219291292911957,Seq2Trend,Normal,False,0.99,300,300,20,20,8,0.01,0.6,0.1,median,True,"[0.25, 0.5, 0.75]",False,P50,,False,42,1,combined_exp_arps,5,,default_group,UNISIM_IV_P13_Seq2Trend,UNISIM_IV,Seq2Trend,0.3975,0.23027777777777778,1.2555555555555555
UNISIM_IV_P13_Seq2Trend_trial_256,P13,3785deac491f18d463af5d4a383a7bb7,256,5.210816443254648,0.5219291292911957,Seq2Trend,Normal,False,0.99,300,300,20,20,8,0.01,0.6,0.1,median,True,"[0.25, 0.5, 0.75]",False,P50,,False,42,1,combined_exp_arps,5,,default_group,UNISIM_IV_P13_Seq2Trend,UNISIM_IV,Seq2Trend,0.3975,0.23027777777777778,1.2555555555555555
UNISIM_IV_P13_Seq2Trend_trial_279,P13,2846292e3476aa9fda0b96b4d81fd400,279,5.210816443254648,0.5219291292911957,Seq2Trend,Normal,False,0.99,300,300,20,20,8,0.01,0.6,0.1,median,True,"[0.25, 0.5, 0.75]",False,P50,,False,42,1,combined_exp_arps,5,,default_group,UNISIM_IV_P13_Seq2Trend,UNISIM_IV,Seq2Trend,0.3975,0.23027777777777778,1.2555555555555555
UNISIM_IV_P13_Seq2Trend_trial_259,P13,fa0457adaf788bd53b3484190911706d,259,5.210816443254648,0.5219291292911957,Seq2Trend,Normal,False,0.99,300,300,20,20,8,0.01,0.6,0.1,median,True,"[0.25, 0.5, 0.75]",False,P50,,False,42,1,combined_exp_arps,5,,default_group,UNISIM_IV_P13_Seq2Trend,UNISIM_IV,Seq2Trend,0.3975,0.23027777777777778,1.2555555555555555
UNISIM_IV_P13_Seq2Trend_trial_290,P13,18d5e4f0dc3635ce30680e90ef9dc0d6,290,5.210816443254648,0.5219291292911957,Seq2Trend,Normal,False,0.99,300,300,20,20,8,0.01,0.6,0.1,median,True,"[0.25, 0.5, 0.75]",False,P50,,False,42,1,combined_exp_arps,5,,default_group,UNISIM_IV_P13_Seq2Trend,UNISIM_IV,Seq2Trend,0.3975,0.23027777777777778,1.2555555555555555
UNISIM_IV_P13_Seq2Trend_trial_252,P13,5b88347078cae2fdc41e60126b31ea12,252,5.210816443254648,0.5219291292911957,Seq2Trend,Normal,False,0.99,300,300,20,20,8,0.01,0.6,0.1,median,True,"[0.25, 0.5, 0.75]",False,P50,,False,42,1,combined_exp_arps,5,,default_group,UNISIM_IV_P13_Seq2Trend,UNISIM_IV,Seq2Trend,0.3975,0.23027777777777778,1.2555555555555555
UNISIM_IV_P13_Seq2Trend_trial_282,P13,5124f6c5b3272cdad43e4707cfff83a4,282,5.210816443254648,0.5219291292911957,Seq2Trend,Normal,False,0.99,300,300,20,20,8,0.01,0.6,0.1,median,True,"[0.25, 0.5, 0.75]",False,P50,,False,42,1,combined_exp_arps,5,,default_group,UNISIM_IV_P13_Seq2Trend,UNISIM_IV,Seq2Trend,0.3975,0.23027777777777778,1.2555555555555555
UNISIM_IV_P13_Seq2Trend_trial_281,P13,6c8fc9086575371f731d283e9e82ad4b,281,5.210816443254648,0.5219291292911957,Seq2Trend,Normal,False,0.99,300,300,20,20,8,0.01,0.6,0.1,median,True,"[0.25, 0.5, 0.75]",False,P50,,False,42,1,combined_exp_arps,5,,default_group,UNISIM_IV_P13_Seq2Trend,UNISIM_IV,Seq2Trend,0.3975,0.23027777777777778,1.2555555555555555
UNISIM_IV_P13_Seq2Trend_trial_262,P13,876099ee0a61b56833858ce59ed217ff,262,5.210816443254648,0.5219291292911957,Seq2Trend,Normal,False,0.99,300,300,20,20,8,0.01,0.6,0.1,median,True,"[0.25, 0.5, 0.75]",False,P50,,False,42,1,combined_exp_arps,5,,default_group,UNISIM_IV_P13_Seq2Trend,UNISIM_IV,Seq2Trend,0.3975,0.23027777777777778,1.2555555555555555
UNISIM_IV_P13_Seq2Trend_trial_270,P13,89913abab701e2cb6856cc7002fd62fe,270,5.210816443254648,0.5219291292911957,Seq2Trend,Normal,False,0.99,300,300,20,20,8,0.01,0.6,0.1,median,True,"[0.25, 0.5, 0.75]",False,P50,,False,42,1,combined_exp_arps,5,,default_group,UNISIM_IV_P13_Seq2Trend,UNISIM_IV,Seq2Trend,0.3975,0.23027777777777778,1.2555555555555555
UNISIM_IV_P13_Seq2Trend_trial_289,P13,9834949931db5aa955cc03ded5317f95,289,5.210816443254648,0.5219291292911957,Seq2Trend,Normal,False,0.99,300,300,20,20,8,0.01,0.6,0.1,median,True,"[0.25, 0.5, 0.75]",False,P50,,False,42,1,combined_exp_arps,5,,default_group,UNISIM_IV_P13_Seq2Trend,UNISIM_IV,Seq2Trend,0.3975,0.23027777777777778,1.2555555555555555
UNISIM_IV_P13_Seq2Trend_trial_288,P13,1cf76e2151980e7f72fec88f719e4e19,288,5.210816443254648,0.5219291292911957,Seq2Trend,Normal,False,0.99,300,300,20,20,8,0.01,0.6,0.1,median,True,"[0.25, 0.5, 0.75]",False,P50,,False,42,1,combined_exp_arps,5,,default_group,UNISIM_IV_P13_Seq2Trend,UNISIM_IV,Seq2Trend,0.3975,0.23027777777777778,1.2555555555555555
UNISIM_IV_P13_Seq2Trend_trial_250,P13,d781895f409278c341857e16735a3483,250,5.210816443254648,0.5219291292911957,Seq2Trend,Normal,False,0.99,300,300,20,20,8,0.01,0.6,0.1,median,True,"[0.25, 0.5, 0.75]",False,P50,,False,42,1,combined_exp_arps,5,,default_group,UNISIM_IV_P13_Seq2Trend,UNISIM_IV,Seq2Trend,0.3975,0.23027777777777778,1.2555555555555555
UNISIM_IV_P13_Seq2Trend_trial_258,P13,9f9e6df019bec44aa9bbabba2f4b3de1,258,5.210816443254648,0.5219291292911957,Seq2Trend,Normal,False,0.99,300,300,20,20,8,0.01,0.6,0.1,median,True,"[0.25, 0.5, 0.75]",False,P50,,False,42,1,combined_exp_arps,5,,default_group,UNISIM_IV_P13_Seq2Trend,UNISIM_IV,Seq2Trend,0.3975,0.23027777777777778,1.2555555555555555
UNISIM_IV_P13_Seq2Trend_trial_293,P13,389fc9cee7f9ee06c7edccd01de6a88a,293,5.210816443254648,0.5219291292911957,Seq2Trend,Normal,False,0.99,300,300,20,20,8,0.01,0.6,0.1,median,True,"[0.25, 0.5, 0.75]",False,P50,,False,42,1,combined_exp_arps,5,,default_group,UNISIM_IV_P13_Seq2Trend,UNISIM_IV,Seq2Trend,0.3975,0.23027777777777778,1.2555555555555555
UNISIM_IV_P13_Seq2Trend_trial_272,P13,85f0a794384c988f7984b53ff3a4b81a,272,5.210816443254648,0.5219291292911957,Seq2Trend,Normal,False,0.99,300,300,20,20,8,0.01,0.6,0.1,median,True,"[0.25, 0.5, 0.75]",False,P50,,False,42,1,combined_exp_arps,5,,default_group,UNISIM_IV_P13_Seq2Trend,UNISIM_IV,Seq2Trend,0.3975,0.23027777777777778,1.2555555555555555
UNISIM_IV_P13_Seq2Trend_trial_291,P13,554e11fbb07d0bc4517553c2865c5fe4,291,5.210816443254648,0.5219291292911957,Seq2Trend,Normal,False,0.99,300,300,20,20,8,0.01,0.6,0.1,median,True,"[0.25, 0.5, 0.75]",False,P50,,False,42,1,combined_exp_arps,5,,default_group,UNISIM_IV_P13_Seq2Trend,UNISIM_IV,Seq2Trend,0.3975,0.23027777777777778,1.2555555555555555
UNISIM_IV_P13_Seq2Trend_trial_287,P13,b8f5828cf426682028458f240231db1c,287,5.210816443254648,0.5219291292911957,Seq2Trend,Normal,False,0.99,300,300,20,20,8,0.01,0.6,0.1,median,True,"[0.25, 0.5, 0.75]",False,P50,,False,42,1,combined_exp_arps,5,,default_group,UNISIM_IV_P13_Seq2Trend,UNISIM_IV,Seq2Trend,0.3975,0.23027777777777778,1.2555555555555555
UNISIM_IV_P13_Seq2Trend_trial_255,P13,167ea176d2d932d0912634ed3c50c78b,255,5.210816443254648,0.5219291292911957,Seq2Trend,Normal,False,0.99,300,300,20,20,8,0.01,0.6,0.1,median,True,"[0.25, 0.5, 0.75]",False,P50,,False,42,1,combined_exp_arps,5,,default_group,UNISIM_IV_P13_Seq2Trend,UNISIM_IV,Seq2Trend,0.3975,0.23027777777777778,1.2555555555555555
UNISIM_IV_P13_Seq2Trend_trial_257,P13,118eb3834a7fa00bb43947c92ee20932,257,5.210816443254648,0.5219291292911957,Seq2Trend,Normal,False,0.99,300,300,20,20,8,0.01,0.6,0.1,median,True,"[0.25, 0.5, 0.75]",False,P50,,False,42,1,combined_exp_arps,5,,default_group,UNISIM_IV_P13_Seq2Trend,UNISIM_IV,Seq2Trend,0.3975,0.23027777777777778,1.2555555555555555
UNISIM_IV_P13_Seq2Trend_trial_265,P13,ab8f4b86b4ae15d751bfffd92973065c,265,5.210816443254648,0.5219291292911957,Seq2Trend,Normal,False,0.99,300,300,20,20,8,0.01,0.6,0.1,median,True,"[0.25, 0.5, 0.75]",False,P50,,False,42,1,combined_exp_arps,5,,default_group,UNISIM_IV_P13_Seq2Trend,UNISIM_IV,Seq2Trend,0.3975,0.23027777777777778,1.2555555555555555
UNISIM_IV_P13_Seq2Trend_trial_283,P13,dbb31df46e41b6599881c27f1db6492b,283,5.210816443254648,0.5219291292911957,Seq2Trend,Normal,False,0.99,300,300,20,20,8,0.01,0.6,0.1,median,True,"[0.25, 0.5, 0.75]",False,P50,,False,42,1,combined_exp_arps,5,,default_group,UNISIM_IV_P13_Seq2Trend,UNISIM_IV,Seq2Trend,0.3975,0.23027777777777778,1.2555555555555555
UNISIM_IV_P13_Seq2Trend_trial_297,P13,0cb1abaa0c009fdf44787c7ab2b2aaf6,297,5.210816443254648,0.5219291292911957,Seq2Trend,Normal,False,0.99,300,300,20,20,8,0.01,0.6,0.1,median,True,"[0.25, 0.5, 0.75]",False,P50,,False,42,1,combined_exp_arps,5,,default_group,UNISIM_IV_P13_Seq2Trend,UNISIM_IV,Seq2Trend,0.3975,0.23027777777777778,1.2555555555555555
UNISIM_IV_P13_Seq2Trend_trial_274,P13,d2b1001c7d1e0e22fd6beb5f6da9723a,274,5.210816443254648,0.5219291292911957,Seq2Trend,Normal,False,0.99,300,300,20,20,8,0.01,0.6,0.1,median,True,"[0.25, 0.5, 0.75]",False,P50,,False,42,1,combined_exp_arps,5,,default_group,UNISIM_IV_P13_Seq2Trend,UNISIM_IV,Seq2Trend,0.3975,0.23027777777777778,1.2555555555555555
UNISIM_IV_P13_Seq2Trend_trial_271,P13,606cc6ffc3d3122eb5bc66db7ce1d11e,271,5.210816443254648,0.5219291292911957,Seq2Trend,Normal,False,0.99,300,300,20,20,8,0.01,0.6,0.1,median,True,"[0.25, 0.5, 0.75]",False,P50,,False,42,1,combined_exp_arps,5,,default_group,UNISIM_IV_P13_Seq2Trend,UNISIM_IV,Seq2Trend,0.3975,0.23027777777777778,1.2555555555555555
UNISIM_IV_P13_Seq2Trend_trial_298,P13,9c8c9a026f5d572d86f11c7c34540c46,298,5.210816443254648,0.5219291292911957,Seq2Trend,Normal,False,0.99,300,300,20,20,8,0.01,0.6,0.1,median,True,"[0.25, 0.5, 0.75]",False,P50,,False,42,1,combined_exp_arps,5,,default_group,UNISIM_IV_P13_Seq2Trend,UNISIM_IV,Seq2Trend,0.3975,0.23027777777777778,1.2555555555555555
UNISIM_IV_P13_Seq2Trend_trial_254,P13,19dd2dd9f379e1e242474830bf5c89f9,254,5.210816443254648,0.5219291292911957,Seq2Trend,Normal,False,0.99,300,300,20,20,8,0.01,0.6,0.1,median,True,"[0.25, 0.5, 0.75]",False,P50,,False,42,1,combined_exp_arps,5,,default_group,UNISIM_IV_P13_Seq2Trend,UNISIM_IV,Seq2Trend,0.3975,0.23027777777777778,1.2555555555555555
UNISIM_IV_P13_Seq2Trend_trial_102,P13,575697882f1b14527078ae66592ad942,102,5.231985189177562,0.6308150455323628,Seq2Trend,Normal,False,0.25,300,300,20,20,8,0.005,0.6,0.1,median,True,"[0.25, 0.5, 0.75]",False,P50,,False,42,1,arps,8,,default_group,UNISIM_IV_P13_Seq2Trend,UNISIM_IV,Seq2Trend,0.44,0.2477777777777778,1.3755555555555556
UNISIM_IV_P13_Seq2Trend_trial_129,P13,504b45ef1a1273fa5ba17ca9bd40526e,129,5.890192749906953,0.9990328333757263,Seq2Trend,Normal,False,0.25,300,300,100,20,16,0.05,0.6,0.1,median,True,"[0.25, 0.5, 0.75]",False,P50,,False,42,1,static,8,,default_group,UNISIM_IV_P13_Seq2Trend,UNISIM_IV,Seq2Trend,0.6808333333333333,0.37527777777777777,2.112222222222222
UNISIM_IV_P13_Seq2Trend_trial_64,P13,a5823b7d38dd0b354992150ac6b5f29e,64,5.493744110421095,0.9252444059276314,Seq2Trend,Normal,False,0.5,300,300,100,20,16,0.001,0.6,0.1,median,True,"[0.25, 0.5, 0.75]",False,P50,,False,42,1,arps,6,,default_group,UNISIM_IV_P13_Seq2Trend,UNISIM_IV,Seq2Trend,0.6122222222222222,0.2861111111111111,1.7966666666666666
UNISIM_IV_P13_Seq2Trend_trial_100,P13,a2c563e0b45cd2c4f4d307e9c77aa4fb,100,5.612328632265622,0.983878295769126,Seq2Trend,Normal,False,0.5,300,300,100,20,8,0.001,0.6,0.1,median,True,"[0.25, 0.5, 0.75]",False,P50,,False,42,1,pressure_ensemble,3,,default_group,UNISIM_IV_P13_Seq2Trend,UNISIM_IV,Seq2Trend,0.6766666666666666,0.2911111111111111,1.9355555555555555
UNISIM_IV_P13_Seq2Trend_trial_82,P13,2e5fc14287053280a0be59ea6458266d,82,5.409339731618957,0.2289048744193388,Seq2Trend,Normal,False,0.01,300,300,50,20,16,0.05,0.6,0.1,median,True,"[0.25, 0.5, 0.75]",False,P50,,False,42,1,pressure_ensemble,6,,default_group,UNISIM_IV_P13_Seq2Trend,UNISIM_IV,Seq2Trend,0.14333333333333334,0.275,0.8366666666666667
UNISIM_IV_P13_Seq2Trend_trial_83,P13,11569dc1fac56b90240ee58f05b8e5a8,83,5.762761933425268,0.9738101741051148,Seq2Trend,Normal,False,0.25,300,300,20,20,8,0.001,0.6,0.1,median,True,"[0.25, 0.5, 0.75]",False,P50,,False,42,1,exponential,3,,default_group,UNISIM_IV_P13_Seq2Trend,UNISIM_IV,Seq2Trend,0.6741666666666667,0.3063888888888889,1.9611111111111112
UNISIM_IV_P13_Seq2Trend_trial_128,P13,f5e65b99310cd6146e6c3c8755eb66ef,128,5.894015149769204,1.0079415651802932,Seq2Trend,Normal,False,0.99,300,300,20,20,16,0.05,0.6,0.1,median,True,"[0.25, 0.5, 0.75]",False,P50,,False,42,1,pressure_ensemble,5,,default_group,UNISIM_IV_P13_Seq2Trend,UNISIM_IV,Seq2Trend,0.71,0.405,2.23
UNISIM_IV_P13_Seq2Trend_trial_146,P13,6fd580bb43e830cb51d18a84aec80447,146,5.283073061628624,0.7118108945910049,Seq2Trend,Normal,False,0.5,300,300,20,20,16,0.01,0.6,0.1,median,True,"[0.25, 0.5, 0.75]",False,P50,,False,42,1,combined_exp_arps,7,,default_group,UNISIM_IV_P13_Seq2Trend,UNISIM_IV,Seq2Trend,0.5527777777777778,0.25277777777777777,1.6111111111111112
UNISIM_IV_P13_Seq2Trend_trial_103,P13,29caf907838f947f9035cec6c433b039,103,5.492140367378848,0.1321239539356425,Seq2Trend,Normal,False,0.01,300,300,20,20,16,0.001,0.6,0.1,median,True,"[0.25, 0.5, 0.75]",False,P50,,False,42,1,static,8,,default_group,UNISIM_IV_P13_Seq2Trend,UNISIM_IV,Seq2Trend,0.07083333333333333,0.2852777777777778,0.7122222222222223
UNISIM_IV_P13_Seq2Trend_trial_61,P13,e1877998133ff53d6dcc8150b21fea4d,61,5.169991524636156,0.6146225452698489,Seq2Trend,Normal,False,0.01,300,300,20,20,8,0.01,0.6,0.1,median,True,"[0.25, 0.5, 0.75]",False,P50,,False,42,1,static,4,,default_group,UNISIM_IV_P13_Seq2Trend,UNISIM_IV,Seq2Trend,0.43555555555555553,0.15333333333333332,1.1777777777777776
UNISIM_IV_P13_Seq2Trend_trial_36,P13,632ac87630b2bbc7875559ac45e9d4db,36,5.396288909927858,0.7884039783770318,Seq2Trend,Normal,False,0.25,300,300,50,20,16,0.05,0.6,0.1,median,True,"[0.25, 0.5, 0.75]",False,P50,,False,42,1,exponential,8,,default_group,UNISIM_IV_P13_Seq2Trend,UNISIM_IV,Seq2Trend,0.5777777777777777,0.2738888888888889,1.7033333333333331
UNISIM_IV_P13_Seq2Trend_trial_31,P13,bdb040e113fd39d04fddb065c6f65e56,31,6.328991316077079,1.2028695254897668,Seq2Trend,Normal,False,0.01,300,300,50,20,16,0.05,0.6,0.1,median,True,"[0.25, 0.5, 0.75]",False,P50,,False,42,1,exponential,2,,default_group,UNISIM_IV_P13_Seq2Trend,UNISIM_IV,Seq2Trend,0.7277777777777777,0.5716666666666667,2.598888888888889
UNISIM_IV_P13_Seq2Trend_trial_135,P13,10109a7075ad1d66478fd4929e5b42a7,135,5.523945856338774,0.8294257284492982,Seq2Trend,Normal,False,0.5,300,300,50,20,8,0.01,0.6,0.1,median,True,"[0.25, 0.5, 0.75]",False,P50,,False,42,1,pressure_ensemble,8,,default_group,UNISIM_IV_P13_Seq2Trend,UNISIM_IV,Seq2Trend,0.5888888888888889,0.2872222222222222,1.7522222222222221
UNISIM_IV_P13_Seq2Trend_trial_70,P13,a72528ba67f21b952d9d8169f78568dc,70,5.591879204008583,0.98680972565099,Seq2Trend,Normal,False,0.99,300,300,100,20,16,0.001,0.6,0.1,median,True,"[0.25, 0.5, 0.75]",False,P50,,False,42,1,combined_exp_arps,7,,default_group,UNISIM_IV_P13_Seq2Trend,UNISIM_IV,Seq2Trend,0.6772222222222222,0.28944444444444445,1.9333333333333331
UNISIM_IV_P13_Seq2Trend_trial_37,P13,2a9d5b9751ab767ddca9fecb2bfcaaa6,37,6.574170645627698,1.2877037732239032,Seq2Trend,Normal,False,0.25,300,300,100,20,16,0.05,0.6,0.1,median,True,"[0.25, 0.5, 0.75]",False,P50,,False,42,1,exponential,7,,default_group,UNISIM_IV_P13_Seq2Trend,UNISIM_IV,Seq2Trend,0.7327777777777778,0.6111111111111112,2.687777777777778
UNISIM_IV_P13_Seq2Trend_trial_145,P13,201f2a7c964a42cb370f63387309af17,145,5.468480278533643,0.8810518725496526,Seq2Trend,Normal,False,0.25,300,300,200,20,16,0.005,0.6,0.1,median,True,"[0.25, 0.5, 0.75]",False,P50,,False,42,1,pressure_ensemble,5,,default_group,UNISIM_IV_P13_Seq2Trend,UNISIM_IV,Seq2Trend,0.6061111111111112,0.2811111111111111,1.7744444444444445
UNISIM_IV_P13_Seq2Trend_trial_59,P13,7c155a6f80207f43f960ca736cc71115,59,5.339011263155915,0.7032888014591686,Seq2Trend,Normal,False,0.25,300,300,20,20,16,0.05,0.6,0.1,median,True,"[0.25, 0.5, 0.75]",False,P50,,False,42,1,combined_exp_arps,4,,default_group,UNISIM_IV_P13_Seq2Trend,UNISIM_IV,Seq2Trend,0.5480555555555555,0.26305555555555554,1.6222222222222222
UNISIM_IV_P13_Seq2Trend_trial_22,P13,969656b477bf721afabd0f077a68c416,22,5.195447142668519,0.3160630243307004,Seq2Trend,Normal,False,0.99,300,300,50,20,16,0.05,0.6,0.1,median,True,"[0.25, 0.5, 0.75]",False,P50,,False,42,1,combined_exp_arps,5,,default_group,UNISIM_IV_P13_Seq2Trend,UNISIM_IV,Seq2Trend,0.19916666666666666,0.21305555555555555,0.8244444444444444
UNISIM_IV_P13_Seq2Trend_trial_134,P13,09c1073c30d09992d48a6dfdde5acccd,134,5.689286364677935,1.0007896380878087,Seq2Trend,Normal,False,0.25,300,300,100,20,8,0.01,0.6,0.1,median,True,"[0.25, 0.5, 0.75]",False,P50,,False,42,1,static,4,,default_group,UNISIM_IV_P13_Seq2Trend,UNISIM_IV,Seq2Trend,0.6822222222222222,0.29888888888888887,1.962222222222222
UNISIM_IV_P13_Seq2Trend_trial_77,P13,9b6a57b591c6559100b7591f170c08d8,77,5.762761933425268,0.9738101741051148,Seq2Trend,Normal,False,0.25,300,300,20,20,8,0.001,0.6,0.1,median,True,"[0.25, 0.5, 0.75]",False,P50,,False,42,1,exponential,8,,default_group,UNISIM_IV_P13_Seq2Trend,UNISIM_IV,Seq2Trend,0.6741666666666667,0.3063888888888889,1.9611111111111112
UNISIM_IV_P13_Seq2Trend_trial_24,P13,28e8763ea3c99142f57632129697ffd0,24,5.108777997327928,0.5467799841538816,Seq2Trend,Normal,False,0.01,300,300,100,20,16,0.005,0.6,0.1,median,True,"[0.25, 0.5, 0.75]",False,P50,,False,42,1,combined_exp_arps,5,,default_group,UNISIM_IV_P13_Seq2Trend,UNISIM_IV,Seq2Trend,0.42,0.14666666666666667,1.1333333333333333
UNISIM_IV_P13_Seq2Trend_trial_20,P13,06cd97ea0ea4ac50942f35863a09163c,20,6.128454200858919,1.1494217618359128,Seq2Trend,Normal,False,0.25,300,300,50,20,16,0.05,0.6,0.1,median,True,"[0.25, 0.5, 0.75]",False,P50,,False,42,1,static,4,,default_group,UNISIM_IV_P13_Seq2Trend,UNISIM_IV,Seq2Trend,0.7241666666666666,0.5258333333333334,2.5
UNISIM_IV_P13_Seq2Trend_trial_93,P13,cff4b5ace99075ac9f1ebe4a5f171f54,93,6.303076279108007,1.177921994989723,Seq2Trend,Normal,False,0.25,300,300,50,20,8,0.05,0.6,0.1,median,True,"[0.25, 0.5, 0.75]",False,P50,,False,42,1,exponential,3,,default_group,UNISIM_IV_P13_Seq2Trend,UNISIM_IV,Seq2Trend,0.7261111111111112,0.5661111111111111,2.5844444444444443
UNISIM_IV_P13_Seq2Trend_trial_85,P13,488bf3f02f1ecd0e86f9df4d78d12ea5,85,7.410334290840847,1.0828980698261774,Seq2Trend,Normal,False,0.5,300,300,200,20,8,0.05,0.6,0.1,median,True,"[0.25, 0.5, 0.75]",False,P50,,False,42,1,static,2,,default_group,UNISIM_IV_P13_Seq2Trend,UNISIM_IV,Seq2Trend,0.7194444444444444,0.6961111111111111,2.8311111111111114
UNISIM_IV_P13_Seq2Trend_trial_42,P13,68459b99ff39e61c06d337e858673a04,42,5.356786462590392,0.7766109548150003,Seq2Trend,Normal,False,0.25,300,300,100,20,16,0.001,0.6,0.1,median,True,"[0.25, 0.5, 0.75]",False,P50,,False,42,1,pressure_ensemble,3,,default_group,UNISIM_IV_P13_Seq2Trend,UNISIM_IV,Seq2Trend,0.5727777777777778,0.26611111111111113,1.677777777777778
UNISIM_IV_P13_Seq2Trend_trial_101,P13,70844683b7a749550bc3ddda6fe37b1e,101,5.142039879959111,0.3582339642041052,Seq2Trend,Normal,False,0.01,300,300,20,20,8,0.05,0.6,0.1,median,True,"[0.25, 0.5, 0.75]",False,P50,,False,42,1,arps,3,,default_group,UNISIM_IV_P13_Seq2Trend,UNISIM_IV,Seq2Trend,0.24055555555555555,0.15,0.7811111111111111
UNISIM_IV_P13_Seq2Trend_trial_122,P13,2c630d75995f5c3b3be6dfea7529718f,122,6.556658077918859,1.4174359338500289,Seq2Trend,Normal,False,0.5,300,300,20,20,16,0.001,0.6,0.1,median,True,"[0.25, 0.5, 0.75]",False,P50,,False,42,1,exponential,4,,default_group,UNISIM_IV_P13_Seq2Trend,UNISIM_IV,Seq2Trend,0.745,0.6088888888888889,2.707777777777778
UNISIM_IV_P13_Seq2Trend_trial_54,P13,8f0efa251905eda665449a6890ff8b0a,54,5.489170462942238,0.8664237576352241,Seq2Trend,Normal,False,0.5,300,300,20,20,16,0.01,0.6,0.1,median,True,"[0.25, 0.5, 0.75]",False,P50,,False,42,1,exponential,4,,default_group,UNISIM_IV_P13_Seq2Trend,UNISIM_IV,Seq2Trend,0.5986111111111111,0.2841666666666667,1.7655555555555555
UNISIM_IV_P13_Seq2Trend_trial_25,P13,edc33fe7f2f084db940ddde90f0f6b3d,25,6.3935393682646575,0.9357148629445112,Seq2Trend,Normal,False,0.25,300,300,200,20,16,0.05,0.6,0.1,median,True,"[0.25, 0.5, 0.75]",False,P50,,False,42,1,static,5,,default_group,UNISIM_IV_P13_Seq2Trend,UNISIM_IV,Seq2Trend,0.6155555555555555,0.5872222222222222,2.4055555555555554
UNISIM_IV_P13_Seq2Trend_trial_45,P13,fc01ee89a072f3ffc06f65ef58b280ea,45,5.224854717452394,0.7635235957029024,Seq2Trend,Normal,False,0.01,300,300,200,20,16,0.005,0.6,0.1,median,True,"[0.25, 0.5, 0.75]",False,P50,,False,42,1,arps,5,,default_group,UNISIM_IV_P13_Seq2Trend,UNISIM_IV,Seq2Trend,0.5688888888888889,0.24722222222222223,1.6322222222222222
UNISIM_IV_P13_Seq2Trend_trial_148,P13,b49af9ab164746e4e17b80a8bcf23501,148,5.701786191745019,0.8846225541347422,Seq2Trend,Normal,False,0.5,300,300,50,20,16,0.05,0.6,0.1,median,True,"[0.25, 0.5, 0.75]",False,P50,,False,42,1,arps,5,,default_group,UNISIM_IV_P13_Seq2Trend,UNISIM_IV,Seq2Trend,0.6066666666666667,0.29944444444444446,1.8122222222222222
UNISIM_IV_P13_Seq2Trend_trial_149,P13,f7c50c6cad2e6e07b369fa43e58d8d37,149,5.3190223700263495,0.7426521650068719,Seq2Trend,Normal,False,0.25,300,300,100,20,16,0.001,0.6,0.1,median,True,"[0.25, 0.5, 0.75]",False,P50,,False,42,1,static,4,,default_group,UNISIM_IV_P13_Seq2Trend,UNISIM_IV,Seq2Trend,0.5616666666666666,0.25722222222222224,1.6377777777777778
UNISIM_IV_P13_Seq2Trend_trial_5,P13,07a0cc422d96a9205105624c2cfa5089,5,5.339499989743622,0.7526983973916825,Seq2Trend,Normal,False,0.25,300,300,50,20,8,0.01,0.6,0.1,median,True,"[0.25, 0.5, 0.75]",False,P50,,False,42,1,combined_exp_arps,8,,default_group,UNISIM_IV_P13_Seq2Trend,UNISIM_IV,Seq2Trend,0.5655555555555556,0.2638888888888889,1.6588888888888889
UNISIM_IV_P13_Seq2Trend_trial_105,P13,6f2bb84a5a334d12b323b08b99dd56a9,105,6.75589759445913,0.8726659333710004,Seq2Trend,Normal,False,0.99,300,300,200,20,8,0.05,0.6,0.1,median,True,"[0.25, 0.5, 0.75]",False,P50,,False,42,1,arps,7,,default_group,UNISIM_IV_P13_Seq2Trend,UNISIM_IV,Seq2Trend,0.6022222222222222,0.6305555555555555,2.4655555555555555
UNISIM_IV_P13_Seq2Trend_trial_41,P13,2b284a9c8a369b095c2d6dad29d49bff,41,5.670122776289456,0.9796515071461056,Seq2Trend,Normal,False,0.5,300,300,200,20,16,0.001,0.6,0.1,median,True,"[0.25, 0.5, 0.75]",False,P50,,False,42,1,exponential,7,,default_group,UNISIM_IV_P13_Seq2Trend,UNISIM_IV,Seq2Trend,0.6755555555555556,0.29833333333333334,1.9477777777777778
UNISIM_IV_P13_Seq2Trend_trial_120,P13,6dac404337b9d8b5c6ac7b4bbdb4fd65,120,6.692570120310782,1.0654755180462443,Seq2Trend,Normal,False,0.99,300,300,200,20,8,0.05,0.6,0.1,median,True,"[0.25, 0.5, 0.75]",False,P50,,False,42,1,pressure_ensemble,7,,default_group,UNISIM_IV_P13_Seq2Trend,UNISIM_IV,Seq2Trend,0.7163888888888889,0.6286111111111111,2.69
UNISIM_IV_P13_Seq2Trend_trial_29,P13,0f794b4121dbfd9e3dacb08c54334b2f,29,6.572458126926489,1.4101119205857693,Seq2Trend,Normal,False,0.99,300,300,200,20,8,0.005,0.6,0.1,median,True,"[0.25, 0.5, 0.75]",False,P50,,False,42,1,exponential,2,,default_group,UNISIM_IV_P13_Seq2Trend,UNISIM_IV,Seq2Trend,0.7444444444444445,0.6105555555555555,2.71
UNISIM_IV_P13_Seq2Trend_trial_114,P13,32b0df915ee85f7107755fe8458206c0,114,6.524950171514384,0.926926895586204,Seq2Trend,Normal,False,0.25,300,300,200,20,8,0.05,0.6,0.1,median,True,"[0.25, 0.5, 0.75]",False,P50,,False,42,1,combined_exp_arps,8,,default_group,UNISIM_IV_P13_Seq2Trend,UNISIM_IV,Seq2Trend,0.6141666666666666,0.6030555555555556,2.4344444444444444
UNISIM_IV_P13_Seq2Trend_trial_34,P13,8b2fc35759b6f82956d487506f999580,34,5.1782457833275615,0.365696603662874,Seq2Trend,Normal,False,0.01,300,300,50,20,8,0.001,0.6,0.1,median,True,"[0.25, 0.5, 0.75]",False,P50,,False,42,1,pressure_ensemble,6,,default_group,UNISIM_IV_P13_Seq2Trend,UNISIM_IV,Seq2Trend,0.29944444444444446,0.15611111111111112,0.9111111111111112
UNISIM_IV_P13_Seq2Trend_trial_2,P13,69721dcba9dbd5f7e593f564cf0d754a,2,6.435929004084116,1.3042945513383188,Seq2Trend,Normal,False,0.99,300,300,50,20,16,0.05,0.6,0.1,median,True,"[0.25, 0.5, 0.75]",False,P50,,False,42,1,static,7,,default_group,UNISIM_IV_P13_Seq2Trend,UNISIM_IV,Seq2Trend,0.7347222222222223,0.5908333333333333,2.651111111111111
UNISIM_IV_P13_Seq2Trend_trial_16,P13,c149e8a13f34652bff6ac97fff76db1e,16,5.885538314109832,1.1173460362747123,Seq2Trend,Normal,False,0.99,300,300,50,20,8,0.01,0.6,0.1,median,True,"[0.25, 0.5, 0.75]",False,P50,,False,42,1,combined_exp_arps,2,,default_group,UNISIM_IV_P13_Seq2Trend,UNISIM_IV,Seq2Trend,0.7227777777777777,0.37444444444444447,2.1944444444444446
UNISIM_IV_P13_Seq2Trend_trial_86,P13,5aa4137b80ce1f32df529da5c57527e3,86,5.961811875704239,1.1505329316676076,Seq2Trend,Normal,False,0.5,300,300,100,20,8,0.005,0.6,0.1,median,True,"[0.25, 0.5, 0.75]",False,P50,,False,42,1,combined_exp_arps,3,,default_group,UNISIM_IV_P13_Seq2Trend,UNISIM_IV,Seq2Trend,0.7252777777777778,0.4097222222222222,2.27
UNISIM_IV_P13_Seq2Trend_trial_32,P13,622d620a5e038d16d6ab89102f9a8772,32,5.277235412739055,0.1633587272767439,Seq2Trend,Normal,False,0.01,300,300,20,20,16,0.01,0.6,0.1,median,True,"[0.25, 0.5, 0.75]",False,P50,,False,42,1,combined_exp_arps,2,,default_group,UNISIM_IV_P13_Seq2Trend,UNISIM_IV,Seq2Trend,0.13333333333333333,0.25166666666666665,0.77
UNISIM_IV_P13_Seq2Trend_trial_52,P13,8fe249d2b0a67ac1354022652bd6ea82,52,5.284913492666084,0.4999254176963432,Seq2Trend,Normal,False,0.99,300,300,20,20,8,0.005,0.6,0.1,median,True,"[0.25, 0.5, 0.75]",False,P50,,False,42,1,exponential,5,,default_group,UNISIM_IV_P13_Seq2Trend,UNISIM_IV,Seq2Trend,0.38,0.25333333333333335,1.2666666666666666
UNISIM_IV_P13_Seq2Trend_trial_63,P13,58f9f69e66b20ffe66a016147b997094,63,5.893807995260731,1.0715574874517688,Seq2Trend,Normal,False,0.25,300,300,200,20,8,0.01,0.6,0.1,median,True,"[0.25, 0.5, 0.75]",False,P50,,False,42,1,exponential,5,,default_group,UNISIM_IV_P13_Seq2Trend,UNISIM_IV,Seq2Trend,0.7183333333333334,0.40444444444444444,2.2455555555555557
UNISIM_IV_P13_Seq2Trend_trial_147,P13,776ff6106c2b3faff40c0c0c22cf4e54,147,5.176715200351159,0.1552157764374081,Seq2Trend,Normal,False,0.01,300,300,200,20,16,0.01,0.6,0.1,median,True,"[0.25, 0.5, 0.75]",False,P50,,False,42,1,exponential,4,,default_group,UNISIM_IV_P13_Seq2Trend,UNISIM_IV,Seq2Trend,0.13111111111111112,0.15555555555555556,0.5733333333333334
UNISIM_IV_P13_Seq2Trend_trial_97,P13,b73c498da6796a2f6918681204e8a3b1,97,5.183435080695122,0.5278880430468208,Seq2Trend,Normal,False,0.99,300,300,20,20,16,0.01,0.6,0.1,median,True,"[0.25, 0.5, 0.75]",False,P50,,False,42,1,arps,6,,default_group,UNISIM_IV_P13_Seq2Trend,UNISIM_IV,Seq2Trend,0.4127777777777778,0.15666666666666668,1.1388888888888888
UNISIM_IV_P13_Seq2Trend_trial_13,P13,7a1a12ae733a43ad01519b67438581c8,13,5.271675888101857,0.652359499574664,Seq2Trend,Normal,False,0.5,300,300,20,20,16,0.01,0.6,0.1,median,True,"[0.25, 0.5, 0.75]",False,P50,,False,42,1,arps,8,,default_group,UNISIM_IV_P13_Seq2Trend,UNISIM_IV,Seq2Trend,0.4461111111111111,0.2511111111111111,1.3944444444444444
UNISIM_IV_P13_Seq2Trend_trial_113,P13,bd129518a9a1367de1ad535003be90f5,113,5.488490630518423,0.8752969318558349,Seq2Trend,Normal,False,0.25,300,300,100,20,16,0.01,0.6,0.1,median,True,"[0.25, 0.5, 0.75]",False,P50,,False,42,1,pressure_ensemble,4,,default_group,UNISIM_IV_P13_Seq2Trend,UNISIM_IV,Seq2Trend,0.6044444444444445,0.2833333333333333,1.7755555555555556
UNISIM_IV_P13_Seq2Trend_trial_91,P13,4310a70a6be6a399f2fb506605fb635e,91,6.14401343911866,1.139455037761844,Seq2Trend,Normal,False,0.99,300,300,100,20,8,0.005,0.6,0.1,median,True,"[0.25, 0.5, 0.75]",False,P50,,False,42,1,arps,8,,default_group,UNISIM_IV_P13_Seq2Trend,UNISIM_IV,Seq2Trend,0.7233333333333334,0.5311111111111111,2.508888888888889
UNISIM_IV_P13_Seq2Trend_trial_28,P13,15330ea58e6fea7778fda4fa50b6ae03,28,5.353074571503673,0.7357912548222265,Seq2Trend,Normal,False,0.25,300,300,100,20,16,0.005,0.6,0.1,median,True,"[0.25, 0.5, 0.75]",False,P50,,False,42,1,exponential,7,,default_group,UNISIM_IV_P13_Seq2Trend,UNISIM_IV,Seq2Trend,0.5594444444444444,0.265,1.6488888888888888
UNISIM_IV_P13_Seq2Trend_trial_55,P13,858332fa48c1e4a773736654a7af5499,55,5.396214522113285,0.8246921841940311,Seq2Trend,Normal,False,0.25,300,300,200,20,8,0.001,0.6,0.1,median,True,"[0.25, 0.5, 0.75]",False,P50,,False,42,1,arps,2,,default_group,UNISIM_IV_P13_Seq2Trend,UNISIM_IV,Seq2Trend,0.585,0.2733333333333333,1.7166666666666666
UNISIM_IV_P13_Seq2Trend_trial_124,P13,18210453684274fd68255cca63b7fd1a,124,6.692570120310782,1.0654755180462443,Seq2Trend,Normal,False,0.99,300,300,200,20,8,0.05,0.6,0.1,median,True,"[0.25, 0.5, 0.75]",False,P50,,False,42,1,pressure_ensemble,7,,default_group,UNISIM_IV_P13_Seq2Trend,UNISIM_IV,Seq2Trend,0.7163888888888889,0.6286111111111111,2.69
UNISIM_IV_P13_Seq2Trend_trial_138,P13,cc397e5da3a26cc19fd044cbf9ad5254,138,5.40527378671452,0.734142264444748,Seq2Trend,Normal,False,0.5,300,300,20,20,16,0.005,0.6,0.1,median,True,"[0.25, 0.5, 0.75]",False,P50,,False,42,1,exponential,3,,default_group,UNISIM_IV_P13_Seq2Trend,UNISIM_IV,Seq2Trend,0.5588888888888889,0.27444444444444444,1.6666666666666665
UNISIM_IV_P13_Seq2Trend_trial_10,P13,8374deedf802080ab10f5eb59946d3a7,10,5.479463412682321,0.8214136855714782,Seq2Trend,Normal,False,0.99,300,300,50,20,8,0.01,0.6,0.1,median,True,"[0.25, 0.5, 0.75]",False,P50,,False,42,1,exponential,4,,default_group,UNISIM_IV_P13_Seq2Trend,UNISIM_IV,Seq2Trend,0.5838888888888889,0.2822222222222222,1.732222222222222
UNISIM_IV_P13_Seq2Trend_trial_11,P13,c33f9b779c95b1a08138445c4c085fa7,11,5.170414272975736,0.5782564650991634,Seq2Trend,Normal,False,0.25,300,300,20,20,8,0.005,0.6,0.1,median,True,"[0.25, 0.5, 0.75]",False,P50,,False,42,1,exponential,5,,default_group,UNISIM_IV_P13_Seq2Trend,UNISIM_IV,Seq2Trend,0.4288888888888889,0.15444444444444444,1.1666666666666665
UNISIM_IV_P13_Seq2Trend_trial_6,P13,9c162b13b5d73e4a256d44837f5bc9c1,6,5.197951740939496,0.6339671961501205,Seq2Trend,Normal,False,0.01,300,300,100,20,8,0.005,0.6,0.1,median,True,"[0.25, 0.5, 0.75]",False,P50,,False,42,1,exponential,5,,default_group,UNISIM_IV_P13_Seq2Trend,UNISIM_IV,Seq2Trend,0.44055555555555553,0.21444444444444444,1.31
UNISIM_IV_P13_Seq2Trend_trial_18,P13,a7f3e33194622bb7414aacde695c1df9,18,5.430523107024058,0.2897979861859222,Seq2Trend,Normal,False,0.01,300,300,200,20,16,0.05,0.6,0.1,median,True,"[0.25, 0.5, 0.75]",False,P50,,False,42,1,static,5,,default_group,UNISIM_IV_P13_Seq2Trend,UNISIM_IV,Seq2Trend,0.19166666666666668,0.27666666666666667,0.9366666666666668
UNISIM_IV_P13_Seq2Trend_trial_65,P13,e6538a9fd4406e7f48b8f59560448f27,65,5.330748926003518,0.7204901961375203,Seq2Trend,Normal,False,0.5,300,300,20,20,16,0.01,0.6,0.1,median,True,"[0.25, 0.5, 0.75]",False,P50,,False,42,1,pressure_ensemble,8,,default_group,UNISIM_IV_P13_Seq2Trend,UNISIM_IV,Seq2Trend,0.5563888888888889,0.25916666666666666,1.6311111111111112
UNISIM_IV_P13_Seq2Trend_trial_73,P13,0c2bf4f74dcdc8840fa55cdfda2b2435,73,7.85445255058022,1.826367250495833,Seq2Trend,Normal,False,0.25,300,300,200,20,16,0.05,0.6,0.1,median,True,"[0.25, 0.5, 0.75]",False,P50,,False,42,1,arps,5,,default_group,UNISIM_IV_P13_Seq2Trend,UNISIM_IV,Seq2Trend,0.7797222222222222,0.7619444444444444,3.083333333333333
UNISIM_IV_P13_Seq2Trend_trial_74,P13,706e6daa5aa92a66014cc22cc3a4ef1a,74,5.220909694501947,0.7215789744206401,Seq2Trend,Normal,False,0.01,300,300,100,20,16,0.005,0.6,0.1,median,True,"[0.25, 0.5, 0.75]",False,P50,,False,42,1,static,8,,default_group,UNISIM_IV_P13_Seq2Trend,UNISIM_IV,Seq2Trend,0.5572222222222222,0.24555555555555555,1.6055555555555554
UNISIM_IV_P13_Seq2Trend_trial_72,P13,7accf2d811524afba8bcc9f5a4bfe3b4,72,5.339011263155915,0.7032888014591686,Seq2Trend,Normal,False,0.25,300,300,20,20,16,0.05,0.6,0.1,median,True,"[0.25, 0.5, 0.75]",False,P50,,False,42,1,combined_exp_arps,7,,default_group,UNISIM_IV_P13_Seq2Trend,UNISIM_IV,Seq2Trend,0.5480555555555555,0.26305555555555554,1.6222222222222222
UNISIM_IV_P13_Seq2Trend_trial_87,P13,d7cf850e5c972807599aec4d774e94cb,87,5.890192749906953,0.9990328333757263,Seq2Trend,Normal,False,0.25,300,300,100,20,16,0.05,0.6,0.1,median,True,"[0.25, 0.5, 0.75]",False,P50,,False,42,1,static,2,,default_group,UNISIM_IV_P13_Seq2Trend,UNISIM_IV,Seq2Trend,0.6808333333333333,0.37527777777777777,2.112222222222222
UNISIM_IV_P13_Seq2Trend_trial_121,P13,3b2a5b61a5f6d529281bac4f04cdafb8,121,5.6422412749757305,0.9728311176104482,Seq2Trend,Normal,False,0.25,300,300,200,20,16,0.005,0.6,0.1,median,True,"[0.25, 0.5, 0.75]",False,P50,,False,42,1,combined_exp_arps,5,,default_group,UNISIM_IV_P13_Seq2Trend,UNISIM_IV,Seq2Trend,0.6733333333333333,0.29444444444444445,1.9355555555555557
UNISIM_IV_P13_Seq2Trend_trial_141,P13,cb9e611677b177b48e95bae7ab65bbac,141,6.662268113239003,1.426582477297102,Seq2Trend,Normal,False,0.99,300,300,20,20,8,0.05,0.6,0.1,median,True,"[0.25, 0.5, 0.75]",False,P50,,False,42,1,static,6,,default_group,UNISIM_IV_P13_Seq2Trend,UNISIM_IV,Seq2Trend,0.7455555555555555,0.6244444444444445,2.74
UNISIM_IV_P13_Seq2Trend_trial_116,P13,aebeefbcdcd9490d89f2a957988ab84c,116,5.174852259151618,0.4019072610248376,Seq2Trend,Normal,False,0.01,300,300,100,20,16,0.001,0.6,0.1,median,True,"[0.25, 0.5, 0.75]",False,P50,,False,42,1,static,7,,default_group,UNISIM_IV_P13_Seq2Trend,UNISIM_IV,Seq2Trend,0.30777777777777776,0.155,0.9255555555555555
UNISIM_IV_P13_Seq2Trend_trial_96,P13,48d4223ad46232e6a6e8163c6337a216,96,5.640718505256868,0.1225112430272473,Seq2Trend,Normal,False,0.01,300,300,20,20,16,0.001,0.6,0.1,median,True,"[0.25, 0.5, 0.75]",False,P50,,False,42,1,arps,4,,default_group,UNISIM_IV_P13_Seq2Trend,UNISIM_IV,Seq2Trend,0.06666666666666667,0.29388888888888887,0.721111111111111
UNISIM_IV_P13_Seq2Trend_trial_15,P13,e8e2650df7cbcef05729363aa0cb0565,15,8.536716408978512,1.998317786615133,Seq2Trend,Normal,False,0.99,300,300,100,20,8,0.005,0.6,0.1,median,True,"[0.25, 0.5, 0.75]",False,P50,,False,42,1,pressure_ensemble,4,,default_group,UNISIM_IV_P13_Seq2Trend,UNISIM_IV,Seq2Trend,0.7944444444444444,0.7755555555555556,3.1399999999999997
UNISIM_IV_P13_Seq2Trend_trial_115,P13,93ad9187d11e447c8a2972f2704b0a45,115,6.180324173574156,1.2218530821613838,Seq2Trend,Normal,False,0.99,300,300,200,20,16,0.005,0.6,0.1,median,True,"[0.25, 0.5, 0.75]",False,P50,,False,42,1,pressure_ensemble,7,,default_group,UNISIM_IV_P13_Seq2Trend,UNISIM_IV,Seq2Trend,0.7283333333333334,0.54,2.536666666666667
UNISIM_IV_P13_Seq2Trend_trial_67,P13,5c4e64478f8c48f8b13bb9bd51ad13b3,67,5.2804817624025455,0.6802375244990624,Seq2Trend,Normal,False,0.01,300,300,100,20,8,0.01,0.6,0.1,median,True,"[0.25, 0.5, 0.75]",False,P50,,False,42,1,static,8,,default_group,UNISIM_IV_P13_Seq2Trend,UNISIM_IV,Seq2Trend,0.5383333333333333,0.25222222222222224,1.5811111111111111
UNISIM_IV_P13_Seq2Trend_trial_58,P13,a3dc6d91bc317feddde73c697e76f2b2,58,6.343541242296179,1.250009166110565,Seq2Trend,Normal,False,0.5,300,300,200,20,16,0.01,0.6,0.1,median,True,"[0.25, 0.5, 0.75]",False,P50,,False,42,1,static,5,,default_group,UNISIM_IV_P13_Seq2Trend,UNISIM_IV,Seq2Trend,0.73,0.5733333333333334,2.6066666666666665
UNISIM_IV_P13_Seq2Trend_trial_51,P13,3501d35d5c430f722403ddd968aa586a,51,5.489170462942238,0.8664237576352241,Seq2Trend,Normal,False,0.5,300,300,20,20,16,0.01,0.6,0.1,median,True,"[0.25, 0.5, 0.75]",False,P50,,False,42,1,exponential,6,,default_group,UNISIM_IV_P13_Seq2Trend,UNISIM_IV,Seq2Trend,0.5986111111111111,0.2841666666666667,1.7655555555555555
UNISIM_IV_P13_Seq2Trend_trial_60,P13,835b172dea87a765ef24bf7b02342f24,60,5.364039138553323,0.8165892249687418,Seq2Trend,Normal,False,0.01,300,300,200,20,8,0.001,0.6,0.1,median,True,"[0.25, 0.5, 0.75]",False,P50,,False,42,1,static,3,,default_group,UNISIM_IV_P13_Seq2Trend,UNISIM_IV,Seq2Trend,0.5833333333333334,0.2677777777777778,1.7022222222222223
UNISIM_IV_P13_Seq2Trend_trial_81,P13,cb07f4451eac5d6d7492033478b47413,81,6.890146279676975,1.3048470586089345,Seq2Trend,Normal,False,0.99,300,300,200,20,8,0.01,0.6,0.1,median,True,"[0.25, 0.5, 0.75]",False,P50,,False,42,1,static,6,,default_group,UNISIM_IV_P13_Seq2Trend,UNISIM_IV,Seq2Trend,0.7355555555555555,0.6672222222222223,2.8055555555555554
UNISIM_IV_P13_Seq2Trend_trial_126,P13,a78fa63dafe6199f7c1af1723717555c,126,5.249192181252544,0.3593573472929297,Seq2Trend,Normal,False,0.01,300,300,20,20,8,0.01,0.6,0.1,median,True,"[0.25, 0.5, 0.75]",False,P50,,False,42,1,arps,6,,default_group,UNISIM_IV_P13_Seq2Trend,UNISIM_IV,Seq2Trend,0.24166666666666667,0.24944444444444444,0.9822222222222222
UNISIM_IV_P13_Seq2Trend_trial_66,P13,7af249da77821bd8b8b91332d4f14bd8,66,5.165828099267391,0.147685985710314,Seq2Trend,Normal,False,0.01,300,300,50,20,8,0.05,0.6,0.1,median,True,"[0.25, 0.5, 0.75]",False,P50,,False,42,1,arps,2,,default_group,UNISIM_IV_P13_Seq2Trend,UNISIM_IV,Seq2Trend,0.07444444444444444,0.15222222222222223,0.45333333333333337
UNISIM_IV_P13_Seq2Trend_trial_30,P13,af8af5e433347551171dfa7d04c9dc42,30,5.663881577216539,1.0076466148801346,Seq2Trend,Normal,False,0.99,300,300,200,20,16,0.001,0.6,0.1,median,True,"[0.25, 0.5, 0.75]",False,P50,,False,42,1,arps,3,,default_group,UNISIM_IV_P13_Seq2Trend,UNISIM_IV,Seq2Trend,0.7091666666666666,0.2975,2.013333333333333
UNISIM_IV_P13_Seq2Trend_trial_43,P13,795518e440b05c62fed3667129e878b0,43,5.846674879857592,1.105105831865113,Seq2Trend,Normal,False,0.25,300,300,20,20,16,0.01,0.6,0.1,median,True,"[0.25, 0.5, 0.75]",False,P50,,False,42,1,combined_exp_arps,7,,default_group,UNISIM_IV_P13_Seq2Trend,UNISIM_IV,Seq2Trend,0.7211111111111111,0.31277777777777777,2.0677777777777777
UNISIM_IV_P13_Seq2Trend_trial_140,P13,113710ccf36bcb5e0ec009af9859bbee,140,5.098526334587296,0.3823279854600155,Seq2Trend,Normal,False,0.99,300,300,200,20,16,0.005,0.6,0.1,median,True,"[0.25, 0.5, 0.75]",False,P50,,False,42,1,arps,8,,default_group,UNISIM_IV_P13_Seq2Trend,UNISIM_IV,Seq2Trend,0.3038888888888889,0.14555555555555555,0.8988888888888888
UNISIM_IV_P13_Seq2Trend_trial_68,P13,7f5d5d0ebaed5eadda2148370c9da658,68,5.961811875704239,1.1505329316676076,Seq2Trend,Normal,False,0.5,300,300,100,20,8,0.005,0.6,0.1,median,True,"[0.25, 0.5, 0.75]",False,P50,,False,42,1,combined_exp_arps,5,,default_group,UNISIM_IV_P13_Seq2Trend,UNISIM_IV,Seq2Trend,0.7252777777777778,0.4097222222222222,2.27
UNISIM_IV_P13_Seq2Trend_trial_17,P13,202506b17a2c52e7bd40585de85fbada,17,6.303298520694262,1.2937592600000136,Seq2Trend,Normal,False,0.99,300,300,100,20,8,0.01,0.6,0.1,median,True,"[0.25, 0.5, 0.75]",False,P50,,False,42,1,arps,2,,default_group,UNISIM_IV_P13_Seq2Trend,UNISIM_IV,Seq2Trend,0.7336111111111111,0.5669444444444445,2.601111111111111
UNISIM_IV_P13_Seq2Trend_trial_62,P13,25cb50c71ba5d4424afb4ae6d635b2ca,62,5.538582272232852,0.842147976398683,Seq2Trend,Normal,False,0.99,300,300,50,20,8,0.005,0.6,0.1,median,True,"[0.25, 0.5, 0.75]",False,P50,,False,42,1,exponential,3,,default_group,UNISIM_IV_P13_Seq2Trend,UNISIM_IV,Seq2Trend,0.5922222222222222,0.28833333333333333,1.761111111111111
UNISIM_IV_P13_Seq2Trend_trial_137,P13,775a1fd3ab3d24bfff1e80e5e3c76a7b,137,5.488028312846467,0.9257765426958376,Seq2Trend,Normal,False,0.5,300,300,100,20,16,0.001,0.6,0.1,median,True,"[0.25, 0.5, 0.75]",False,P50,,False,42,1,pressure_ensemble,7,,default_group,UNISIM_IV_P13_Seq2Trend,UNISIM_IV,Seq2Trend,0.6133333333333333,0.2827777777777778,1.7922222222222222
UNISIM_IV_P13_Seq2Trend_trial_7,P13,8f669923aaf6d74cb7f4bd2f752e88f7,7,5.356786462590392,0.7766109548150003,Seq2Trend,Normal,False,0.25,300,300,100,20,16,0.001,0.6,0.1,median,True,"[0.25, 0.5, 0.75]",False,P50,,False,42,1,pressure_ensemble,2,,default_group,UNISIM_IV_P13_Seq2Trend,UNISIM_IV,Seq2Trend,0.5727777777777778,0.26611111111111113,1.677777777777778
UNISIM_IV_P13_Seq2Trend_trial_111,P13,7142017bfd8628c8c5e086da4b8bf3b0,111,8.42318325321955,1.578901117828282,Seq2Trend,Normal,False,0.99,300,300,50,20,16,0.05,0.6,0.1,median,True,"[0.25, 0.5, 0.75]",False,P50,,False,42,1,exponential,6,,default_group,UNISIM_IV_P13_Seq2Trend,UNISIM_IV,Seq2Trend,0.755,0.7727777777777778,3.0555555555555554
UNISIM_IV_P13_Seq2Trend_trial_89,P13,e020ed63aa7e8fe8891e4fb46ba5afaa,89,5.205356133619854,0.6755234430937912,Seq2Trend,Normal,False,0.5,300,300,50,20,8,0.001,0.6,0.1,median,True,"[0.25, 0.5, 0.75]",False,P50,,False,42,1,static,5,,default_group,UNISIM_IV_P13_Seq2Trend,UNISIM_IV,Seq2Trend,0.5377777777777778,0.21611111111111111,1.5077777777777779
UNISIM_IV_P13_Seq2Trend_trial_44,P13,4f8de841abe54c5e1e5b1fce7f3fb980,44,5.347835094626542,0.813341080010231,Seq2Trend,Normal,False,0.99,300,300,50,20,8,0.001,0.6,0.1,median,True,"[0.25, 0.5, 0.75]",False,P50,,False,42,1,static,4,,default_group,UNISIM_IV_P13_Seq2Trend,UNISIM_IV,Seq2Trend,0.5822222222222222,0.2644444444444444,1.6933333333333334
UNISIM_IV_P13_Seq2Trend_trial_84,P13,57ee01e8d4ddca944ad0d6b2d2dbbc4a,84,5.132556739463812,0.5426443811608207,Seq2Trend,Normal,False,0.01,300,300,200,20,16,0.005,0.6,0.1,median,True,"[0.25, 0.5, 0.75]",False,P50,,False,42,1,combined_exp_arps,5,,default_group,UNISIM_IV_P13_Seq2Trend,UNISIM_IV,Seq2Trend,0.41888888888888887,0.14888888888888888,1.1355555555555554
UNISIM_IV_P13_Seq2Trend_trial_107,P13,e8c4487991ef07316970ba8e553e7a3f,107,5.330748926003518,0.7204901961375203,Seq2Trend,Normal,False,0.5,300,300,20,20,16,0.01,0.6,0.1,median,True,"[0.25, 0.5, 0.75]",False,P50,,False,42,1,pressure_ensemble,3,,default_group,UNISIM_IV_P13_Seq2Trend,UNISIM_IV,Seq2Trend,0.5563888888888889,0.25916666666666666,1.6311111111111112
UNISIM_IV_P13_Seq2Trend_trial_26,P13,3a300c9bcbf4648aae06d2e82da6cb67,26,8.020783530088364,1.7323322524375666,Seq2Trend,Normal,False,0.25,300,300,200,20,16,0.05,0.6,0.1,median,True,"[0.25, 0.5, 0.75]",False,P50,,False,42,1,pressure_ensemble,3,,default_group,UNISIM_IV_P13_Seq2Trend,UNISIM_IV,Seq2Trend,0.7727777777777778,0.765,3.075555555555556
UNISIM_IV_P13_Seq2Trend_trial_19,P13,f7e54561a0662f5f7f56b29820fc373a,19,5.902729601022729,1.089820241590754,Seq2Trend,Normal,False,0.99,300,300,200,20,16,0.01,0.6,0.1,median,True,"[0.25, 0.5, 0.75]",False,P50,,False,42,1,arps,2,,default_group,UNISIM_IV_P13_Seq2Trend,UNISIM_IV,Seq2Trend,0.72,0.4061111111111111,2.252222222222222
UNISIM_IV_P13_Seq2Trend_trial_99,P13,619fe739af13bbab2c61a0a5b021cba6,99,5.73720700869586,0.9916195484879315,Seq2Trend,Normal,False,0.99,300,300,50,20,8,0.005,0.6,0.1,median,True,"[0.25, 0.5, 0.75]",False,P50,,False,42,1,pressure_ensemble,5,,default_group,UNISIM_IV_P13_Seq2Trend,UNISIM_IV,Seq2Trend,0.6788888888888889,0.30444444444444446,1.9666666666666668
UNISIM_IV_P13_Seq2Trend_trial_95,P13,167840b6febe0ec04b736b116a5427b4,95,9.775283535836625,2.1791717280699747,Seq2Trend,Normal,False,0.99,300,300,20,20,8,0.05,0.6,0.1,median,True,"[0.25, 0.5, 0.75]",False,P50,,False,42,1,exponential,7,,default_group,UNISIM_IV_P13_Seq2Trend,UNISIM_IV,Seq2Trend,0.8027777777777778,0.7977777777777778,3.2011111111111115
UNISIM_IV_P13_Seq2Trend_trial_109,P13,ef4d53b91dd25b787222162b86bd1e36,109,5.169991524636156,0.6146225452698489,Seq2Trend,Normal,False,0.01,300,300,20,20,8,0.01,0.6,0.1,median,True,"[0.25, 0.5, 0.75]",False,P50,,False,42,1,static,8,,default_group,UNISIM_IV_P13_Seq2Trend,UNISIM_IV,Seq2Trend,0.43555555555555553,0.15333333333333332,1.1777777777777776
UNISIM_IV_P13_Seq2Trend_trial_139,P13,9adfb2d08415619efb11559ff1c7c2c9,139,5.606293748463801,0.8999446216301465,Seq2Trend,Normal,False,0.25,300,300,50,20,16,0.001,0.6,0.1,median,True,"[0.25, 0.5, 0.75]",False,P50,,False,42,1,pressure_ensemble,3,,default_group,UNISIM_IV_P13_Seq2Trend,UNISIM_IV,Seq2Trend,0.6088888888888889,0.29055555555555557,1.798888888888889
UNISIM_IV_P13_Seq2Trend_trial_144,P13,b467f939ae8c83502ba3fc407bd70031,144,5.793976781070449,1.0277896334637373,Seq2Trend,Normal,False,0.99,300,300,100,20,16,0.005,0.6,0.1,median,True,"[0.25, 0.5, 0.75]",False,P50,,False,42,1,exponential,3,,default_group,UNISIM_IV_P13_Seq2Trend,UNISIM_IV,Seq2Trend,0.7122222222222222,0.30833333333333335,2.0411111111111113
UNISIM_IV_P13_Seq2Trend_trial_79,P13,eea9307804b3d470fb849f1229b919cd,79,5.596782058294171,0.9781600657150844,Seq2Trend,Normal,False,0.99,300,300,50,20,8,0.001,0.6,0.1,median,True,"[0.25, 0.5, 0.75]",False,P50,,False,42,1,combined_exp_arps,8,,default_group,UNISIM_IV_P13_Seq2Trend,UNISIM_IV,Seq2Trend,0.675,0.29,1.9300000000000002
UNISIM_IV_P13_Seq2Trend_trial_14,P13,e47e2d7daf4fb57d5293aad6b253f4e4,14,5.371889978393224,0.2298733270143546,Seq2Trend,Normal,False,0.01,300,300,20,20,8,0.05,0.6,0.1,median,True,"[0.25, 0.5, 0.75]",False,P50,,False,42,1,pressure_ensemble,8,,default_group,UNISIM_IV_P13_Seq2Trend,UNISIM_IV,Seq2Trend,0.145,0.26944444444444443,0.8288888888888888
UNISIM_IV_P13_Seq2Trend_trial_92,P13,f56074ce90d92b6aa401400451ee259a,92,5.474689331293817,0.6375826994759823,Seq2Trend,Normal,False,0.25,300,300,100,20,8,0.05,0.6,0.1,median,True,"[0.25, 0.5, 0.75]",False,P50,,False,42,1,static,6,,default_group,UNISIM_IV_P13_Seq2Trend,UNISIM_IV,Seq2Trend,0.4444444444444444,0.2816666666666667,1.4522222222222223
UNISIM_IV_P13_Seq2Trend_trial_49,P13,65bf242a57be72a972cb60e4c576af50,49,7.85445255058022,1.826367250495833,Seq2Trend,Normal,False,0.25,300,300,200,20,16,0.05,0.6,0.1,median,True,"[0.25, 0.5, 0.75]",False,P50,,False,42,1,arps,5,,default_group,UNISIM_IV_P13_Seq2Trend,UNISIM_IV,Seq2Trend,0.7797222222222222,0.7619444444444444,3.083333333333333
UNISIM_IV_P13_Seq2Trend_trial_8,P13,07f2cb8cd795ae3d0352de815009e6b9,8,5.169991524636156,0.6146225452698489,Seq2Trend,Normal,False,0.01,300,300,20,20,8,0.01,0.6,0.1,median,True,"[0.25, 0.5, 0.75]",False,P50,,False,42,1,static,7,,default_group,UNISIM_IV_P13_Seq2Trend,UNISIM_IV,Seq2Trend,0.43555555555555553,0.15333333333333332,1.1777777777777776
UNISIM_IV_P13_Seq2Trend_trial_88,P13,affacded305e00c31186d0458121e54e,88,5.223257120892868,0.636362475530456,Seq2Trend,Normal,False,0.99,300,300,200,20,16,0.005,0.6,0.1,median,True,"[0.25, 0.5, 0.75]",False,P50,,False,42,1,combined_exp_arps,8,,default_group,UNISIM_IV_P13_Seq2Trend,UNISIM_IV,Seq2Trend,0.44305555555555554,0.24638888888888888,1.3788888888888888
UNISIM_IV_P13_Seq2Trend_trial_131,P13,46a63ba01d7ad949d64213d7ec05f9d3,131,5.286784025523452,0.6659747101543074,Seq2Trend,Normal,False,0.25,300,300,100,20,8,0.001,0.6,0.1,median,True,"[0.25, 0.5, 0.75]",False,P50,,False,42,1,exponential,8,,default_group,UNISIM_IV_P13_Seq2Trend,UNISIM_IV,Seq2Trend,0.45222222222222225,0.2538888888888889,1.4122222222222223
UNISIM_IV_P13_Seq2Trend_trial_130,P13,fc07e7f00ac0c73fb7bfb528f41b2b50,130,6.520199552333042,1.343187136327121,Seq2Trend,Normal,False,0.99,300,300,100,20,8,0.01,0.6,0.1,median,True,"[0.25, 0.5, 0.75]",False,P50,,False,42,1,pressure_ensemble,8,,default_group,UNISIM_IV_P13_Seq2Trend,UNISIM_IV,Seq2Trend,0.7383333333333333,0.6016666666666667,2.6799999999999997
UNISIM_IV_P13_Seq2Trend_trial_50,P13,63f1a74e8c6d8e3f5b0be00062551d9a,50,6.524950171514384,0.926926895586204,Seq2Trend,Normal,False,0.25,300,300,200,20,8,0.05,0.6,0.1,median,True,"[0.25, 0.5, 0.75]",False,P50,,False,42,1,combined_exp_arps,6,,default_group,UNISIM_IV_P13_Seq2Trend,UNISIM_IV,Seq2Trend,0.6141666666666666,0.6030555555555556,2.4344444444444444
UNISIM_IV_P13_Seq2Trend_trial_75,P13,b169086dc205dfcf1e7e36f7285b0301,75,5.717457845131606,0.9999816974615532,Seq2Trend,Normal,False,0.99,300,300,50,20,8,0.005,0.6,0.1,median,True,"[0.25, 0.5, 0.75]",False,P50,,False,42,1,combined_exp_arps,7,,default_group,UNISIM_IV_P13_Seq2Trend,UNISIM_IV,Seq2Trend,0.6816666666666666,0.30277777777777776,1.968888888888889
UNISIM_IV_P13_Seq2Trend_trial_117,P13,8fe71ebd9eac533c271ae5712459fb83,117,5.331201399777022,0.5257978071863266,Seq2Trend,Normal,False,0.5,300,300,20,20,16,0.05,0.6,0.1,median,True,"[0.25, 0.5, 0.75]",False,P50,,False,42,1,static,6,,default_group,UNISIM_IV_P13_Seq2Trend,UNISIM_IV,Seq2Trend,0.4122222222222222,0.26,1.3444444444444446
UNISIM_IV_P13_Seq2Trend_trial_71,P13,ce51f011f92fcf3050928c8bb908c127,71,5.381731927743378,0.6305679519885061,Seq2Trend,Normal,False,0.99,300,300,20,20,16,0.005,0.6,0.1,median,True,"[0.25, 0.5, 0.75]",False,P50,,False,42,1,combined_exp_arps,6,,default_group,UNISIM_IV_P13_Seq2Trend,UNISIM_IV,Seq2Trend,0.43944444444444447,0.2722222222222222,1.4233333333333333
UNISIM_IV_P13_Seq2Trend_trial_35,P13,21c802b6123227d092ed7b426e611539,35,5.721990237720738,0.9026902791910972,Seq2Trend,Normal,False,0.5,300,300,200,20,8,0.01,0.6,0.1,median,True,"[0.25, 0.5, 0.75]",False,P50,,False,42,1,arps,3,,default_group,UNISIM_IV_P13_Seq2Trend,UNISIM_IV,Seq2Trend,0.6094444444444445,0.30333333333333334,1.8255555555555556
UNISIM_IV_P13_Seq2Trend_trial_38,P13,8240a2eea457d3a2f018f6a4d5e95b44,38,5.941954696300487,0.5321956508931294,Seq2Trend,Normal,False,0.01,300,300,200,20,8,0.05,0.6,0.1,median,True,"[0.25, 0.5, 0.75]",False,P50,,False,42,1,static,3,,default_group,UNISIM_IV_P13_Seq2Trend,UNISIM_IV,Seq2Trend,0.41333333333333333,0.4083333333333333,1.6433333333333333
UNISIM_IV_P13_Seq2Trend_trial_125,P13,d8ca9d1f0cced39a8823e53a22665b87,125,5.450575996523559,0.8585933238145579,Seq2Trend,Normal,False,0.5,300,300,50,20,16,0.01,0.6,0.1,median,True,"[0.25, 0.5, 0.75]",False,P50,,False,42,1,combined_exp_arps,7,,default_group,UNISIM_IV_P13_Seq2Trend,UNISIM_IV,Seq2Trend,0.5966666666666667,0.27944444444444444,1.7522222222222221
UNISIM_IV_P13_Seq2Trend_trial_56,P13,dce33a5a16d661bc50a7d69d594bcb40,56,5.223257120892868,0.636362475530456,Seq2Trend,Normal,False,0.99,300,300,200,20,16,0.005,0.6,0.1,median,True,"[0.25, 0.5, 0.75]",False,P50,,False,42,1,combined_exp_arps,3,,default_group,UNISIM_IV_P13_Seq2Trend,UNISIM_IV,Seq2Trend,0.44305555555555554,0.24638888888888888,1.3788888888888888
UNISIM_IV_P13_Seq2Trend_trial_48,P13,a200cab38c71060c101abc5559f69ea3,48,6.459643691348783,1.365909655216863,Seq2Trend,Normal,False,0.5,300,300,20,20,16,0.001,0.6,0.1,median,True,"[0.25, 0.5, 0.75]",False,P50,,False,42,1,pressure_ensemble,7,,default_group,UNISIM_IV_P13_Seq2Trend,UNISIM_IV,Seq2Trend,0.7394444444444445,0.595,2.6688888888888886
UNISIM_IV_P13_Seq2Trend_trial_47,P13,1fb99b2fba88cca091707695e39b97a1,47,5.372442026422665,0.7787510382893909,Seq2Trend,Normal,False,0.25,300,300,50,20,8,0.001,0.6,0.1,median,True,"[0.25, 0.5, 0.75]",False,P50,,False,42,1,exponential,8,,default_group,UNISIM_IV_P13_Seq2Trend,UNISIM_IV,Seq2Trend,0.575,0.27,1.69
UNISIM_IV_P13_Seq2Trend_trial_94,P13,1a1b65a000310606accc3214507caf88,94,5.51894464069321,0.8863971569953986,Seq2Trend,Normal,False,0.99,300,300,100,20,8,0.001,0.6,0.1,median,True,"[0.25, 0.5, 0.75]",False,P50,,False,42,1,pressure_ensemble,4,,default_group,UNISIM_IV_P13_Seq2Trend,UNISIM_IV,Seq2Trend,0.6077777777777778,0.2866666666666667,1.7888888888888888
UNISIM_IV_P13_Seq2Trend_trial_106,P13,ba65dfe9a991816d59876b89bf2157c6,106,5.356786462590392,0.7766109548150003,Seq2Trend,Normal,False,0.25,300,300,100,20,16,0.001,0.6,0.1,median,True,"[0.25, 0.5, 0.75]",False,P50,,False,42,1,pressure_ensemble,8,,default_group,UNISIM_IV_P13_Seq2Trend,UNISIM_IV,Seq2Trend,0.5727777777777778,0.26611111111111113,1.677777777777778
UNISIM_IV_P13_Seq2Trend_trial_132,P13,801ceee1b0bae84894ae63d9dbb6dbe5,132,5.195447142668519,0.3160630243307004,Seq2Trend,Normal,False,0.99,300,300,50,20,16,0.05,0.6,0.1,median,True,"[0.25, 0.5, 0.75]",False,P50,,False,42,1,combined_exp_arps,2,,default_group,UNISIM_IV_P13_Seq2Trend,UNISIM_IV,Seq2Trend,0.19916666666666666,0.21305555555555555,0.8244444444444444
UNISIM_IV_P13_Seq2Trend_trial_12,P13,96eaf9abee119595b0c1b5572eaf5cdb,12,5.237773186023366,0.2807119975502428,Seq2Trend,Normal,False,0.99,300,300,50,20,16,0.05,0.6,0.1,median,True,"[0.25, 0.5, 0.75]",False,P50,,False,42,1,pressure_ensemble,3,,default_group,UNISIM_IV_P13_Seq2Trend,UNISIM_IV,Seq2Trend,0.18944444444444444,0.24888888888888888,0.8766666666666667
UNISIM_IV_P13_Seq2Trend_trial_78,P13,8f81414674ae1a5bcc34ec7bc7316d71,78,5.135368539745303,0.3804344976449096,Seq2Trend,Normal,False,0.01,300,300,20,20,16,0.005,0.6,0.1,median,True,"[0.25, 0.5, 0.75]",False,P50,,False,42,1,static,4,,default_group,UNISIM_IV_P13_Seq2Trend,UNISIM_IV,Seq2Trend,0.30277777777777776,0.14944444444444444,0.9044444444444444
UNISIM_IV_P13_Seq2Trend_trial_142,P13,acbc2db5c032007cd3a160eeed0d5826,142,6.123761532527058,0.1799187386481951,Seq2Trend,Normal,False,0.5,300,300,200,20,16,0.05,0.6,0.1,median,True,"[0.25, 0.5, 0.75]",False,P50,,False,42,1,arps,8,,default_group,UNISIM_IV_P13_Seq2Trend,UNISIM_IV,Seq2Trend,0.13444444444444445,0.5238888888888888,1.3166666666666667
UNISIM_IV_P13_Seq2Trend_trial_57,P13,1d8e51d4e5c52c797da669722fbe7593,57,5.26988710469413,0.7397863991782757,Seq2Trend,Normal,False,0.01,300,300,200,20,16,0.005,0.6,0.1,median,True,"[0.25, 0.5, 0.75]",False,P50,,False,42,1,pressure_ensemble,3,,default_group,UNISIM_IV_P13_Seq2Trend,UNISIM_IV,Seq2Trend,0.5611111111111111,0.25055555555555553,1.6233333333333333
UNISIM_IV_P13_Seq2Trend_trial_136,P13,3a7bb55f0f318c6a4f7c5c2603faad81,136,5.074751277889285,0.5698824070308495,Seq2Trend,Normal,False,0.01,300,300,200,20,8,0.001,0.6,0.1,median,True,"[0.25, 0.5, 0.75]",False,P50,,False,42,1,arps,5,,default_group,UNISIM_IV_P13_Seq2Trend,UNISIM_IV,Seq2Trend,0.4261111111111111,0.14333333333333334,1.1388888888888888
UNISIM_IV_P13_Seq2Trend_trial_119,P13,7f2a26285cca88dd46c3cf9f7f751bd3,119,5.213384901599554,0.6871934140086021,Seq2Trend,Normal,False,0.01,300,300,100,20,8,0.005,0.6,0.1,median,True,"[0.25, 0.5, 0.75]",False,P50,,False,42,1,pressure_ensemble,3,,default_group,UNISIM_IV_P13_Seq2Trend,UNISIM_IV,Seq2Trend,0.5416666666666666,0.24444444444444444,1.5722222222222222
UNISIM_IV_P13_Seq2Trend_trial_33,P13,b815eab53d5f23d8b7fc2270069d2724,33,5.97890789995682,0.5479429172127798,Seq2Trend,Normal,False,0.01,300,300,100,20,8,0.05,0.6,0.1,median,True,"[0.25, 0.5, 0.75]",False,P50,,False,42,1,static,2,,default_group,UNISIM_IV_P13_Seq2Trend,UNISIM_IV,Seq2Trend,0.42055555555555557,0.4111111111111111,1.6633333333333333
UNISIM_IV_P13_Seq2Trend_trial_80,P13,361060581ae5c31b6f39f19b0bf7ef88,80,5.446670212688956,0.8052543022278831,Seq2Trend,Normal,False,0.25,300,300,100,20,16,0.005,0.6,0.1,median,True,"[0.25, 0.5, 0.75]",False,P50,,False,42,1,arps,7,,default_group,UNISIM_IV_P13_Seq2Trend,UNISIM_IV,Seq2Trend,0.5811111111111111,0.2788888888888889,1.7200000000000002
UNISIM_IV_P13_Seq2Trend_trial_69,P13,cf0ec1514c9dbd49f93a62ef4da6f77c,69,5.373013673539957,0.7649310129278978,Seq2Trend,Normal,False,0.5,300,300,200,20,8,0.005,0.6,0.1,median,True,"[0.25, 0.5, 0.75]",False,P50,,False,42,1,static,4,,default_group,UNISIM_IV_P13_Seq2Trend,UNISIM_IV,Seq2Trend,0.57,0.27055555555555555,1.681111111111111
UNISIM_IV_P13_Seq2Trend_trial_9,P13,af3d04d22de997fd02dd940e0528402d,9,5.663881577216539,1.0076466148801346,Seq2Trend,Normal,False,0.99,300,300,200,20,16,0.001,0.6,0.1,median,True,"[0.25, 0.5, 0.75]",False,P50,,False,42,1,arps,7,,default_group,UNISIM_IV_P13_Seq2Trend,UNISIM_IV,Seq2Trend,0.7091666666666666,0.2975,2.013333333333333
UNISIM_IV_P13_Seq2Trend_trial_39,P13,cb0af171c6e4d49661a72d0eb4b4ea44,39,6.128454200858919,1.1494217618359128,Seq2Trend,Normal,False,0.25,300,300,50,20,16,0.05,0.6,0.1,median,True,"[0.25, 0.5, 0.75]",False,P50,,False,42,1,static,5,,default_group,UNISIM_IV_P13_Seq2Trend,UNISIM_IV,Seq2Trend,0.7241666666666666,0.5258333333333334,2.5
UNISIM_IV_P13_Seq2Trend_trial_98,P13,56192cc93477428858bb87d55ad02076,98,6.52940752549723,1.06613692227547,Seq2Trend,Normal,False,0.25,300,300,200,20,16,0.05,0.6,0.1,median,True,"[0.25, 0.5, 0.75]",False,P50,,False,42,1,combined_exp_arps,2,,default_group,UNISIM_IV_P13_Seq2Trend,UNISIM_IV,Seq2Trend,0.7172222222222222,0.605,2.6444444444444444
UNISIM_IV_P13_Seq2Trend_trial_112,P13,118b3d6dd60d46fd7dadfbf3e101c9a5,112,5.331398681566879,0.6543716805473937,Seq2Trend,Normal,False,0.25,300,300,100,20,8,0.05,0.6,0.1,median,True,"[0.25, 0.5, 0.75]",False,P50,,False,42,1,combined_exp_arps,8,,default_group,UNISIM_IV_P13_Seq2Trend,UNISIM_IV,Seq2Trend,0.4475,0.2608333333333333,1.4166666666666665
UNISIM_IV_P13_Seq2Trend_trial_108,P13,d1ebf1444a0caff4d21a94e91d414eef,108,8.60127735002058,1.6737757182033484,Seq2Trend,Normal,False,0.5,300,300,20,20,8,0.05,0.6,0.1,median,True,"[0.25, 0.5, 0.75]",False,P50,,False,42,1,exponential,3,,default_group,UNISIM_IV_P13_Seq2Trend,UNISIM_IV,Seq2Trend,0.7677777777777778,0.7772222222222223,3.09
UNISIM_IV_P13_Seq2Trend_trial_46,P13,5dea3a802f8c1eb302d5e4a995250cdf,46,5.309601092964413,0.842782109646272,Seq2Trend,Normal,False,0.01,300,300,200,20,16,0.005,0.6,0.1,median,True,"[0.25, 0.5, 0.75]",False,P50,,False,42,1,static,8,,default_group,UNISIM_IV_P13_Seq2Trend,UNISIM_IV,Seq2Trend,0.5938888888888889,0.2561111111111111,1.7000000000000002
UNISIM_IV_P13_Seq2Trend_trial_3,P13,6226bc88b4a22503112c01e48b876b20,3,5.8539795160920685,1.022853845717884,Seq2Trend,Normal,False,0.5,300,300,200,20,16,0.005,0.6,0.1,median,True,"[0.25, 0.5, 0.75]",False,P50,,False,42,1,combined_exp_arps,5,,default_group,UNISIM_IV_P13_Seq2Trend,UNISIM_IV,Seq2Trend,0.7116666666666667,0.31333333333333335,2.05
UNISIM_IV_P13_Seq2Trend_trial_0,P13,69c4ac79dc6ff15bd9ff2185019219cf,0,5.627418563647705,0.7483042425610297,Seq2Trend,Normal,False,0.99,300,300,200,20,8,0.05,0.6,0.1,median,True,"[0.25, 0.5, 0.75]",False,P50,,False,42,1,exponential,6,,default_group,UNISIM_IV_P13_Seq2Trend,UNISIM_IV,Seq2Trend,0.5625,0.29194444444444445,1.708888888888889
UNISIM_IV_P13_Seq2Trend_trial_1,P13,80eea789cda5af9607f5255af788738c,1,5.967227154542845,0.4724271186515907,Seq2Trend,Normal,False,0.99,300,300,100,20,16,0.05,0.6,0.1,median,True,"[0.25, 0.5, 0.75]",False,P50,,False,42,1,pressure_ensemble,5,,default_group,UNISIM_IV_P13_Seq2Trend,UNISIM_IV,Seq2Trend,0.3761111111111111,0.41055555555555556,1.5733333333333333
UNISIM_IV_P13_Seq2Trend_trial_27,P13,03f57f7934426859f1d3356f13da4d0b,27,5.4630056357994325,0.8346311817900111,Seq2Trend,Normal,False,0.25,300,300,200,20,16,0.001,0.6,0.1,median,True,"[0.25, 0.5, 0.75]",False,P50,,False,42,1,combined_exp_arps,2,,default_group,UNISIM_IV_P13_Seq2Trend,UNISIM_IV,Seq2Trend,0.5897222222222223,0.2802777777777778,1.7400000000000002
UNISIM_IV_P13_Seq2Trend_trial_123,P13,b31787c9ad4b7461de7f3184f5bfccb7,123,5.492140367378848,0.1321239539356425,Seq2Trend,Normal,False,0.01,300,300,20,20,16,0.001,0.6,0.1,median,True,"[0.25, 0.5, 0.75]",False,P50,,False,42,1,static,8,,default_group,UNISIM_IV_P13_Seq2Trend,UNISIM_IV,Seq2Trend,0.07083333333333333,0.2852777777777778,0.7122222222222223
UNISIM_IV_P13_Seq2Trend_trial_76,P13,ab95336291be4cdc5eb96271abb1dc03,76,5.864488101549608,1.1063950054550291,Seq2Trend,Normal,False,0.99,300,300,20,20,8,0.001,0.6,0.1,median,True,"[0.25, 0.5, 0.75]",False,P50,,False,42,1,exponential,3,,default_group,UNISIM_IV_P13_Seq2Trend,UNISIM_IV,Seq2Trend,0.7216666666666667,0.37,2.1833333333333336
UNISIM_IV_P13_Seq2Trend_trial_23,P13,29670380e9edc53ba39c3d9741014d0b,23,5.191115938409453,0.541420786401845,Seq2Trend,Normal,False,0.01,300,300,20,20,16,0.05,0.6,0.1,median,True,"[0.25, 0.5, 0.75]",False,P50,,False,42,1,pressure_ensemble,2,,default_group,UNISIM_IV_P13_Seq2Trend,UNISIM_IV,Seq2Trend,0.41833333333333333,0.21222222222222223,1.261111111111111
UNISIM_IV_P13_Seq2Trend_trial_133,P13,51fd9880db9086a33f48d302aae82f6d,133,13.321416968355832,3.3988892076787978,Seq2Trend,Normal,False,0.5,300,300,200,20,8,0.05,0.6,0.1,median,True,"[0.25, 0.5, 0.75]",False,P50,,False,42,1,exponential,7,,default_group,UNISIM_IV_P13_Seq2Trend,UNISIM_IV,Seq2Trend,0.86,0.8388888888888889,3.397777777777778
UNISIM_IV_P13_Seq2Trend_trial_143,P13,fc3a20e71c1c824d77dda79d1388b501,143,6.435929004084116,1.3042945513383188,Seq2Trend,Normal,False,0.99,300,300,50,20,16,0.05,0.6,0.1,median,True,"[0.25, 0.5, 0.75]",False,P50,,False,42,1,static,4,,default_group,UNISIM_IV_P13_Seq2Trend,UNISIM_IV,Seq2Trend,0.7347222222222223,0.5908333333333333,2.651111111111111
UNISIM_IV_P13_Seq2Trend_trial_40,P13,2857e500d0f7a66c8ca8aca6a7957862,40,5.423665360861576,0.716489556079379,Seq2Trend,Normal,False,0.25,300,300,50,20,8,0.01,0.6,0.1,median,True,"[0.25, 0.5, 0.75]",False,P50,,False,42,1,pressure_ensemble,2,,default_group,UNISIM_IV_P13_Seq2Trend,UNISIM_IV,Seq2Trend,0.5533333333333333,0.27555555555555555,1.6577777777777778
UNISIM_IV_P13_Seq2Trend_trial_110,P13,09be99beccd88126b6277dfe0bc44abd,110,5.331398681566879,0.6543716805473937,Seq2Trend,Normal,False,0.25,300,300,100,20,8,0.05,0.6,0.1,median,True,"[0.25, 0.5, 0.75]",False,P50,,False,42,1,combined_exp_arps,3,,default_group,UNISIM_IV_P13_Seq2Trend,UNISIM_IV,Seq2Trend,0.4475,0.2608333333333333,1.4166666666666665
UNISIM_IV_P13_Seq2Trend_trial_104,P13,29dcb60f3210cf80708b2ea03dc46822,104,6.303298520694262,1.2937592600000136,Seq2Trend,Normal,False,0.99,300,300,100,20,8,0.01,0.6,0.1,median,True,"[0.25, 0.5, 0.75]",False,P50,,False,42,1,arps,3,,default_group,UNISIM_IV_P13_Seq2Trend,UNISIM_IV,Seq2Trend,0.7336111111111111,0.5669444444444445,2.601111111111111
UNISIM_IV_P13_Seq2Trend_trial_53,P13,fb1e80572244b6a699b71307d8c0fad6,53,5.361697630383375,0.7631233491696352,Seq2Trend,Normal,False,0.25,300,300,50,20,8,0.001,0.6,0.1,median,True,"[0.25, 0.5, 0.75]",False,P50,,False,42,1,arps,6,,default_group,UNISIM_IV_P13_Seq2Trend,UNISIM_IV,Seq2Trend,0.5683333333333334,0.26722222222222225,1.6711111111111112
UNISIM_IV_P13_Seq2Trend_trial_21,P13,bcf50dabae865dcfa09ae6f4b304f257,21,5.4630056357994325,0.8346311817900111,Seq2Trend,Normal,False,0.25,300,300,200,20,16,0.001,0.6,0.1,median,True,"[0.25, 0.5, 0.75]",False,P50,,False,42,1,combined_exp_arps,3,,default_group,UNISIM_IV_P13_Seq2Trend,UNISIM_IV,Seq2Trend,0.5897222222222223,0.2802777777777778,1.7400000000000002
UNISIM_IV_P13_Seq2Trend_trial_4,P13,5203b50597b7e6aa44f118864a375f3b,4,5.384865685457125,0.8508827433650307,Seq2Trend,Normal,False,0.25,300,300,200,20,16,0.005,0.6,0.1,median,True,"[0.25, 0.5, 0.75]",False,P50,,False,42,1,static,4,,default_group,UNISIM_IV_P13_Seq2Trend,UNISIM_IV,Seq2Trend,0.595,0.2727777777777778,1.7355555555555555
UNISIM_IV_P13_Seq2Trend_trial_90,P13,cd05eb2be5ffaa1afde650e87ffdf234,90,5.4447842624390255,0.1961822564146007,Seq2Trend,Normal,False,0.01,300,300,100,20,8,0.05,0.6,0.1,median,True,"[0.25, 0.5, 0.75]",False,P50,,False,42,1,arps,3,,default_group,UNISIM_IV_P13_Seq2Trend,UNISIM_IV,Seq2Trend,0.13722222222222222,0.2783333333333333,0.8311111111111111
UNISIM_IV_P13_Seq2Trend_trial_118,P13,cefddc1d34f2f472200ab83e4663bb1a,118,5.329805572262639,0.8659421000235562,Seq2Trend,Normal,False,0.01,300,300,100,20,8,0.005,0.6,0.1,median,True,"[0.25, 0.5, 0.75]",False,P50,,False,42,1,static,5,,default_group,UNISIM_IV_P13_Seq2Trend,UNISIM_IV,Seq2Trend,0.5977777777777777,0.25833333333333336,1.712222222222222
UNISIM_IV_P13_Seq2Trend_trial_127,P13,70f78c1033ca1c218b5bdbcf86c3dc2b,127,5.627418563647705,0.7483042425610297,Seq2Trend,Normal,False,0.99,300,300,200,20,8,0.05,0.6,0.1,median,True,"[0.25, 0.5, 0.75]",False,P50,,False,42,1,exponential,2,,default_group,UNISIM_IV_P13_Seq2Trend,UNISIM_IV,Seq2Trend,0.5625,0.29194444444444445,1.708888888888889
UNISIM_IV_P13_Seq2Trend_trial_181,P13,8c310f5b24e2cd77a2f85a06ce195efd,181,5.191100265077009,0.148293596757141,Seq2Trend,Normal,False,0.01,300,300,50,20,16,0.005,0.6,0.1,median,True,"[0.25, 0.5, 0.75]",False,P50,,False,42,1,arps,2,,default_group,UNISIM_IV_P13_Seq2Trend,UNISIM_IV,Seq2Trend,0.10222222222222223,0.18444444444444444,0.5733333333333334
UNISIM_IV_P13_Seq2Trend_trial_183,P13,12c840e8c8033e0c4d4e0f40a9c799cf,183,5.191100265077009,0.148293596757141,Seq2Trend,Normal,False,0.01,300,300,50,20,16,0.005,0.6,0.1,median,True,"[0.25, 0.5, 0.75]",False,P50,,False,42,1,arps,2,,default_group,UNISIM_IV_P13_Seq2Trend,UNISIM_IV,Seq2Trend,0.10222222222222223,0.18444444444444444,0.5733333333333334
UNISIM_IV_P13_Seq2Trend_trial_220,P13,3a96f1e4ada28a3ecbeb8204e5a616ed,220,5.191100265077009,0.148293596757141,Seq2Trend,Normal,False,0.01,300,300,50,20,16,0.005,0.6,0.1,median,True,"[0.25, 0.5, 0.75]",False,P50,,False,42,1,arps,2,,default_group,UNISIM_IV_P13_Seq2Trend,UNISIM_IV,Seq2Trend,0.10222222222222223,0.18444444444444444,0.5733333333333334
UNISIM_IV_P13_Seq2Trend_trial_184,P13,8a1dda1349d42ef91f48d63d69310ca9,184,5.191100265077009,0.148293596757141,Seq2Trend,Normal,False,0.01,300,300,50,20,16,0.005,0.6,0.1,median,True,"[0.25, 0.5, 0.75]",False,P50,,False,42,1,arps,2,,default_group,UNISIM_IV_P13_Seq2Trend,UNISIM_IV,Seq2Trend,0.10222222222222223,0.18444444444444444,0.5733333333333334
UNISIM_IV_P13_Seq2Trend_trial_210,P13,33df702e818a8efe89f2a4d79535907b,210,5.191100265077009,0.148293596757141,Seq2Trend,Normal,False,0.01,300,300,50,20,16,0.005,0.6,0.1,median,True,"[0.25, 0.5, 0.75]",False,P50,,False,42,1,arps,2,,default_group,UNISIM_IV_P13_Seq2Trend,UNISIM_IV,Seq2Trend,0.10222222222222223,0.18444444444444444,0.5733333333333334
UNISIM_IV_P13_Seq2Trend_trial_223,P13,cd0fe01938ced89f661b9c2f06dac759,223,5.191100265077009,0.148293596757141,Seq2Trend,Normal,False,0.01,300,300,50,20,16,0.005,0.6,0.1,median,True,"[0.25, 0.5, 0.75]",False,P50,,False,42,1,arps,2,,default_group,UNISIM_IV_P13_Seq2Trend,UNISIM_IV,Seq2Trend,0.10222222222222223,0.18444444444444444,0.5733333333333334
UNISIM_IV_P13_Seq2Trend_trial_192,P13,29cf7c80f35a4035a0bacb5232570f47,192,5.191100265077009,0.148293596757141,Seq2Trend,Normal,False,0.01,300,300,50,20,16,0.005,0.6,0.1,median,True,"[0.25, 0.5, 0.75]",False,P50,,False,42,1,arps,2,,default_group,UNISIM_IV_P13_Seq2Trend,UNISIM_IV,Seq2Trend,0.10222222222222223,0.18444444444444444,0.5733333333333334
UNISIM_IV_P13_Seq2Trend_trial_236,P13,0d5b2e268c1def2ffe6e6b2903732827,236,5.191100265077009,0.148293596757141,Seq2Trend,Normal,False,0.01,300,300,50,20,16,0.005,0.6,0.1,median,True,"[0.25, 0.5, 0.75]",False,P50,,False,42,1,arps,2,,default_group,UNISIM_IV_P13_Seq2Trend,UNISIM_IV,Seq2Trend,0.10222222222222223,0.18444444444444444,0.5733333333333334
UNISIM_IV_P13_Seq2Trend_trial_187,P13,d518c51a4281ec0eb6e0ab1ff7ac150d,187,5.191100265077009,0.148293596757141,Seq2Trend,Normal,False,0.01,300,300,50,20,16,0.005,0.6,0.1,median,True,"[0.25, 0.5, 0.75]",False,P50,,False,42,1,arps,2,,default_group,UNISIM_IV_P13_Seq2Trend,UNISIM_IV,Seq2Trend,0.10222222222222223,0.18444444444444444,0.5733333333333334
UNISIM_IV_P13_Seq2Trend_trial_237,P13,bf49973fb181b8dedb0869497c82897d,237,5.191100265077009,0.148293596757141,Seq2Trend,Normal,False,0.01,300,300,50,20,16,0.005,0.6,0.1,median,True,"[0.25, 0.5, 0.75]",False,P50,,False,42,1,arps,2,,default_group,UNISIM_IV_P13_Seq2Trend,UNISIM_IV,Seq2Trend,0.10222222222222223,0.18444444444444444,0.5733333333333334
UNISIM_IV_P13_Seq2Trend_trial_213,P13,f21d043c5b757cc22aaa1b91fed4ab76,213,5.191100265077009,0.148293596757141,Seq2Trend,Normal,False,0.01,300,300,50,20,16,0.005,0.6,0.1,median,True,"[0.25, 0.5, 0.75]",False,P50,,False,42,1,arps,2,,default_group,UNISIM_IV_P13_Seq2Trend,UNISIM_IV,Seq2Trend,0.10222222222222223,0.18444444444444444,0.5733333333333334
UNISIM_IV_P13_Seq2Trend_trial_168,P13,aa44daaf161ee37dfb11b0db04c2e991,168,5.191100265077009,0.148293596757141,Seq2Trend,Normal,False,0.01,300,300,50,20,16,0.005,0.6,0.1,median,True,"[0.25, 0.5, 0.75]",False,P50,,False,42,1,arps,2,,default_group,UNISIM_IV_P13_Seq2Trend,UNISIM_IV,Seq2Trend,0.10222222222222223,0.18444444444444444,0.5733333333333334
UNISIM_IV_P13_Seq2Trend_trial_173,P13,a30dd9d02feb72fa48843c72344e6651,173,5.191100265077009,0.148293596757141,Seq2Trend,Normal,False,0.01,300,300,50,20,16,0.005,0.6,0.1,median,True,"[0.25, 0.5, 0.75]",False,P50,,False,42,1,arps,2,,default_group,UNISIM_IV_P13_Seq2Trend,UNISIM_IV,Seq2Trend,0.10222222222222223,0.18444444444444444,0.5733333333333334
UNISIM_IV_P13_Seq2Trend_trial_231,P13,303b603740b16a32b96bb2c770601b17,231,5.191100265077009,0.148293596757141,Seq2Trend,Normal,False,0.01,300,300,50,20,16,0.005,0.6,0.1,median,True,"[0.25, 0.5, 0.75]",False,P50,,False,42,1,arps,2,,default_group,UNISIM_IV_P13_Seq2Trend,UNISIM_IV,Seq2Trend,0.10222222222222223,0.18444444444444444,0.5733333333333334
UNISIM_IV_P13_Seq2Trend_trial_170,P13,66afb93ccadd954bce7a0158218082f7,170,5.191100265077009,0.148293596757141,Seq2Trend,Normal,False,0.01,300,300,50,20,16,0.005,0.6,0.1,median,True,"[0.25, 0.5, 0.75]",False,P50,,False,42,1,arps,2,,default_group,UNISIM_IV_P13_Seq2Trend,UNISIM_IV,Seq2Trend,0.10222222222222223,0.18444444444444444,0.5733333333333334
UNISIM_IV_P13_Seq2Trend_trial_159,P13,554fb6f463244eaaa8d64f3e0868892b,159,5.191100265077009,0.148293596757141,Seq2Trend,Normal,False,0.01,300,300,50,20,16,0.005,0.6,0.1,median,True,"[0.25, 0.5, 0.75]",False,P50,,False,42,1,arps,2,,default_group,UNISIM_IV_P13_Seq2Trend,UNISIM_IV,Seq2Trend,0.10222222222222223,0.18444444444444444,0.5733333333333334
UNISIM_IV_P13_Seq2Trend_trial_162,P13,4e668f185675874668c08df9e4623f44,162,5.191100265077009,0.148293596757141,Seq2Trend,Normal,False,0.01,300,300,50,20,16,0.005,0.6,0.1,median,True,"[0.25, 0.5, 0.75]",False,P50,,False,42,1,arps,2,,default_group,UNISIM_IV_P13_Seq2Trend,UNISIM_IV,Seq2Trend,0.10222222222222223,0.18444444444444444,0.5733333333333334
UNISIM_IV_P13_Seq2Trend_trial_204,P13,f72b61a6aef2b98b591a8e3b9e0ffc42,204,5.191100265077009,0.148293596757141,Seq2Trend,Normal,False,0.01,300,300,50,20,16,0.005,0.6,0.1,median,True,"[0.25, 0.5, 0.75]",False,P50,,False,42,1,arps,2,,default_group,UNISIM_IV_P13_Seq2Trend,UNISIM_IV,Seq2Trend,0.10222222222222223,0.18444444444444444,0.5733333333333334
UNISIM_IV_P13_Seq2Trend_trial_249,P13,5da71a38d08cdc319ba4b1d5b25c06b4,249,5.196200301286312,0.1359108714104389,Seq2Trend,Normal,False,0.01,300,300,50,20,16,0.005,0.6,0.1,median,True,"[0.25, 0.5, 0.75]",False,P50,,False,42,1,combined_exp_arps,2,,default_group,UNISIM_IV_P13_Seq2Trend,UNISIM_IV,Seq2Trend,0.07333333333333333,0.21388888888888888,0.5744444444444444
UNISIM_IV_P13_Seq2Trend_trial_171,P13,d08da115df9d316683516ce831eea308,171,5.191100265077009,0.148293596757141,Seq2Trend,Normal,False,0.01,300,300,50,20,16,0.005,0.6,0.1,median,True,"[0.25, 0.5, 0.75]",False,P50,,False,42,1,arps,2,,default_group,UNISIM_IV_P13_Seq2Trend,UNISIM_IV,Seq2Trend,0.10222222222222223,0.18444444444444444,0.5733333333333334
UNISIM_IV_P13_Seq2Trend_trial_207,P13,2a28ed83b074b9e2e28ea7d903644a40,207,5.191100265077009,0.148293596757141,Seq2Trend,Normal,False,0.01,300,300,50,20,16,0.005,0.6,0.1,median,True,"[0.25, 0.5, 0.75]",False,P50,,False,42,1,arps,2,,default_group,UNISIM_IV_P13_Seq2Trend,UNISIM_IV,Seq2Trend,0.10222222222222223,0.18444444444444444,0.5733333333333334
UNISIM_IV_P13_Seq2Trend_trial_188,P13,e04952b3ea2daf42a340ebd335c7359a,188,5.191100265077009,0.148293596757141,Seq2Trend,Normal,False,0.01,300,300,50,20,16,0.005,0.6,0.1,median,True,"[0.25, 0.5, 0.75]",False,P50,,False,42,1,arps,2,,default_group,UNISIM_IV_P13_Seq2Trend,UNISIM_IV,Seq2Trend,0.10222222222222223,0.18444444444444444,0.5733333333333334
UNISIM_IV_P13_Seq2Trend_trial_228,P13,e0cf8a4576177f445eb54b007fde0bf8,228,5.191100265077009,0.148293596757141,Seq2Trend,Normal,False,0.01,300,300,50,20,16,0.005,0.6,0.1,median,True,"[0.25, 0.5, 0.75]",False,P50,,False,42,1,arps,2,,default_group,UNISIM_IV_P13_Seq2Trend,UNISIM_IV,Seq2Trend,0.10222222222222223,0.18444444444444444,0.5733333333333334
UNISIM_IV_P13_Seq2Trend_trial_234,P13,3a7051158bfd43f643027ebb8d9e68c0,234,5.191100265077009,0.148293596757141,Seq2Trend,Normal,False,0.01,300,300,50,20,16,0.005,0.6,0.1,median,True,"[0.25, 0.5, 0.75]",False,P50,,False,42,1,arps,2,,default_group,UNISIM_IV_P13_Seq2Trend,UNISIM_IV,Seq2Trend,0.10222222222222223,0.18444444444444444,0.5733333333333334
UNISIM_IV_P13_Seq2Trend_trial_157,P13,13124ac6e4be4dfcc8d18dbc2f449948,157,5.191100265077009,0.148293596757141,Seq2Trend,Normal,False,0.01,300,300,50,20,16,0.005,0.6,0.1,median,True,"[0.25, 0.5, 0.75]",False,P50,,False,42,1,arps,2,,default_group,UNISIM_IV_P13_Seq2Trend,UNISIM_IV,Seq2Trend,0.10222222222222223,0.18444444444444444,0.5733333333333334
UNISIM_IV_P13_Seq2Trend_trial_246,P13,ec150b439d8a483dc2b265ebc18c1fd0,246,5.191100265077009,0.148293596757141,Seq2Trend,Normal,False,0.01,300,300,50,20,16,0.005,0.6,0.1,median,True,"[0.25, 0.5, 0.75]",False,P50,,False,42,1,arps,2,,default_group,UNISIM_IV_P13_Seq2Trend,UNISIM_IV,Seq2Trend,0.10222222222222223,0.18444444444444444,0.5733333333333334
UNISIM_IV_P13_Seq2Trend_trial_155,P13,5a8a4aa90176492fa860b68e8d2c5fa7,155,5.191100265077009,0.148293596757141,Seq2Trend,Normal,False,0.01,300,300,50,20,16,0.005,0.6,0.1,median,True,"[0.25, 0.5, 0.75]",False,P50,,False,42,1,arps,2,,default_group,UNISIM_IV_P13_Seq2Trend,UNISIM_IV,Seq2Trend,0.10222222222222223,0.18444444444444444,0.5733333333333334
UNISIM_IV_P13_Seq2Trend_trial_178,P13,8643af086a8f5e8932eacae78ecdf2ee,178,5.191100265077009,0.148293596757141,Seq2Trend,Normal,False,0.01,300,300,50,20,16,0.005,0.6,0.1,median,True,"[0.25, 0.5, 0.75]",False,P50,,False,42,1,arps,2,,default_group,UNISIM_IV_P13_Seq2Trend,UNISIM_IV,Seq2Trend,0.10222222222222223,0.18444444444444444,0.5733333333333334
UNISIM_IV_P13_Seq2Trend_trial_150,P13,e248b4ef594f7094554bdcbda0362f1d,150,5.191100265077009,0.148293596757141,Seq2Trend,Normal,False,0.01,300,300,50,20,16,0.005,0.6,0.1,median,True,"[0.25, 0.5, 0.75]",False,P50,,False,42,1,arps,2,,default_group,UNISIM_IV_P13_Seq2Trend,UNISIM_IV,Seq2Trend,0.10222222222222223,0.18444444444444444,0.5733333333333334
UNISIM_IV_P13_Seq2Trend_trial_218,P13,da2dbadedb5bfb4c2843fcfe25cea1da,218,5.191100265077009,0.148293596757141,Seq2Trend,Normal,False,0.01,300,300,50,20,16,0.005,0.6,0.1,median,True,"[0.25, 0.5, 0.75]",False,P50,,False,42,1,arps,2,,default_group,UNISIM_IV_P13_Seq2Trend,UNISIM_IV,Seq2Trend,0.10222222222222223,0.18444444444444444,0.5733333333333334
UNISIM_IV_P13_Seq2Trend_trial_172,P13,97f65b8b2f76b8691cc019a885d2218c,172,5.191100265077009,0.148293596757141,Seq2Trend,Normal,False,0.01,300,300,50,20,16,0.005,0.6,0.1,median,True,"[0.25, 0.5, 0.75]",False,P50,,False,42,1,arps,2,,default_group,UNISIM_IV_P13_Seq2Trend,UNISIM_IV,Seq2Trend,0.10222222222222223,0.18444444444444444,0.5733333333333334
UNISIM_IV_P13_Seq2Trend_trial_229,P13,e1ff57b65ea05aeed29dd25286c76dab,229,5.191100265077009,0.148293596757141,Seq2Trend,Normal,False,0.01,300,300,50,20,16,0.005,0.6,0.1,median,True,"[0.25, 0.5, 0.75]",False,P50,,False,42,1,arps,2,,default_group,UNISIM_IV_P13_Seq2Trend,UNISIM_IV,Seq2Trend,0.10222222222222223,0.18444444444444444,0.5733333333333334
UNISIM_IV_P13_Seq2Trend_trial_232,P13,172565df26521f637e1e4e5c5051a53b,232,5.191100265077009,0.148293596757141,Seq2Trend,Normal,False,0.01,300,300,50,20,16,0.005,0.6,0.1,median,True,"[0.25, 0.5, 0.75]",False,P50,,False,42,1,arps,2,,default_group,UNISIM_IV_P13_Seq2Trend,UNISIM_IV,Seq2Trend,0.10222222222222223,0.18444444444444444,0.5733333333333334
UNISIM_IV_P13_Seq2Trend_trial_199,P13,76b6403578ffc64c2a1551eb69ae2894,199,5.191100265077009,0.148293596757141,Seq2Trend,Normal,False,0.01,300,300,50,20,16,0.005,0.6,0.1,median,True,"[0.25, 0.5, 0.75]",False,P50,,False,42,1,arps,2,,default_group,UNISIM_IV_P13_Seq2Trend,UNISIM_IV,Seq2Trend,0.10222222222222223,0.18444444444444444,0.5733333333333334
UNISIM_IV_P13_Seq2Trend_trial_202,P13,cac42493308f1d5f9e8ea7d418a2ca67,202,5.191100265077009,0.148293596757141,Seq2Trend,Normal,False,0.01,300,300,50,20,16,0.005,0.6,0.1,median,True,"[0.25, 0.5, 0.75]",False,P50,,False,42,1,arps,2,,default_group,UNISIM_IV_P13_Seq2Trend,UNISIM_IV,Seq2Trend,0.10222222222222223,0.18444444444444444,0.5733333333333334
UNISIM_IV_P13_Seq2Trend_trial_242,P13,e435567817ae90ef13f3036773f6a9a6,242,5.191100265077009,0.148293596757141,Seq2Trend,Normal,False,0.01,300,300,50,20,16,0.005,0.6,0.1,median,True,"[0.25, 0.5, 0.75]",False,P50,,False,42,1,arps,2,,default_group,UNISIM_IV_P13_Seq2Trend,UNISIM_IV,Seq2Trend,0.10222222222222223,0.18444444444444444,0.5733333333333334
UNISIM_IV_P13_Seq2Trend_trial_191,P13,47ba13712655bd30f9e0b8db219a2961,191,5.191100265077009,0.148293596757141,Seq2Trend,Normal,False,0.01,300,300,50,20,16,0.005,0.6,0.1,median,True,"[0.25, 0.5, 0.75]",False,P50,,False,42,1,arps,2,,default_group,UNISIM_IV_P13_Seq2Trend,UNISIM_IV,Seq2Trend,0.10222222222222223,0.18444444444444444,0.5733333333333334
UNISIM_IV_P13_Seq2Trend_trial_240,P13,db96094bc3185606dbc8186c54ad70e7,240,5.191100265077009,0.148293596757141,Seq2Trend,Normal,False,0.01,300,300,50,20,16,0.005,0.6,0.1,median,True,"[0.25, 0.5, 0.75]",False,P50,,False,42,1,arps,2,,default_group,UNISIM_IV_P13_Seq2Trend,UNISIM_IV,Seq2Trend,0.10222222222222223,0.18444444444444444,0.5733333333333334
UNISIM_IV_P13_Seq2Trend_trial_247,P13,fedd7e9a7c8856766fd5fe8ad4de0d60,247,5.191100265077009,0.148293596757141,Seq2Trend,Normal,False,0.01,300,300,50,20,16,0.005,0.6,0.1,median,True,"[0.25, 0.5, 0.75]",False,P50,,False,42,1,arps,2,,default_group,UNISIM_IV_P13_Seq2Trend,UNISIM_IV,Seq2Trend,0.10222222222222223,0.18444444444444444,0.5733333333333334
UNISIM_IV_P13_Seq2Trend_trial_219,P13,eaac5925cd6f9cf207b799db07aa4aa7,219,5.191100265077009,0.148293596757141,Seq2Trend,Normal,False,0.01,300,300,50,20,16,0.005,0.6,0.1,median,True,"[0.25, 0.5, 0.75]",False,P50,,False,42,1,arps,2,,default_group,UNISIM_IV_P13_Seq2Trend,UNISIM_IV,Seq2Trend,0.10222222222222223,0.18444444444444444,0.5733333333333334
UNISIM_IV_P13_Seq2Trend_trial_248,P13,3a7cc01a40eca9ee236d6ca24b793883,248,5.191100265077009,0.148293596757141,Seq2Trend,Normal,False,0.01,300,300,50,20,16,0.005,0.6,0.1,median,True,"[0.25, 0.5, 0.75]",False,P50,,False,42,1,arps,2,,default_group,UNISIM_IV_P13_Seq2Trend,UNISIM_IV,Seq2Trend,0.10222222222222223,0.18444444444444444,0.5733333333333334
UNISIM_IV_P13_Seq2Trend_trial_163,P13,d113ae21b514b283b04a72dbcd52d867,163,5.191100265077009,0.148293596757141,Seq2Trend,Normal,False,0.01,300,300,50,20,16,0.005,0.6,0.1,median,True,"[0.25, 0.5, 0.75]",False,P50,,False,42,1,arps,2,,default_group,UNISIM_IV_P13_Seq2Trend,UNISIM_IV,Seq2Trend,0.10222222222222223,0.18444444444444444,0.5733333333333334
UNISIM_IV_P13_Seq2Trend_trial_244,P13,946091a0aa43d4792c6991350f222421,244,5.191100265077009,0.148293596757141,Seq2Trend,Normal,False,0.01,300,300,50,20,16,0.005,0.6,0.1,median,True,"[0.25, 0.5, 0.75]",False,P50,,False,42,1,arps,2,,default_group,UNISIM_IV_P13_Seq2Trend,UNISIM_IV,Seq2Trend,0.10222222222222223,0.18444444444444444,0.5733333333333334
UNISIM_IV_P13_Seq2Trend_trial_153,P13,4c795ddb2f6d272a7db5f18146600f4d,153,5.191100265077009,0.148293596757141,Seq2Trend,Normal,False,0.01,300,300,50,20,16,0.005,0.6,0.1,median,True,"[0.25, 0.5, 0.75]",False,P50,,False,42,1,arps,2,,default_group,UNISIM_IV_P13_Seq2Trend,UNISIM_IV,Seq2Trend,0.10222222222222223,0.18444444444444444,0.5733333333333334
UNISIM_IV_P13_Seq2Trend_trial_241,P13,472a37c845460ff54cc6f709b4829531,241,5.191100265077009,0.148293596757141,Seq2Trend,Normal,False,0.01,300,300,50,20,16,0.005,0.6,0.1,median,True,"[0.25, 0.5, 0.75]",False,P50,,False,42,1,arps,2,,default_group,UNISIM_IV_P13_Seq2Trend,UNISIM_IV,Seq2Trend,0.10222222222222223,0.18444444444444444,0.5733333333333334
UNISIM_IV_P13_Seq2Trend_trial_154,P13,ec851fd6966cd69aa8fe580799df5fdc,154,5.191100265077009,0.148293596757141,Seq2Trend,Normal,False,0.01,300,300,50,20,16,0.005,0.6,0.1,median,True,"[0.25, 0.5, 0.75]",False,P50,,False,42,1,arps,2,,default_group,UNISIM_IV_P13_Seq2Trend,UNISIM_IV,Seq2Trend,0.10222222222222223,0.18444444444444444,0.5733333333333334
UNISIM_IV_P13_Seq2Trend_trial_167,P13,9a584aab70004d43938765f13ce8f2f5,167,5.191100265077009,0.148293596757141,Seq2Trend,Normal,False,0.01,300,300,50,20,16,0.005,0.6,0.1,median,True,"[0.25, 0.5, 0.75]",False,P50,,False,42,1,arps,2,,default_group,UNISIM_IV_P13_Seq2Trend,UNISIM_IV,Seq2Trend,0.10222222222222223,0.18444444444444444,0.5733333333333334
UNISIM_IV_P13_Seq2Trend_trial_215,P13,3c14a7eb1b8d8db4ad9ad790f8fd5ea8,215,5.191100265077009,0.148293596757141,Seq2Trend,Normal,False,0.01,300,300,50,20,16,0.005,0.6,0.1,median,True,"[0.25, 0.5, 0.75]",False,P50,,False,42,1,arps,2,,default_group,UNISIM_IV_P13_Seq2Trend,UNISIM_IV,Seq2Trend,0.10222222222222223,0.18444444444444444,0.5733333333333334
UNISIM_IV_P13_Seq2Trend_trial_186,P13,18b6508e8d232f8f3654a5b634a0f5cb,186,5.191100265077009,0.148293596757141,Seq2Trend,Normal,False,0.01,300,300,50,20,16,0.005,0.6,0.1,median,True,"[0.25, 0.5, 0.75]",False,P50,,False,42,1,arps,2,,default_group,UNISIM_IV_P13_Seq2Trend,UNISIM_IV,Seq2Trend,0.10222222222222223,0.18444444444444444,0.5733333333333334
UNISIM_IV_P13_Seq2Trend_trial_175,P13,d5124780ec67af5f53474c10eaa77754,175,5.191100265077009,0.148293596757141,Seq2Trend,Normal,False,0.01,300,300,50,20,16,0.005,0.6,0.1,median,True,"[0.25, 0.5, 0.75]",False,P50,,False,42,1,arps,2,,default_group,UNISIM_IV_P13_Seq2Trend,UNISIM_IV,Seq2Trend,0.10222222222222223,0.18444444444444444,0.5733333333333334
UNISIM_IV_P13_Seq2Trend_trial_238,P13,7ee02801eeb9a58a2232cb63e7b87b18,238,5.191100265077009,0.148293596757141,Seq2Trend,Normal,False,0.01,300,300,50,20,16,0.005,0.6,0.1,median,True,"[0.25, 0.5, 0.75]",False,P50,,False,42,1,arps,2,,default_group,UNISIM_IV_P13_Seq2Trend,UNISIM_IV,Seq2Trend,0.10222222222222223,0.18444444444444444,0.5733333333333334
UNISIM_IV_P13_Seq2Trend_trial_194,P13,cf26c7647cf3c7235fcfcf9b3acd5965,194,5.191100265077009,0.148293596757141,Seq2Trend,Normal,False,0.01,300,300,50,20,16,0.005,0.6,0.1,median,True,"[0.25, 0.5, 0.75]",False,P50,,False,42,1,arps,2,,default_group,UNISIM_IV_P13_Seq2Trend,UNISIM_IV,Seq2Trend,0.10222222222222223,0.18444444444444444,0.5733333333333334
UNISIM_IV_P13_Seq2Trend_trial_227,P13,a1fffc6fef3836ebfd3cf2636ec6aed5,227,5.191100265077009,0.148293596757141,Seq2Trend,Normal,False,0.01,300,300,50,20,16,0.005,0.6,0.1,median,True,"[0.25, 0.5, 0.75]",False,P50,,False,42,1,arps,2,,default_group,UNISIM_IV_P13_Seq2Trend,UNISIM_IV,Seq2Trend,0.10222222222222223,0.18444444444444444,0.5733333333333334
UNISIM_IV_P13_Seq2Trend_trial_169,P13,1b322bf1437fad89b6ee21746c482c89,169,5.191100265077009,0.148293596757141,Seq2Trend,Normal,False,0.01,300,300,50,20,16,0.005,0.6,0.1,median,True,"[0.25, 0.5, 0.75]",False,P50,,False,42,1,arps,2,,default_group,UNISIM_IV_P13_Seq2Trend,UNISIM_IV,Seq2Trend,0.10222222222222223,0.18444444444444444,0.5733333333333334
UNISIM_IV_P13_Seq2Trend_trial_160,P13,787ec9e2a2a1d710d45b4e04f0c7d81e,160,5.191100265077009,0.148293596757141,Seq2Trend,Normal,False,0.01,300,300,50,20,16,0.005,0.6,0.1,median,True,"[0.25, 0.5, 0.75]",False,P50,,False,42,1,arps,2,,default_group,UNISIM_IV_P13_Seq2Trend,UNISIM_IV,Seq2Trend,0.10222222222222223,0.18444444444444444,0.5733333333333334
UNISIM_IV_P13_Seq2Trend_trial_235,P13,d5e04353c42823958d75561e81e54757,235,5.191100265077009,0.148293596757141,Seq2Trend,Normal,False,0.01,300,300,50,20,16,0.005,0.6,0.1,median,True,"[0.25, 0.5, 0.75]",False,P50,,False,42,1,arps,2,,default_group,UNISIM_IV_P13_Seq2Trend,UNISIM_IV,Seq2Trend,0.10222222222222223,0.18444444444444444,0.5733333333333334
UNISIM_IV_P13_Seq2Trend_trial_203,P13,333ea2f53ee2577c36c834102559e82d,203,5.191100265077009,0.148293596757141,Seq2Trend,Normal,False,0.01,300,300,50,20,16,0.005,0.6,0.1,median,True,"[0.25, 0.5, 0.75]",False,P50,,False,42,1,arps,2,,default_group,UNISIM_IV_P13_Seq2Trend,UNISIM_IV,Seq2Trend,0.10222222222222223,0.18444444444444444,0.5733333333333334
UNISIM_IV_P13_Seq2Trend_trial_197,P13,e2f0dbc4822501e2c0c7774fc04c6ba5,197,5.191100265077009,0.148293596757141,Seq2Trend,Normal,False,0.01,300,300,50,20,16,0.005,0.6,0.1,median,True,"[0.25, 0.5, 0.75]",False,P50,,False,42,1,arps,2,,default_group,UNISIM_IV_P13_Seq2Trend,UNISIM_IV,Seq2Trend,0.10222222222222223,0.18444444444444444,0.5733333333333334
UNISIM_IV_P13_Seq2Trend_trial_224,P13,a1f8b3a84f7376064bdc5d716b1945b4,224,5.191100265077009,0.148293596757141,Seq2Trend,Normal,False,0.01,300,300,50,20,16,0.005,0.6,0.1,median,True,"[0.25, 0.5, 0.75]",False,P50,,False,42,1,arps,2,,default_group,UNISIM_IV_P13_Seq2Trend,UNISIM_IV,Seq2Trend,0.10222222222222223,0.18444444444444444,0.5733333333333334
UNISIM_IV_P13_Seq2Trend_trial_190,P13,8f40ab97cf4561b2f0203b36aaa3761a,190,5.191100265077009,0.148293596757141,Seq2Trend,Normal,False,0.01,300,300,50,20,16,0.005,0.6,0.1,median,True,"[0.25, 0.5, 0.75]",False,P50,,False,42,1,arps,2,,default_group,UNISIM_IV_P13_Seq2Trend,UNISIM_IV,Seq2Trend,0.10222222222222223,0.18444444444444444,0.5733333333333334
UNISIM_IV_P13_Seq2Trend_trial_185,P13,672b9a17ee37535247f5bf1eaba1b28d,185,5.191100265077009,0.148293596757141,Seq2Trend,Normal,False,0.01,300,300,50,20,16,0.005,0.6,0.1,median,True,"[0.25, 0.5, 0.75]",False,P50,,False,42,1,arps,2,,default_group,UNISIM_IV_P13_Seq2Trend,UNISIM_IV,Seq2Trend,0.10222222222222223,0.18444444444444444,0.5733333333333334
UNISIM_IV_P13_Seq2Trend_trial_158,P13,9be70ffc84dee25711d3cfcb285c3bc6,158,5.191100265077009,0.148293596757141,Seq2Trend,Normal,False,0.01,300,300,50,20,16,0.005,0.6,0.1,median,True,"[0.25, 0.5, 0.75]",False,P50,,False,42,1,arps,2,,default_group,UNISIM_IV_P13_Seq2Trend,UNISIM_IV,Seq2Trend,0.10222222222222223,0.18444444444444444,0.5733333333333334
UNISIM_IV_P13_Seq2Trend_trial_201,P13,f1438992ceff90679cb498f0249f414d,201,5.191100265077009,0.148293596757141,Seq2Trend,Normal,False,0.01,300,300,50,20,16,0.005,0.6,0.1,median,True,"[0.25, 0.5, 0.75]",False,P50,,False,42,1,arps,2,,default_group,UNISIM_IV_P13_Seq2Trend,UNISIM_IV,Seq2Trend,0.10222222222222223,0.18444444444444444,0.5733333333333334
UNISIM_IV_P13_Seq2Trend_trial_230,P13,781b6986f5e587f51e4b71db4cd24772,230,5.191100265077009,0.148293596757141,Seq2Trend,Normal,False,0.01,300,300,50,20,16,0.005,0.6,0.1,median,True,"[0.25, 0.5, 0.75]",False,P50,,False,42,1,arps,2,,default_group,UNISIM_IV_P13_Seq2Trend,UNISIM_IV,Seq2Trend,0.10222222222222223,0.18444444444444444,0.5733333333333334
UNISIM_IV_P13_Seq2Trend_trial_177,P13,7ffd73a0d3df668338f884256c6df2d9,177,5.191100265077009,0.148293596757141,Seq2Trend,Normal,False,0.01,300,300,50,20,16,0.005,0.6,0.1,median,True,"[0.25, 0.5, 0.75]",False,P50,,False,42,1,arps,2,,default_group,UNISIM_IV_P13_Seq2Trend,UNISIM_IV,Seq2Trend,0.10222222222222223,0.18444444444444444,0.5733333333333334
UNISIM_IV_P13_Seq2Trend_trial_182,P13,432a612bf843d95e2a18b4b7f0a2c7f4,182,5.191100265077009,0.148293596757141,Seq2Trend,Normal,False,0.01,300,300,50,20,16,0.005,0.6,0.1,median,True,"[0.25, 0.5, 0.75]",False,P50,,False,42,1,arps,2,,default_group,UNISIM_IV_P13_Seq2Trend,UNISIM_IV,Seq2Trend,0.10222222222222223,0.18444444444444444,0.5733333333333334
UNISIM_IV_P13_Seq2Trend_trial_222,P13,dd7082ce2853f141d13df91fdeeebe43,222,5.191100265077009,0.148293596757141,Seq2Trend,Normal,False,0.01,300,300,50,20,16,0.005,0.6,0.1,median,True,"[0.25, 0.5, 0.75]",False,P50,,False,42,1,arps,2,,default_group,UNISIM_IV_P13_Seq2Trend,UNISIM_IV,Seq2Trend,0.10222222222222223,0.18444444444444444,0.5733333333333334
UNISIM_IV_P13_Seq2Trend_trial_212,P13,c651bf90d4187973e7a05703373d4b59,212,5.191100265077009,0.148293596757141,Seq2Trend,Normal,False,0.01,300,300,50,20,16,0.005,0.6,0.1,median,True,"[0.25, 0.5, 0.75]",False,P50,,False,42,1,arps,2,,default_group,UNISIM_IV_P13_Seq2Trend,UNISIM_IV,Seq2Trend,0.10222222222222223,0.18444444444444444,0.5733333333333334
UNISIM_IV_P13_Seq2Trend_trial_179,P13,cf3966a0ed2f3ced49de673c903c13b1,179,5.191100265077009,0.148293596757141,Seq2Trend,Normal,False,0.01,300,300,50,20,16,0.005,0.6,0.1,median,True,"[0.25, 0.5, 0.75]",False,P50,,False,42,1,arps,2,,default_group,UNISIM_IV_P13_Seq2Trend,UNISIM_IV,Seq2Trend,0.10222222222222223,0.18444444444444444,0.5733333333333334
UNISIM_IV_P13_Seq2Trend_trial_200,P13,9b4baa00655ae400d2341f1532fba7dc,200,5.191100265077009,0.148293596757141,Seq2Trend,Normal,False,0.01,300,300,50,20,16,0.005,0.6,0.1,median,True,"[0.25, 0.5, 0.75]",False,P50,,False,42,1,arps,2,,default_group,UNISIM_IV_P13_Seq2Trend,UNISIM_IV,Seq2Trend,0.10222222222222223,0.18444444444444444,0.5733333333333334
UNISIM_IV_P13_Seq2Trend_trial_245,P13,3892795012a33d6c9f9062ee5a62ff34,245,5.191100265077009,0.148293596757141,Seq2Trend,Normal,False,0.01,300,300,50,20,16,0.005,0.6,0.1,median,True,"[0.25, 0.5, 0.75]",False,P50,,False,42,1,arps,2,,default_group,UNISIM_IV_P13_Seq2Trend,UNISIM_IV,Seq2Trend,0.10222222222222223,0.18444444444444444,0.5733333333333334
UNISIM_IV_P13_Seq2Trend_trial_225,P13,6c3c5651ae30a7325addc600d56e2cfc,225,5.191100265077009,0.148293596757141,Seq2Trend,Normal,False,0.01,300,300,50,20,16,0.005,0.6,0.1,median,True,"[0.25, 0.5, 0.75]",False,P50,,False,42,1,arps,2,,default_group,UNISIM_IV_P13_Seq2Trend,UNISIM_IV,Seq2Trend,0.10222222222222223,0.18444444444444444,0.5733333333333334
UNISIM_IV_P13_Seq2Trend_trial_243,P13,c0f390a506cab546618fb17fe38ce79f,243,5.191100265077009,0.148293596757141,Seq2Trend,Normal,False,0.01,300,300,50,20,16,0.005,0.6,0.1,median,True,"[0.25, 0.5, 0.75]",False,P50,,False,42,1,arps,2,,default_group,UNISIM_IV_P13_Seq2Trend,UNISIM_IV,Seq2Trend,0.10222222222222223,0.18444444444444444,0.5733333333333334
UNISIM_IV_P13_Seq2Trend_trial_189,P13,2d9b7e12abbbd96e3157f22c7a3116dd,189,5.191100265077009,0.148293596757141,Seq2Trend,Normal,False,0.01,300,300,50,20,16,0.005,0.6,0.1,median,True,"[0.25, 0.5, 0.75]",False,P50,,False,42,1,arps,2,,default_group,UNISIM_IV_P13_Seq2Trend,UNISIM_IV,Seq2Trend,0.10222222222222223,0.18444444444444444,0.5733333333333334
UNISIM_IV_P13_Seq2Trend_trial_196,P13,4f9e140b1e151c098b86d41d2baa567f,196,5.191100265077009,0.148293596757141,Seq2Trend,Normal,False,0.01,300,300,50,20,16,0.005,0.6,0.1,median,True,"[0.25, 0.5, 0.75]",False,P50,,False,42,1,arps,2,,default_group,UNISIM_IV_P13_Seq2Trend,UNISIM_IV,Seq2Trend,0.10222222222222223,0.18444444444444444,0.5733333333333334
UNISIM_IV_P13_Seq2Trend_trial_152,P13,6a6aa9e191dba966c996bf0135d43908,152,5.191100265077009,0.148293596757141,Seq2Trend,Normal,False,0.01,300,300,50,20,16,0.005,0.6,0.1,median,True,"[0.25, 0.5, 0.75]",False,P50,,False,42,1,arps,2,,default_group,UNISIM_IV_P13_Seq2Trend,UNISIM_IV,Seq2Trend,0.10222222222222223,0.18444444444444444,0.5733333333333334
UNISIM_IV_P13_Seq2Trend_trial_198,P13,a3a6f7a0cbd2fe4cbd13e2fe7f4cbea6,198,5.191100265077009,0.148293596757141,Seq2Trend,Normal,False,0.01,300,300,50,20,16,0.005,0.6,0.1,median,True,"[0.25, 0.5, 0.75]",False,P50,,False,42,1,arps,2,,default_group,UNISIM_IV_P13_Seq2Trend,UNISIM_IV,Seq2Trend,0.10222222222222223,0.18444444444444444,0.5733333333333334
UNISIM_IV_P13_Seq2Trend_trial_164,P13,05497fd98db91fbdd8bd75952e3631b4,164,5.191100265077009,0.148293596757141,Seq2Trend,Normal,False,0.01,300,300,50,20,16,0.005,0.6,0.1,median,True,"[0.25, 0.5, 0.75]",False,P50,,False,42,1,arps,2,,default_group,UNISIM_IV_P13_Seq2Trend,UNISIM_IV,Seq2Trend,0.10222222222222223,0.18444444444444444,0.5733333333333334
UNISIM_IV_P13_Seq2Trend_trial_214,P13,3624102579dc3947fef81a09737694e4,214,5.191100265077009,0.148293596757141,Seq2Trend,Normal,False,0.01,300,300,50,20,16,0.005,0.6,0.1,median,True,"[0.25, 0.5, 0.75]",False,P50,,False,42,1,arps,2,,default_group,UNISIM_IV_P13_Seq2Trend,UNISIM_IV,Seq2Trend,0.10222222222222223,0.18444444444444444,0.5733333333333334
UNISIM_IV_P13_Seq2Trend_trial_208,P13,6fe64e9d6d38cdd4c058499057df85d1,208,5.191100265077009,0.148293596757141,Seq2Trend,Normal,False,0.01,300,300,50,20,16,0.005,0.6,0.1,median,True,"[0.25, 0.5, 0.75]",False,P50,,False,42,1,arps,2,,default_group,UNISIM_IV_P13_Seq2Trend,UNISIM_IV,Seq2Trend,0.10222222222222223,0.18444444444444444,0.5733333333333334
UNISIM_IV_P13_Seq2Trend_trial_221,P13,dcb8aea4ee39b36955ef0d956357ca57,221,5.191100265077009,0.148293596757141,Seq2Trend,Normal,False,0.01,300,300,50,20,16,0.005,0.6,0.1,median,True,"[0.25, 0.5, 0.75]",False,P50,,False,42,1,arps,2,,default_group,UNISIM_IV_P13_Seq2Trend,UNISIM_IV,Seq2Trend,0.10222222222222223,0.18444444444444444,0.5733333333333334
UNISIM_IV_P13_Seq2Trend_trial_193,P13,6cc977399532e1f556171228d6107488,193,5.191100265077009,0.148293596757141,Seq2Trend,Normal,False,0.01,300,300,50,20,16,0.005,0.6,0.1,median,True,"[0.25, 0.5, 0.75]",False,P50,,False,42,1,arps,5,,default_group,UNISIM_IV_P13_Seq2Trend,UNISIM_IV,Seq2Trend,0.10222222222222223,0.18444444444444444,0.5733333333333334
UNISIM_IV_P13_Seq2Trend_trial_174,P13,9295aabb1e999be955c31468309f81bc,174,5.191100265077009,0.148293596757141,Seq2Trend,Normal,False,0.01,300,300,50,20,16,0.005,0.6,0.1,median,True,"[0.25, 0.5, 0.75]",False,P50,,False,42,1,arps,2,,default_group,UNISIM_IV_P13_Seq2Trend,UNISIM_IV,Seq2Trend,0.10222222222222223,0.18444444444444444,0.5733333333333334
UNISIM_IV_P13_Seq2Trend_trial_205,P13,64766b8ddb18fa362ddd4e8a887c5309,205,5.191100265077009,0.148293596757141,Seq2Trend,Normal,False,0.01,300,300,50,20,16,0.005,0.6,0.1,median,True,"[0.25, 0.5, 0.75]",False,P50,,False,42,1,arps,2,,default_group,UNISIM_IV_P13_Seq2Trend,UNISIM_IV,Seq2Trend,0.10222222222222223,0.18444444444444444,0.5733333333333334
UNISIM_IV_P13_Seq2Trend_trial_226,P13,c326c4fdce465eb9b4316f6f6a016a2e,226,5.191100265077009,0.148293596757141,Seq2Trend,Normal,False,0.01,300,300,50,20,16,0.005,0.6,0.1,median,True,"[0.25, 0.5, 0.75]",False,P50,,False,42,1,arps,2,,default_group,UNISIM_IV_P13_Seq2Trend,UNISIM_IV,Seq2Trend,0.10222222222222223,0.18444444444444444,0.5733333333333334
UNISIM_IV_P13_Seq2Trend_trial_176,P13,5cb74b9c80ed25d10f72d6bebbb2b144,176,5.191100265077009,0.148293596757141,Seq2Trend,Normal,False,0.01,300,300,50,20,16,0.005,0.6,0.1,median,True,"[0.25, 0.5, 0.75]",False,P50,,False,42,1,arps,2,,default_group,UNISIM_IV_P13_Seq2Trend,UNISIM_IV,Seq2Trend,0.10222222222222223,0.18444444444444444,0.5733333333333334
UNISIM_IV_P13_Seq2Trend_trial_180,P13,81310b49307d27a5e96aed35bbb14944,180,5.191100265077009,0.148293596757141,Seq2Trend,Normal,False,0.01,300,300,50,20,16,0.005,0.6,0.1,median,True,"[0.25, 0.5, 0.75]",False,P50,,False,42,1,arps,2,,default_group,UNISIM_IV_P13_Seq2Trend,UNISIM_IV,Seq2Trend,0.10222222222222223,0.18444444444444444,0.5733333333333334
UNISIM_IV_P13_Seq2Trend_trial_165,P13,b1871ea210e611e644bb459de59e2ef1,165,5.191100265077009,0.148293596757141,Seq2Trend,Normal,False,0.01,300,300,50,20,16,0.005,0.6,0.1,median,True,"[0.25, 0.5, 0.75]",False,P50,,False,42,1,arps,2,,default_group,UNISIM_IV_P13_Seq2Trend,UNISIM_IV,Seq2Trend,0.10222222222222223,0.18444444444444444,0.5733333333333334
UNISIM_IV_P13_Seq2Trend_trial_151,P13,73a98c558ca31f2832eaa023e0ad13b3,151,5.191100265077009,0.148293596757141,Seq2Trend,Normal,False,0.01,300,300,50,20,16,0.005,0.6,0.1,median,True,"[0.25, 0.5, 0.75]",False,P50,,False,42,1,arps,2,,default_group,UNISIM_IV_P13_Seq2Trend,UNISIM_IV,Seq2Trend,0.10222222222222223,0.18444444444444444,0.5733333333333334
UNISIM_IV_P13_Seq2Trend_trial_233,P13,a934e260d7f872e985363438fd684d43,233,5.191100265077009,0.148293596757141,Seq2Trend,Normal,False,0.01,300,300,50,20,16,0.005,0.6,0.1,median,True,"[0.25, 0.5, 0.75]",False,P50,,False,42,1,arps,2,,default_group,UNISIM_IV_P13_Seq2Trend,UNISIM_IV,Seq2Trend,0.10222222222222223,0.18444444444444444,0.5733333333333334
UNISIM_IV_P13_Seq2Trend_trial_195,P13,d33dfe34d10d598543bcda2f2cf7313c,195,5.191100265077009,0.148293596757141,Seq2Trend,Normal,False,0.01,300,300,50,20,16,0.005,0.6,0.1,median,True,"[0.25, 0.5, 0.75]",False,P50,,False,42,1,arps,2,,default_group,UNISIM_IV_P13_Seq2Trend,UNISIM_IV,Seq2Trend,0.10222222222222223,0.18444444444444444,0.5733333333333334
UNISIM_IV_P13_Seq2Trend_trial_239,P13,33da0ccf0f1d19d7acd31daeac5b2e24,239,5.191100265077009,0.148293596757141,Seq2Trend,Normal,False,0.01,300,300,50,20,16,0.005,0.6,0.1,median,True,"[0.25, 0.5, 0.75]",False,P50,,False,42,1,arps,2,,default_group,UNISIM_IV_P13_Seq2Trend,UNISIM_IV,Seq2Trend,0.10222222222222223,0.18444444444444444,0.5733333333333334
UNISIM_IV_P13_Seq2Trend_trial_209,P13,f023c98545a693e01aab4fb835e24daa,209,5.191100265077009,0.148293596757141,Seq2Trend,Normal,False,0.01,300,300,50,20,16,0.005,0.6,0.1,median,True,"[0.25, 0.5, 0.75]",False,P50,,False,42,1,arps,2,,default_group,UNISIM_IV_P13_Seq2Trend,UNISIM_IV,Seq2Trend,0.10222222222222223,0.18444444444444444,0.5733333333333334
UNISIM_IV_P13_Seq2Trend_trial_217,P13,0478c6d57c2ce121e584ea14c9f271d5,217,5.191100265077009,0.148293596757141,Seq2Trend,Normal,False,0.01,300,300,50,20,16,0.005,0.6,0.1,median,True,"[0.25, 0.5, 0.75]",False,P50,,False,42,1,arps,2,,default_group,UNISIM_IV_P13_Seq2Trend,UNISIM_IV,Seq2Trend,0.10222222222222223,0.18444444444444444,0.5733333333333334
UNISIM_IV_P13_Seq2Trend_trial_216,P13,920e55aa202325aca85f9ff6d894ee1f,216,5.191100265077009,0.148293596757141,Seq2Trend,Normal,False,0.01,300,300,50,20,16,0.005,0.6,0.1,median,True,"[0.25, 0.5, 0.75]",False,P50,,False,42,1,arps,2,,default_group,UNISIM_IV_P13_Seq2Trend,UNISIM_IV,Seq2Trend,0.10222222222222223,0.18444444444444444,0.5733333333333334
UNISIM_IV_P13_Seq2Trend_trial_211,P13,00aabf6b8a234ae40ec2e3d317b22b5f,211,5.191100265077009,0.148293596757141,Seq2Trend,Normal,False,0.01,300,300,50,20,16,0.005,0.6,0.1,median,True,"[0.25, 0.5, 0.75]",False,P50,,False,42,1,arps,2,,default_group,UNISIM_IV_P13_Seq2Trend,UNISIM_IV,Seq2Trend,0.10222222222222223,0.18444444444444444,0.5733333333333334
UNISIM_IV_P13_Seq2Trend_trial_161,P13,ef029c9e0c962a2afb8f11d54ee37c6e,161,5.191100265077009,0.148293596757141,Seq2Trend,Normal,False,0.01,300,300,50,20,16,0.005,0.6,0.1,median,True,"[0.25, 0.5, 0.75]",False,P50,,False,42,1,arps,2,,default_group,UNISIM_IV_P13_Seq2Trend,UNISIM_IV,Seq2Trend,0.10222222222222223,0.18444444444444444,0.5733333333333334
UNISIM_IV_P13_Seq2Trend_trial_166,P13,6b4509c84c4c0fe85d4955bd574c88b7,166,5.191100265077009,0.148293596757141,Seq2Trend,Normal,False,0.01,300,300,50,20,16,0.005,0.6,0.1,median,True,"[0.25, 0.5, 0.75]",False,P50,,False,42,1,arps,2,,default_group,UNISIM_IV_P13_Seq2Trend,UNISIM_IV,Seq2Trend,0.10222222222222223,0.18444444444444444,0.5733333333333334
UNISIM_IV_P13_Seq2Trend_trial_206,P13,84b2d35f1ea41df9bd207fbbc260fe6b,206,5.191100265077009,0.148293596757141,Seq2Trend,Normal,False,0.01,300,300,50,20,16,0.005,0.6,0.1,median,True,"[0.25, 0.5, 0.75]",False,P50,,False,42,1,arps,2,,default_group,UNISIM_IV_P13_Seq2Trend,UNISIM_IV,Seq2Trend,0.10222222222222223,0.18444444444444444,0.5733333333333334
UNISIM_IV_P13_Seq2Trend_trial_156,P13,e2473762b33025f61160c9bda7444fd9,156,5.191100265077009,0.148293596757141,Seq2Trend,Normal,False,0.01,300,300,50,20,16,0.005,0.6,0.1,median,True,"[0.25, 0.5, 0.75]",False,P50,,False,42,1,arps,2,,default_group,UNISIM_IV_P13_Seq2Trend,UNISIM_IV,Seq2Trend,0.10222222222222223,0.18444444444444444,0.5733333333333334
UNISIM_IV_P14_Seq2Trend_trial_13,P14,61c68c6a580cce3f6b1dd2972326f272,13,20.72596368259092,4.370613636301006,Seq2Trend,Normal,False,0.99,300,300,50,20,16,0.01,0.6,0.1,median,True,"[0.25, 0.5, 0.75]",False,P50,,False,42,1,pressure_ensemble,8,,default_group,UNISIM_IV_P14_Seq2Trend,UNISIM_IV,Seq2Trend,0.93,0.9361111111111111,3.732222222222222
UNISIM_IV_P14_Seq2Trend_trial_52,P14,82a7e71caae947f0fb21c6ba830e2fa5,52,22.593067567314375,4.695548864768511,Seq2Trend,Normal,False,0.99,300,300,100,20,16,0.005,0.6,0.1,median,True,"[0.25, 0.5, 0.75]",False,P50,,False,42,1,combined_exp_arps,8,,default_group,UNISIM_IV_P14_Seq2Trend,UNISIM_IV,Seq2Trend,0.9394444444444444,0.9444444444444444,3.767777777777778
UNISIM_IV_P14_Seq2Trend_trial_122,P14,32f93dc74681c080baeccbfa0fdb306b,122,13.435375216804028,2.8051229330217837,Seq2Trend,Normal,False,0.5,300,300,20,20,16,0.01,0.6,0.1,median,True,"[0.25, 0.5, 0.75]",False,P50,,False,42,1,pressure_ensemble,5,,default_group,UNISIM_IV_P14_Seq2Trend,UNISIM_IV,Seq2Trend,0.83,0.8411111111111111,3.3422222222222224
UNISIM_IV_P14_Seq2Trend_trial_147,P14,62d72c29623f9eb958eb9ab363c7f2da,147,16.11037616892709,3.673300561576132,Seq2Trend,Normal,False,0.01,300,300,200,20,16,0.005,0.6,0.1,median,True,"[0.25, 0.5, 0.75]",False,P50,,False,42,1,arps,6,,default_group,UNISIM_IV_P14_Seq2Trend,UNISIM_IV,Seq2Trend,0.8777777777777778,0.8733333333333333,3.502222222222222
UNISIM_IV_P14_Seq2Trend_trial_84,P14,4e6c978b5375e7f6e90f87168a3a8c03,84,19.91694401948955,4.256163630441783,Seq2Trend,Normal,False,0.5,300,300,200,20,16,0.005,0.6,0.1,median,True,"[0.25, 0.5, 0.75]",False,P50,,False,42,1,exponential,4,,default_group,UNISIM_IV_P14_Seq2Trend,UNISIM_IV,Seq2Trend,0.8988888888888888,0.9033333333333333,3.6044444444444443
UNISIM_IV_P14_Seq2Trend_trial_115,P14,58fca08085413ea74ddcd0f1d37ddc97,115,20.190303733907196,4.4681381773941,Seq2Trend,Normal,False,0.01,300,300,200,20,8,0.005,0.6,0.1,median,True,"[0.25, 0.5, 0.75]",False,P50,,False,42,1,arps,4,,default_group,UNISIM_IV_P14_Seq2Trend,UNISIM_IV,Seq2Trend,0.9341666666666667,0.9330555555555555,3.7344444444444447
UNISIM_IV_P14_Seq2Trend_trial_20,P14,12e89398970cd0bf4c961a1f7bb451d5,20,21.92463474747419,4.655657365541948,Seq2Trend,Normal,False,0.99,300,300,100,20,16,0.005,0.6,0.1,median,True,"[0.25, 0.5, 0.75]",False,P50,,False,42,1,arps,5,,default_group,UNISIM_IV_P14_Seq2Trend,UNISIM_IV,Seq2Trend,0.9375,0.9391666666666667,3.7533333333333334
UNISIM_IV_P14_Seq2Trend_trial_73,P14,58ef621caed1962c7fa12dfc05bbabcc,73,12.511078822163086,2.5998101633005906,Seq2Trend,Normal,False,0.25,300,300,50,20,16,0.005,0.6,0.1,median,True,"[0.25, 0.5, 0.75]",False,P50,,False,42,1,arps,3,,default_group,UNISIM_IV_P14_Seq2Trend,UNISIM_IV,Seq2Trend,0.8177777777777778,0.8283333333333334,3.2922222222222226
UNISIM_IV_P14_Seq2Trend_trial_145,P14,b45e2fb5041030d6460a1b7bd11ada58,145,14.357114012600288,3.069742923422882,Seq2Trend,Normal,False,0.5,300,300,20,20,8,0.01,0.6,0.1,median,True,"[0.25, 0.5, 0.75]",False,P50,,False,42,1,combined_exp_arps,8,,default_group,UNISIM_IV_P14_Seq2Trend,UNISIM_IV,Seq2Trend,0.8466666666666667,0.8561111111111112,3.405555555555556
UNISIM_IV_P14_Seq2Trend_trial_38,P14,231287156b0e89e13fbfeb3fbd669464,38,19.419853010891806,4.386813075033688,Seq2Trend,Normal,False,0.01,300,300,200,20,8,0.005,0.6,0.1,median,True,"[0.25, 0.5, 0.75]",False,P50,,False,42,1,static,8,,default_group,UNISIM_IV_P14_Seq2Trend,UNISIM_IV,Seq2Trend,0.9316666666666666,0.9005555555555556,3.6644444444444444
UNISIM_IV_P14_Seq2Trend_trial_2,P14,f39679c81f06a4c1bca1f1d1fa49c3c1,2,37.57225239102243,7.738269200358109,Seq2Trend,Normal,False,0.99,300,300,200,20,8,0.005,0.6,0.1,median,True,"[0.25, 0.5, 0.75]",False,P50,,False,42,1,exponential,8,,default_group,UNISIM_IV_P14_Seq2Trend,UNISIM_IV,Seq2Trend,0.9627777777777777,0.9627777777777777,3.851111111111111
UNISIM_IV_P14_Seq2Trend_trial_24,P14,a859c4226f9780b35d066b1adb004bb8,24,27.71199594615408,5.832276996427415,Seq2Trend,Normal,False,0.25,300,300,100,20,16,0.05,0.6,0.1,median,True,"[0.25, 0.5, 0.75]",False,P50,,False,42,1,arps,4,,default_group,UNISIM_IV_P14_Seq2Trend,UNISIM_IV,Seq2Trend,0.9505555555555556,0.9527777777777777,3.8066666666666666
UNISIM_IV_P14_Seq2Trend_trial_8,P14,487c6c5a50a7adcd59c2c72614ac36b5,8,24.56142157773617,5.1788670607981615,Seq2Trend,Normal,False,0.5,300,300,100,20,8,0.01,0.6,0.1,median,True,"[0.25, 0.5, 0.75]",False,P50,,False,42,1,arps,4,,default_group,UNISIM_IV_P14_Seq2Trend,UNISIM_IV,Seq2Trend,0.9427777777777778,0.9488888888888889,3.783333333333333
UNISIM_IV_P14_Seq2Trend_trial_99,P14,9eb127c4b52ae2bc3dadce0802e75d63,99,26.65085597846683,5.561873629910901,Seq2Trend,Normal,False,0.25,300,300,50,20,8,0.05,0.6,0.1,median,True,"[0.25, 0.5, 0.75]",False,P50,,False,42,1,arps,4,,default_group,UNISIM_IV_P14_Seq2Trend,UNISIM_IV,Seq2Trend,0.9461111111111111,0.9505555555555556,3.7933333333333334
UNISIM_IV_P14_Seq2Trend_trial_18,P14,538c29ac81f216ec918c45a7ac5ec3a4,18,23.788623926370907,5.041172491254993,Seq2Trend,Normal,False,0.25,300,300,100,20,16,0.05,0.6,0.1,median,True,"[0.25, 0.5, 0.75]",False,P50,,False,42,1,exponential,5,,default_group,UNISIM_IV_P14_Seq2Trend,UNISIM_IV,Seq2Trend,0.9419444444444445,0.9469444444444445,3.7777777777777777
UNISIM_IV_P14_Seq2Trend_trial_136,P14,500d3b229271ac4935367dd9001437bd,136,16.14010753712391,3.5781006745239106,Seq2Trend,Normal,False,0.01,300,300,50,20,8,0.01,0.6,0.1,median,True,"[0.25, 0.5, 0.75]",False,P50,,False,42,1,combined_exp_arps,8,,default_group,UNISIM_IV_P14_Seq2Trend,UNISIM_IV,Seq2Trend,0.8694444444444445,0.8738888888888889,3.486666666666667
UNISIM_IV_P14_Seq2Trend_trial_25,P14,66676b5b85cac2ab4c7b1c03860bf5a2,25,16.270505887055712,3.6469101372961408,Seq2Trend,Normal,False,0.01,300,300,200,20,16,0.005,0.6,0.1,median,True,"[0.25, 0.5, 0.75]",False,P50,,False,42,1,static,5,,default_group,UNISIM_IV_P14_Seq2Trend,UNISIM_IV,Seq2Trend,0.8755555555555555,0.8777777777777778,3.506666666666667
UNISIM_IV_P14_Seq2Trend_trial_77,P14,f8c7821a76cdd248b9d4a0c623740d5e,77,37.58090151379447,7.782606879446587,Seq2Trend,Normal,False,0.99,300,300,200,20,16,0.01,0.6,0.1,median,True,"[0.25, 0.5, 0.75]",False,P50,,False,42,1,static,4,,default_group,UNISIM_IV_P14_Seq2Trend,UNISIM_IV,Seq2Trend,0.9633333333333334,0.9633333333333334,3.8533333333333335
UNISIM_IV_P14_Seq2Trend_trial_131,P14,3c2864fe9621f47cd71732de12972b0d,131,12.825484885098524,2.620531728642667,Seq2Trend,Normal,False,0.25,300,300,50,20,8,0.001,0.6,0.1,median,True,"[0.25, 0.5, 0.75]",False,P50,,False,42,1,exponential,5,,default_group,UNISIM_IV_P14_Seq2Trend,UNISIM_IV,Seq2Trend,0.82,0.8338888888888889,3.307777777777778
UNISIM_IV_P14_Seq2Trend_trial_42,P14,0d579a38dbcfe43a17b257e29abf87f7,42,18.84547830288064,4.012656374898748,Seq2Trend,Normal,False,0.5,300,300,100,20,8,0.005,0.6,0.1,median,True,"[0.25, 0.5, 0.75]",False,P50,,False,42,1,exponential,5,,default_group,UNISIM_IV_P14_Seq2Trend,UNISIM_IV,Seq2Trend,0.8919444444444444,0.8969444444444444,3.5777777777777775
UNISIM_IV_P14_Seq2Trend_trial_126,P14,f90a2d2f6b711fd0ff4c5ac0476155e3,126,16.25881471568949,3.664351797774657,Seq2Trend,Normal,False,0.01,300,300,100,20,8,0.005,0.6,0.1,median,True,"[0.25, 0.5, 0.75]",False,P50,,False,42,1,pressure_ensemble,6,,default_group,UNISIM_IV_P14_Seq2Trend,UNISIM_IV,Seq2Trend,0.8772222222222222,0.8772222222222222,3.508888888888889
UNISIM_IV_P14_Seq2Trend_trial_90,P14,459866dbe7d2785956e5f4aea72abbb8,90,15.24103787504566,3.2197167683796,Seq2Trend,Normal,False,0.5,300,300,50,20,16,0.01,0.6,0.1,median,True,"[0.25, 0.5, 0.75]",False,P50,,False,42,1,pressure_ensemble,7,,default_group,UNISIM_IV_P14_Seq2Trend,UNISIM_IV,Seq2Trend,0.8552777777777778,0.8636111111111111,3.437777777777778
UNISIM_IV_P14_Seq2Trend_trial_107,P14,03bba64c8d43ce06659f4bcf5a944c12,107,12.624768801133843,2.600607992969372,Seq2Trend,Normal,False,0.5,300,300,20,20,16,0.005,0.6,0.1,median,True,"[0.25, 0.5, 0.75]",False,P50,,False,42,1,arps,7,,default_group,UNISIM_IV_P14_Seq2Trend,UNISIM_IV,Seq2Trend,0.8186111111111111,0.8297222222222222,3.296666666666667
UNISIM_IV_P14_Seq2Trend_trial_53,P14,c0f2f1824d1e26154c76b0cc1f232151,53,13.59311139962884,2.825745363773419,Seq2Trend,Normal,False,0.5,300,300,50,20,16,0.005,0.6,0.1,median,True,"[0.25, 0.5, 0.75]",False,P50,,False,42,1,combined_exp_arps,7,,default_group,UNISIM_IV_P14_Seq2Trend,UNISIM_IV,Seq2Trend,0.8305555555555556,0.8433333333333334,3.347777777777778
UNISIM_IV_P14_Seq2Trend_trial_59,P14,c3e1d60bccef19f0323ddbcc3721bdc4,59,14.269661988169627,3.011856455561004,Seq2Trend,Normal,False,0.25,300,300,20,20,16,0.005,0.6,0.1,median,True,"[0.25, 0.5, 0.75]",False,P50,,False,42,1,static,4,,default_group,UNISIM_IV_P14_Seq2Trend,UNISIM_IV,Seq2Trend,0.8438888888888889,0.855,3.397777777777778
UNISIM_IV_P14_Seq2Trend_trial_142,P14,11d2a09a2a1d018fb3790552eed6922d,142,12.7642945821636,2.687908664027104,Seq2Trend,Normal,False,0.99,300,300,100,20,16,0.001,0.6,0.1,median,True,"[0.25, 0.5, 0.75]",False,P50,,False,42,1,exponential,3,,default_group,UNISIM_IV_P14_Seq2Trend,UNISIM_IV,Seq2Trend,0.8255555555555556,0.8316666666666667,3.3144444444444447
UNISIM_IV_P14_Seq2Trend_trial_4,P14,ffea67fc4e37e7cf8bb9cfddf91dd173,4,38.11853589018794,7.661721981133332,Seq2Trend,Normal,False,0.99,300,300,100,20,8,0.05,0.6,0.1,median,True,"[0.25, 0.5, 0.75]",False,P50,,False,42,1,pressure_ensemble,3,,default_group,UNISIM_IV_P14_Seq2Trend,UNISIM_IV,Seq2Trend,0.9611111111111111,0.9644444444444444,3.851111111111111
UNISIM_IV_P14_Seq2Trend_trial_75,P14,2eae92718fc1336165328f63fa463b02,75,13.93009309757941,2.889948719593152,Seq2Trend,Normal,False,0.25,300,300,50,20,16,0.005,0.6,0.1,median,True,"[0.25, 0.5, 0.75]",False,P50,,False,42,1,exponential,6,,default_group,UNISIM_IV_P14_Seq2Trend,UNISIM_IV,Seq2Trend,0.8344444444444444,0.8488888888888889,3.3666666666666667
UNISIM_IV_P14_Seq2Trend_trial_65,P14,b5ec100ccac1e078b98cfb0733473d2b,65,18.869611012211685,4.002993443359545,Seq2Trend,Normal,False,0.99,300,300,20,20,8,0.01,0.6,0.1,median,True,"[0.25, 0.5, 0.75]",False,P50,,False,42,1,pressure_ensemble,3,,default_group,UNISIM_IV_P14_Seq2Trend,UNISIM_IV,Seq2Trend,0.8911111111111111,0.8977777777777778,3.5777777777777775
UNISIM_IV_P14_Seq2Trend_trial_108,P14,96419e2055448b5bb860815b54094d03,108,6.090174000230831,0.8422759521505495,Seq2Trend,Normal,False,0.01,300,300,20,20,16,0.01,0.6,0.1,median,True,"[0.25, 0.5, 0.75]",False,P50,,False,42,1,arps,7,,default_group,UNISIM_IV_P14_Seq2Trend,UNISIM_IV,Seq2Trend,0.5927777777777777,0.5144444444444445,2.214444444444444
UNISIM_IV_P14_Seq2Trend_trial_15,P14,983994b558618e7e0a10985875f21a5f,15,20.50761384626679,4.377302401635951,Seq2Trend,Normal,False,0.25,300,300,200,20,16,0.01,0.6,0.1,median,True,"[0.25, 0.5, 0.75]",False,P50,,False,42,1,combined_exp_arps,5,,default_group,UNISIM_IV_P14_Seq2Trend,UNISIM_IV,Seq2Trend,0.9308333333333333,0.9352777777777778,3.732222222222222
UNISIM_IV_P14_Seq2Trend_trial_85,P14,a87d6a537396f4cc3f68c00376cf8fd5,85,10.251775243255585,2.037200017808243,Seq2Trend,Normal,False,0.99,300,300,20,20,16,0.005,0.6,0.1,median,True,"[0.25, 0.5, 0.75]",False,P50,,False,42,1,arps,8,,default_group,UNISIM_IV_P14_Seq2Trend,UNISIM_IV,Seq2Trend,0.7958333333333333,0.8052777777777778,3.202222222222222
UNISIM_IV_P14_Seq2Trend_trial_71,P14,92152ede0ad99b567873f12677dc38be,71,36.848666352997874,7.680649846099762,Seq2Trend,Normal,False,0.99,300,300,50,20,8,0.05,0.6,0.1,median,True,"[0.25, 0.5, 0.75]",False,P50,,False,42,1,pressure_ensemble,4,,default_group,UNISIM_IV_P14_Seq2Trend,UNISIM_IV,Seq2Trend,0.9622222222222222,0.9616666666666667,3.847777777777778
UNISIM_IV_P14_Seq2Trend_trial_114,P14,c5a8a8b0200d70c11d88ce9b6e7149ae,114,10.032067884563109,2.3664313576163183,Seq2Trend,Normal,False,0.01,300,300,100,20,8,0.001,0.6,0.1,median,True,"[0.25, 0.5, 0.75]",False,P50,,False,42,1,combined_exp_arps,7,,default_group,UNISIM_IV_P14_Seq2Trend,UNISIM_IV,Seq2Trend,0.8111111111111111,0.8011111111111111,3.2244444444444444
UNISIM_IV_P14_Seq2Trend_trial_67,P14,ec430164e981813367787a8987d9de4e,67,19.86397254203921,4.427768626008271,Seq2Trend,Normal,False,0.01,300,300,200,20,16,0.01,0.6,0.1,median,True,"[0.25, 0.5, 0.75]",False,P50,,False,42,1,static,5,,default_group,UNISIM_IV_P14_Seq2Trend,UNISIM_IV,Seq2Trend,0.9325,0.9025,3.67
UNISIM_IV_P14_Seq2Trend_trial_49,P14,96869a4a883057fcbbb8676d92ae19c6,49,18.21317637197985,3.794399045750153,Seq2Trend,Normal,False,0.5,300,300,50,20,16,0.05,0.6,0.1,median,True,"[0.25, 0.5, 0.75]",False,P50,,False,42,1,arps,6,,default_group,UNISIM_IV_P14_Seq2Trend,UNISIM_IV,Seq2Trend,0.8838888888888888,0.8944444444444445,3.5566666666666666
UNISIM_IV_P14_Seq2Trend_trial_27,P14,c18bfca5492255c80a99c1b17f5ab85b,27,14.019469828973186,2.914304932064559,Seq2Trend,Normal,False,0.5,300,300,20,20,8,0.005,0.6,0.1,median,True,"[0.25, 0.5, 0.75]",False,P50,,False,42,1,arps,3,,default_group,UNISIM_IV_P14_Seq2Trend,UNISIM_IV,Seq2Trend,0.8380555555555556,0.8508333333333333,3.3777777777777778
UNISIM_IV_P14_Seq2Trend_trial_141,P14,4ab420fd0824095cf7682dda866df231,141,22.10956187126001,4.675370796186564,Seq2Trend,Normal,False,0.99,300,300,100,20,16,0.005,0.6,0.1,median,True,"[0.25, 0.5, 0.75]",False,P50,,False,42,1,pressure_ensemble,8,,default_group,UNISIM_IV_P14_Seq2Trend,UNISIM_IV,Seq2Trend,0.9386111111111111,0.9402777777777778,3.7577777777777777
UNISIM_IV_P14_Seq2Trend_trial_97,P14,e318ee0bcbf8da0a22e0962a5b94e336,97,8.86905871911191,1.7920240652758943,Seq2Trend,Normal,False,0.01,300,300,20,20,16,0.05,0.6,0.1,median,True,"[0.25, 0.5, 0.75]",False,P50,,False,42,1,arps,6,,default_group,UNISIM_IV_P14_Seq2Trend,UNISIM_IV,Seq2Trend,0.7783333333333333,0.7844444444444445,3.1255555555555556
UNISIM_IV_P14_Seq2Trend_trial_125,P14,3be8e42e12be7d44091cdaea5d07f1bf,125,15.540971350675775,3.245843083403108,Seq2Trend,Normal,False,0.99,300,300,20,20,16,0.005,0.6,0.1,median,True,"[0.25, 0.5, 0.75]",False,P50,,False,42,1,pressure_ensemble,6,,default_group,UNISIM_IV_P14_Seq2Trend,UNISIM_IV,Seq2Trend,0.8572222222222222,0.8683333333333333,3.451111111111111
UNISIM_IV_P14_Seq2Trend_trial_89,P14,f9c27401d37ed61e0e904d092058ee27,89,14.019469828973186,2.914304932064559,Seq2Trend,Normal,False,0.5,300,300,20,20,8,0.005,0.6,0.1,median,True,"[0.25, 0.5, 0.75]",False,P50,,False,42,1,arps,3,,default_group,UNISIM_IV_P14_Seq2Trend,UNISIM_IV,Seq2Trend,0.8380555555555556,0.8508333333333333,3.3777777777777778
UNISIM_IV_P14_Seq2Trend_trial_22,P14,54dbcd52c76cbcc00ae7275da01d613b,22,14.591531483125516,3.1962186074819057,Seq2Trend,Normal,False,0.01,300,300,50,20,16,0.01,0.6,0.1,median,True,"[0.25, 0.5, 0.75]",False,P50,,False,42,1,exponential,8,,default_group,UNISIM_IV_P14_Seq2Trend,UNISIM_IV,Seq2Trend,0.8527777777777777,0.8588888888888889,3.4233333333333333
UNISIM_IV_P14_Seq2Trend_trial_43,P14,4b9ef0a88c3b8b48928ee26cf19b0431,43,22.10956187126001,4.675370796186564,Seq2Trend,Normal,False,0.99,300,300,100,20,16,0.005,0.6,0.1,median,True,"[0.25, 0.5, 0.75]",False,P50,,False,42,1,pressure_ensemble,6,,default_group,UNISIM_IV_P14_Seq2Trend,UNISIM_IV,Seq2Trend,0.9386111111111111,0.9402777777777778,3.7577777777777777
UNISIM_IV_P14_Seq2Trend_trial_62,P14,b3bec71b5e547a4e6dc27cd8a661c7ec,62,13.561426506986797,2.836386852039624,Seq2Trend,Normal,False,0.99,300,300,50,20,16,0.001,0.6,0.1,median,True,"[0.25, 0.5, 0.75]",False,P50,,False,42,1,arps,5,,default_group,UNISIM_IV_P14_Seq2Trend,UNISIM_IV,Seq2Trend,0.8316666666666667,0.8427777777777777,3.348888888888889
UNISIM_IV_P14_Seq2Trend_trial_144,P14,3ed6da8fd9742e803105971e79b745eb,144,14.607148355869892,3.111465408803036,Seq2Trend,Normal,False,0.25,300,300,50,20,8,0.01,0.6,0.1,median,True,"[0.25, 0.5, 0.75]",False,P50,,False,42,1,pressure_ensemble,4,,default_group,UNISIM_IV_P14_Seq2Trend,UNISIM_IV,Seq2Trend,0.8488888888888889,0.8605555555555555,3.4188888888888886
UNISIM_IV_P14_Seq2Trend_trial_12,P14,f4df07653f65dc3fc46f2e1eae893480,12,14.032671679356415,2.904151830410847,Seq2Trend,Normal,False,0.25,300,300,200,20,8,0.001,0.6,0.1,median,True,"[0.25, 0.5, 0.75]",False,P50,,False,42,1,pressure_ensemble,5,,default_group,UNISIM_IV_P14_Seq2Trend,UNISIM_IV,Seq2Trend,0.8372222222222222,0.8516666666666667,3.3777777777777778
UNISIM_IV_P14_Seq2Trend_trial_88,P14,5f21783d00e5677ac30342b67406d2a0,88,49.69875656979016,9.983941024742778,Seq2Trend,Normal,False,0.99,300,300,200,20,8,0.05,0.6,0.1,median,True,"[0.25, 0.5, 0.75]",False,P50,,False,42,1,static,3,,default_group,UNISIM_IV_P14_Seq2Trend,UNISIM_IV,Seq2Trend,0.9688888888888889,0.9688888888888889,3.8755555555555556
UNISIM_IV_P14_Seq2Trend_trial_46,P14,bc3f957727080c803b68fac1d2724e22,46,14.177454797220228,2.945502439526334,Seq2Trend,Normal,False,0.25,300,300,200,20,8,0.001,0.6,0.1,median,True,"[0.25, 0.5, 0.75]",False,P50,,False,42,1,combined_exp_arps,3,,default_group,UNISIM_IV_P14_Seq2Trend,UNISIM_IV,Seq2Trend,0.8394444444444444,0.8533333333333334,3.3855555555555554
UNISIM_IV_P14_Seq2Trend_trial_146,P14,8082d6751f5debc51407751a9599ca62,146,30.90484239209133,6.488042024735044,Seq2Trend,Normal,False,0.5,300,300,200,20,8,0.05,0.6,0.1,median,True,"[0.25, 0.5, 0.75]",False,P50,,False,42,1,exponential,6,,default_group,UNISIM_IV_P14_Seq2Trend,UNISIM_IV,Seq2Trend,0.9541666666666667,0.9558333333333333,3.8200000000000003
UNISIM_IV_P14_Seq2Trend_trial_50,P14,f26ae9865d092c8d4cb58b9bb834075d,50,20.50761384626679,4.377302401635951,Seq2Trend,Normal,False,0.25,300,300,200,20,16,0.01,0.6,0.1,median,True,"[0.25, 0.5, 0.75]",False,P50,,False,42,1,combined_exp_arps,6,,default_group,UNISIM_IV_P14_Seq2Trend,UNISIM_IV,Seq2Trend,0.9308333333333333,0.9352777777777778,3.732222222222222
UNISIM_IV_P14_Seq2Trend_trial_143,P14,edbfee36e81bbe1d23189e291aaf8dbc,143,18.84547830288064,4.012656374898748,Seq2Trend,Normal,False,0.5,300,300,100,20,8,0.005,0.6,0.1,median,True,"[0.25, 0.5, 0.75]",False,P50,,False,42,1,exponential,8,,default_group,UNISIM_IV_P14_Seq2Trend,UNISIM_IV,Seq2Trend,0.8919444444444444,0.8969444444444444,3.5777777777777775
UNISIM_IV_P14_Seq2Trend_trial_80,P14,64450b5c6e0ed287fadb1fa475aeb877,80,16.725207696862,3.777458783242471,Seq2Trend,Normal,False,0.01,300,300,100,20,8,0.005,0.6,0.1,median,True,"[0.25, 0.5, 0.75]",False,P50,,False,42,1,exponential,4,,default_group,UNISIM_IV_P14_Seq2Trend,UNISIM_IV,Seq2Trend,0.8813888888888889,0.8841666666666667,3.531111111111111
UNISIM_IV_P14_Seq2Trend_trial_36,P14,7375f7b898ad2475494f8199735a99d8,36,8.607504175288252,2.0366567812457106,Seq2Trend,Normal,False,0.01,300,300,200,20,16,0.001,0.6,0.1,median,True,"[0.25, 0.5, 0.75]",False,P50,,False,42,1,static,4,,default_group,UNISIM_IV_P14_Seq2Trend,UNISIM_IV,Seq2Trend,0.795,0.7777777777777778,3.1455555555555557
UNISIM_IV_P14_Seq2Trend_trial_78,P14,dbeba0ae9751f6c3c06bb65513408db3,78,6.673173353127418,0.7032999323498816,Seq2Trend,Normal,False,0.01,300,300,100,20,16,0.001,0.6,0.1,median,True,"[0.25, 0.5, 0.75]",False,P50,,False,42,1,arps,6,,default_group,UNISIM_IV_P14_Seq2Trend,UNISIM_IV,Seq2Trend,0.5488888888888889,0.6255555555555555,2.348888888888889
UNISIM_IV_P14_Seq2Trend_trial_129,P14,364b7981738b7df070513de3c3d8d14e,129,12.966461664891249,2.6644334391529085,Seq2Trend,Normal,False,0.25,300,300,100,20,8,0.001,0.6,0.1,median,True,"[0.25, 0.5, 0.75]",False,P50,,False,42,1,pressure_ensemble,2,,default_group,UNISIM_IV_P14_Seq2Trend,UNISIM_IV,Seq2Trend,0.8233333333333334,0.835,3.3166666666666664
UNISIM_IV_P14_Seq2Trend_trial_35,P14,6acc1f208f4b26c7af76b6dd25d5f540,35,17.048293708945216,3.6300943772764778,Seq2Trend,Normal,False,0.25,300,300,200,20,16,0.005,0.6,0.1,median,True,"[0.25, 0.5, 0.75]",False,P50,,False,42,1,exponential,5,,default_group,UNISIM_IV_P14_Seq2Trend,UNISIM_IV,Seq2Trend,0.8741666666666666,0.8869444444444444,3.522222222222222
UNISIM_IV_P14_Seq2Trend_trial_133,P14,d9a1ae25ef8de1d608f251b5895c2ec7,133,42.96522874473947,8.784141085443236,Seq2Trend,Normal,False,0.99,300,300,200,20,8,0.05,0.6,0.1,median,True,"[0.25, 0.5, 0.75]",False,P50,,False,42,1,combined_exp_arps,3,,default_group,UNISIM_IV_P14_Seq2Trend,UNISIM_IV,Seq2Trend,0.9661111111111111,0.9661111111111111,3.8644444444444446
UNISIM_IV_P14_Seq2Trend_trial_118,P14,362ee16ac846ad85667d42ad8aaa4c03,118,52.495761720229375,10.446696250896585,Seq2Trend,Normal,False,0.99,300,300,200,20,8,0.01,0.6,0.1,median,True,"[0.25, 0.5, 0.75]",False,P50,,False,42,1,pressure_ensemble,8,,default_group,UNISIM_IV_P14_Seq2Trend,UNISIM_IV,Seq2Trend,0.9694444444444444,0.9694444444444444,3.8777777777777778
UNISIM_IV_P14_Seq2Trend_trial_138,P14,68f21fdadbd886c6a2c768b8b8b4c0fa,138,16.44517311994653,3.466372801835836,Seq2Trend,Normal,False,0.25,300,300,200,20,16,0.005,0.6,0.1,median,True,"[0.25, 0.5, 0.75]",False,P50,,False,42,1,static,4,,default_group,UNISIM_IV_P14_Seq2Trend,UNISIM_IV,Seq2Trend,0.8638888888888889,0.8816666666666667,3.4911111111111115
UNISIM_IV_P14_Seq2Trend_trial_60,P14,26454576d4568f222e8ce7e03014e604,60,10.61492215931328,2.520809974237639,Seq2Trend,Normal,False,0.01,300,300,100,20,8,0.001,0.6,0.1,median,True,"[0.25, 0.5, 0.75]",False,P50,,False,42,1,exponential,5,,default_group,UNISIM_IV_P14_Seq2Trend,UNISIM_IV,Seq2Trend,0.8161111111111111,0.8072222222222222,3.2466666666666666
UNISIM_IV_P14_Seq2Trend_trial_123,P14,b3b7746574d1b0eb6dd81c5145f79f3c,123,17.053548361273936,3.6273625412194166,Seq2Trend,Normal,False,0.5,300,300,50,20,8,0.01,0.6,0.1,median,True,"[0.25, 0.5, 0.75]",False,P50,,False,42,1,arps,3,,default_group,UNISIM_IV_P14_Seq2Trend,UNISIM_IV,Seq2Trend,0.8725,0.8886111111111111,3.522222222222222
UNISIM_IV_P14_Seq2Trend_trial_106,P14,9fe26d77b0d0d2530f02d952a1ae6b2f,106,17.764131873060304,3.782335424799253,Seq2Trend,Normal,False,0.25,300,300,100,20,8,0.01,0.6,0.1,median,True,"[0.25, 0.5, 0.75]",False,P50,,False,42,1,combined_exp_arps,6,,default_group,UNISIM_IV_P14_Seq2Trend,UNISIM_IV,Seq2Trend,0.8825,0.8930555555555556,3.551111111111111
UNISIM_IV_P14_Seq2Trend_trial_32,P14,0de0ad1e81a918940000aaae4f7e3057,32,17.053548361273936,3.6273625412194166,Seq2Trend,Normal,False,0.5,300,300,50,20,8,0.01,0.6,0.1,median,True,"[0.25, 0.5, 0.75]",False,P50,,False,42,1,arps,6,,default_group,UNISIM_IV_P14_Seq2Trend,UNISIM_IV,Seq2Trend,0.8725,0.8886111111111111,3.522222222222222
UNISIM_IV_P14_Seq2Trend_trial_70,P14,f0fd6d138b40bcdd36da4940270bee2f,70,7.633585521373007,0.9312905322046476,Seq2Trend,Normal,False,0.01,300,300,20,20,16,0.001,0.6,0.1,median,True,"[0.25, 0.5, 0.75]",False,P50,,False,42,1,pressure_ensemble,3,,default_group,UNISIM_IV_P14_Seq2Trend,UNISIM_IV,Seq2Trend,0.615,0.7016666666666667,2.6333333333333333
UNISIM_IV_P14_Seq2Trend_trial_134,P14,1b9cf3e7fe3b6dfba89b3a6d963c878f,134,15.353803726887422,3.217963127445405,Seq2Trend,Normal,False,0.25,300,300,100,20,16,0.01,0.6,0.1,median,True,"[0.25, 0.5, 0.75]",False,P50,,False,42,1,combined_exp_arps,6,,default_group,UNISIM_IV_P14_Seq2Trend,UNISIM_IV,Seq2Trend,0.8544444444444445,0.865,3.438888888888889
UNISIM_IV_P14_Seq2Trend_trial_3,P14,dde4d2b2619a59ea0b6315c5bce59178,3,26.945202390438283,5.756871232822096,Seq2Trend,Normal,False,0.25,300,300,200,20,8,0.01,0.6,0.1,median,True,"[0.25, 0.5, 0.75]",False,P50,,False,42,1,arps,3,,default_group,UNISIM_IV_P14_Seq2Trend,UNISIM_IV,Seq2Trend,0.95,0.9516666666666667,3.8033333333333332
UNISIM_IV_P14_Seq2Trend_trial_128,P14,f1c2b2b4dac3418b9f9b5970763d6e6b,128,19.86397254203921,4.427768626008271,Seq2Trend,Normal,False,0.01,300,300,200,20,16,0.01,0.6,0.1,median,True,"[0.25, 0.5, 0.75]",False,P50,,False,42,1,static,7,,default_group,UNISIM_IV_P14_Seq2Trend,UNISIM_IV,Seq2Trend,0.9325,0.9025,3.67
UNISIM_IV_P14_Seq2Trend_trial_45,P14,2c6a450535bc8bc6f5c87a8fe236e837,45,18.55955337563725,3.944741199499312,Seq2Trend,Normal,False,0.99,300,300,20,20,8,0.005,0.6,0.1,median,True,"[0.25, 0.5, 0.75]",False,P50,,False,42,1,exponential,3,,default_group,UNISIM_IV_P14_Seq2Trend,UNISIM_IV,Seq2Trend,0.8894444444444445,0.8961111111111111,3.571111111111111
UNISIM_IV_P14_Seq2Trend_trial_83,P14,ea42bad493c850ec362cda1802f20dda,83,43.11357633061288,8.795089303066408,Seq2Trend,Normal,False,0.25,300,300,200,20,8,0.05,0.6,0.1,median,True,"[0.25, 0.5, 0.75]",False,P50,,False,42,1,exponential,3,,default_group,UNISIM_IV_P14_Seq2Trend,UNISIM_IV,Seq2Trend,0.9666666666666667,0.9666666666666667,3.8666666666666667
UNISIM_IV_P14_Seq2Trend_trial_119,P14,24700fabd3e2a5b67d50320feaf7abfc,119,5.941775039365679,0.8258556059329215,Seq2Trend,Normal,False,0.01,300,300,20,20,16,0.01,0.6,0.1,median,True,"[0.25, 0.5, 0.75]",False,P50,,False,42,1,exponential,2,,default_group,UNISIM_IV_P14_Seq2Trend,UNISIM_IV,Seq2Trend,0.5858333333333333,0.4075,1.9866666666666666
UNISIM_IV_P14_Seq2Trend_trial_68,P14,47f016f2458e2167a3b832475275de62,68,17.048293708945216,3.6300943772764778,Seq2Trend,Normal,False,0.25,300,300,200,20,16,0.005,0.6,0.1,median,True,"[0.25, 0.5, 0.75]",False,P50,,False,42,1,exponential,3,,default_group,UNISIM_IV_P14_Seq2Trend,UNISIM_IV,Seq2Trend,0.8741666666666666,0.8869444444444444,3.522222222222222
UNISIM_IV_P14_Seq2Trend_trial_44,P14,8bf47de8c496c39d6dae81b5dc94a56e,44,36.7429341227368,7.625001966721477,Seq2Trend,Normal,False,0.5,300,300,100,20,8,0.05,0.6,0.1,median,True,"[0.25, 0.5, 0.75]",False,P50,,False,42,1,arps,5,,default_group,UNISIM_IV_P14_Seq2Trend,UNISIM_IV,Seq2Trend,0.9597222222222223,0.9608333333333333,3.841111111111111
UNISIM_IV_P14_Seq2Trend_trial_94,P14,ea0f1686d3f7f8d87e94593ca32dcc69,94,19.48970097901924,4.163437670192006,Seq2Trend,Normal,False,0.5,300,300,200,20,16,0.005,0.6,0.1,median,True,"[0.25, 0.5, 0.75]",False,P50,,False,42,1,combined_exp_arps,5,,default_group,UNISIM_IV_P14_Seq2Trend,UNISIM_IV,Seq2Trend,0.8966666666666666,0.9011111111111111,3.5955555555555554
UNISIM_IV_P14_Seq2Trend_trial_31,P14,8278b6d3fd6ed57a1e678bb74e4d9961,31,6.058788015627363,0.2331639574867312,Seq2Trend,Normal,False,0.01,300,300,50,20,8,0.05,0.6,0.1,median,True,"[0.25, 0.5, 0.75]",False,P50,,False,42,1,static,8,,default_group,UNISIM_IV_P14_Seq2Trend,UNISIM_IV,Seq2Trend,0.14888888888888888,0.45611111111111113,1.21
UNISIM_IV_P14_Seq2Trend_trial_81,P14,63ecfe642792967052934120e201321b,81,42.91305605325505,8.764397485133507,Seq2Trend,Normal,False,0.25,300,300,200,20,16,0.05,0.6,0.1,median,True,"[0.25, 0.5, 0.75]",False,P50,,False,42,1,exponential,6,,default_group,UNISIM_IV_P14_Seq2Trend,UNISIM_IV,Seq2Trend,0.9655555555555555,0.9655555555555555,3.862222222222222
UNISIM_IV_P14_Seq2Trend_trial_34,P14,f65fcf8c801285c7eebfb9c21c1a6957,34,15.601727405446344,3.2627885266118226,Seq2Trend,Normal,False,0.5,300,300,50,20,8,0.005,0.6,0.1,median,True,"[0.25, 0.5, 0.75]",False,P50,,False,42,1,pressure_ensemble,2,,default_group,UNISIM_IV_P14_Seq2Trend,UNISIM_IV,Seq2Trend,0.8583333333333333,0.8705555555555555,3.4577777777777774
UNISIM_IV_P14_Seq2Trend_trial_104,P14,a419a86edb2d906186283344b5d8dd9d,104,12.624768801133843,2.600607992969372,Seq2Trend,Normal,False,0.5,300,300,20,20,16,0.005,0.6,0.1,median,True,"[0.25, 0.5, 0.75]",False,P50,,False,42,1,arps,7,,default_group,UNISIM_IV_P14_Seq2Trend,UNISIM_IV,Seq2Trend,0.8186111111111111,0.8297222222222222,3.296666666666667
UNISIM_IV_P14_Seq2Trend_trial_87,P14,3b4e5fdf49c1e2d1a0a063aade9dc31f,87,15.04249997221936,3.1591042345731464,Seq2Trend,Normal,False,0.25,300,300,20,20,16,0.001,0.6,0.1,median,True,"[0.25, 0.5, 0.75]",False,P50,,False,42,1,pressure_ensemble,2,,default_group,UNISIM_IV_P14_Seq2Trend,UNISIM_IV,Seq2Trend,0.8505555555555555,0.8627777777777778,3.4266666666666667
UNISIM_IV_P14_Seq2Trend_trial_130,P14,3e49db6a5af5d5aca97ec9006a4b553d,130,14.006577450903452,3.217373277550353,Seq2Trend,Normal,False,0.01,300,300,200,20,16,0.005,0.6,0.1,median,True,"[0.25, 0.5, 0.75]",False,P50,,False,42,1,combined_exp_arps,3,,default_group,UNISIM_IV_P14_Seq2Trend,UNISIM_IV,Seq2Trend,0.8538888888888889,0.85,3.4077777777777776
UNISIM_IV_P14_Seq2Trend_trial_103,P14,f09ff6cc3e10b3c1b0a328db58e3e53d,103,13.83554685031821,2.8999433335441966,Seq2Trend,Normal,False,0.5,300,300,50,20,16,0.001,0.6,0.1,median,True,"[0.25, 0.5, 0.75]",False,P50,,False,42,1,arps,6,,default_group,UNISIM_IV_P14_Seq2Trend,UNISIM_IV,Seq2Trend,0.8361111111111111,0.8461111111111111,3.3644444444444446
UNISIM_IV_P14_Seq2Trend_trial_58,P14,5609f4a538fc3d1be3300b87d5e481a4,58,15.523548012216578,3.5272385386386573,Seq2Trend,Normal,False,0.01,300,300,100,20,16,0.01,0.6,0.1,median,True,"[0.25, 0.5, 0.75]",False,P50,,False,42,1,pressure_ensemble,3,,default_group,UNISIM_IV_P14_Seq2Trend,UNISIM_IV,Seq2Trend,0.8666666666666667,0.8677777777777778,3.468888888888889
UNISIM_IV_P14_Seq2Trend_trial_19,P14,a554403fb733c9d4b7d1ac62aca2775e,19,36.7429341227368,7.625001966721477,Seq2Trend,Normal,False,0.5,300,300,100,20,8,0.05,0.6,0.1,median,True,"[0.25, 0.5, 0.75]",False,P50,,False,42,1,arps,5,,default_group,UNISIM_IV_P14_Seq2Trend,UNISIM_IV,Seq2Trend,0.9597222222222223,0.9608333333333333,3.841111111111111
UNISIM_IV_P14_Seq2Trend_trial_72,P14,0f34a85e9589257f025a04207aeeb20b,72,15.28234135604882,3.2298311835498743,Seq2Trend,Normal,False,0.25,300,300,100,20,16,0.01,0.6,0.1,median,True,"[0.25, 0.5, 0.75]",False,P50,,False,42,1,static,5,,default_group,UNISIM_IV_P14_Seq2Trend,UNISIM_IV,Seq2Trend,0.8561111111111112,0.8644444444444445,3.4411111111111112
UNISIM_IV_P14_Seq2Trend_trial_66,P14,798fbac37624edd0c1e592a4be32dfc8,66,21.92463474747419,4.655657365541948,Seq2Trend,Normal,False,0.99,300,300,100,20,16,0.005,0.6,0.1,median,True,"[0.25, 0.5, 0.75]",False,P50,,False,42,1,arps,2,,default_group,UNISIM_IV_P14_Seq2Trend,UNISIM_IV,Seq2Trend,0.9375,0.9391666666666667,3.7533333333333334
UNISIM_IV_P14_Seq2Trend_trial_41,P14,865dfc61ce68c1f2f455c87476c7724c,41,12.831763503963836,2.6508281638819,Seq2Trend,Normal,False,0.5,300,300,100,20,16,0.001,0.6,0.1,median,True,"[0.25, 0.5, 0.75]",False,P50,,False,42,1,pressure_ensemble,3,,default_group,UNISIM_IV_P14_Seq2Trend,UNISIM_IV,Seq2Trend,0.8227777777777778,0.8344444444444444,3.3144444444444447
UNISIM_IV_P14_Seq2Trend_trial_127,P14,b31d1ddf6ab55f8c2020137cd77179f7,127,22.42892346642203,3.634554449221635,Seq2Trend,Normal,False,0.99,300,300,100,20,8,0.05,0.6,0.1,median,True,"[0.25, 0.5, 0.75]",False,P50,,False,42,1,static,4,,default_group,UNISIM_IV_P14_Seq2Trend,UNISIM_IV,Seq2Trend,0.875,0.9438888888888889,3.637777777777778
UNISIM_IV_P14_Seq2Trend_trial_16,P14,deb8879403bf11fa973ac0eff638d6b8,16,41.14310124893393,8.45414310138519,Seq2Trend,Normal,False,0.99,300,300,200,20,16,0.01,0.6,0.1,median,True,"[0.25, 0.5, 0.75]",False,P50,,False,42,1,arps,7,,default_group,UNISIM_IV_P14_Seq2Trend,UNISIM_IV,Seq2Trend,0.9644444444444444,0.965,3.858888888888889
UNISIM_IV_P14_Seq2Trend_trial_116,P14,483076086aa25113cc19bb74104f770b,116,12.77189568281604,2.641582853724982,Seq2Trend,Normal,False,0.5,300,300,200,20,16,0.001,0.6,0.1,median,True,"[0.25, 0.5, 0.75]",False,P50,,False,42,1,arps,2,,default_group,UNISIM_IV_P14_Seq2Trend,UNISIM_IV,Seq2Trend,0.8216666666666667,0.8322222222222222,3.307777777777778
UNISIM_IV_P14_Seq2Trend_trial_111,P14,497c211f06a49a7291fbc0d7b69da28a,111,17.332136908823802,3.60773106239561,Seq2Trend,Normal,False,0.25,300,300,20,20,16,0.05,0.6,0.1,median,True,"[0.25, 0.5, 0.75]",False,P50,,False,42,1,static,4,,default_group,UNISIM_IV_P14_Seq2Trend,UNISIM_IV,Seq2Trend,0.8716666666666667,0.8905555555555555,3.5244444444444447
UNISIM_IV_P14_Seq2Trend_trial_132,P14,f214e3856d90bcd0d261381dcb790dc6,132,5.941775039365679,0.8258556059329215,Seq2Trend,Normal,False,0.01,300,300,20,20,16,0.01,0.6,0.1,median,True,"[0.25, 0.5, 0.75]",False,P50,,False,42,1,exponential,8,,default_group,UNISIM_IV_P14_Seq2Trend,UNISIM_IV,Seq2Trend,0.5858333333333333,0.4075,1.9866666666666666
UNISIM_IV_P14_Seq2Trend_trial_95,P14,98a67204255a26fa69e1aaf1b65aedee,95,15.593129152487814,3.415517927797947,Seq2Trend,Normal,False,0.01,300,300,100,20,8,0.01,0.6,0.1,median,True,"[0.25, 0.5, 0.75]",False,P50,,False,42,1,combined_exp_arps,3,,default_group,UNISIM_IV_P14_Seq2Trend,UNISIM_IV,Seq2Trend,0.8608333333333333,0.8697222222222222,3.4611111111111112
UNISIM_IV_P14_Seq2Trend_trial_79,P14,e38cb63edb33f50bb34309e9c4229361,79,20.0437602348238,4.211958548960337,Seq2Trend,Normal,False,0.99,300,300,100,20,8,0.001,0.6,0.1,median,True,"[0.25, 0.5, 0.75]",False,P50,,False,42,1,exponential,7,,default_group,UNISIM_IV_P14_Seq2Trend,UNISIM_IV,Seq2Trend,0.8983333333333333,0.9322222222222222,3.661111111111111
UNISIM_IV_P14_Seq2Trend_trial_109,P14,076cb91a6cb118b192ec6e70873c7f60,109,5.648075347130242,0.0597091687539024,Seq2Trend,Normal,False,0.01,300,300,50,20,16,0.001,0.6,0.1,median,True,"[0.25, 0.5, 0.75]",False,P50,,False,42,1,pressure_ensemble,6,,default_group,UNISIM_IV_P14_Seq2Trend,UNISIM_IV,Seq2Trend,0.0005555555555555556,0.2961111111111111,0.5933333333333333
UNISIM_IV_P14_Seq2Trend_trial_135,P14,7951008869ec710ffba05af1931598da,135,16.447857113600755,3.461759750750115,Seq2Trend,Normal,False,0.25,300,300,200,20,16,0.005,0.6,0.1,median,True,"[0.25, 0.5, 0.75]",False,P50,,False,42,1,arps,7,,default_group,UNISIM_IV_P14_Seq2Trend,UNISIM_IV,Seq2Trend,0.8633333333333333,0.8822222222222222,3.491111111111111
UNISIM_IV_P14_Seq2Trend_trial_57,P14,ef53c795c475e4eec2e2ccfd0e891547,57,15.875004204540854,3.444402690094611,Seq2Trend,Normal,False,0.01,300,300,50,20,16,0.01,0.6,0.1,median,True,"[0.25, 0.5, 0.75]",False,P50,,False,42,1,pressure_ensemble,4,,default_group,UNISIM_IV_P14_Seq2Trend,UNISIM_IV,Seq2Trend,0.8619444444444444,0.8719444444444444,3.4677777777777776
UNISIM_IV_P14_Seq2Trend_trial_148,P14,39cbb3c5fa297a204287057d61c15c39,148,26.40168019198177,5.699521907493787,Seq2Trend,Normal,False,0.01,300,300,200,20,8,0.01,0.6,0.1,median,True,"[0.25, 0.5, 0.75]",False,P50,,False,42,1,arps,2,,default_group,UNISIM_IV_P14_Seq2Trend,UNISIM_IV,Seq2Trend,0.9477777777777778,0.95,3.7955555555555556
UNISIM_IV_P14_Seq2Trend_trial_39,P14,668ebaa374c5f3d21b82db7419a97b0c,39,20.208530550965907,4.290283362814259,Seq2Trend,Normal,False,0.25,300,300,100,20,8,0.01,0.6,0.1,median,True,"[0.25, 0.5, 0.75]",False,P50,,False,42,1,exponential,5,,default_group,UNISIM_IV_P14_Seq2Trend,UNISIM_IV,Seq2Trend,0.9277777777777778,0.9338888888888889,3.7233333333333336
UNISIM_IV_P14_Seq2Trend_trial_28,P14,5271efcb6d826c5ee5cee0292126ec4e,28,16.86797117871969,3.590541990949646,Seq2Trend,Normal,False,0.25,300,300,100,20,16,0.01,0.6,0.1,median,True,"[0.25, 0.5, 0.75]",False,P50,,False,42,1,pressure_ensemble,7,,default_group,UNISIM_IV_P14_Seq2Trend,UNISIM_IV,Seq2Trend,0.87,0.8855555555555555,3.511111111111111
UNISIM_IV_P14_Seq2Trend_trial_76,P14,bdba057186bc92129cb5fd790a91e008,76,37.11084409854045,7.674936159054881,Seq2Trend,Normal,False,0.5,300,300,50,20,8,0.05,0.6,0.1,median,True,"[0.25, 0.5, 0.75]",False,P50,,False,42,1,arps,8,,default_group,UNISIM_IV_P14_Seq2Trend,UNISIM_IV,Seq2Trend,0.9616666666666667,0.9622222222222222,3.847777777777778
UNISIM_IV_P14_Seq2Trend_trial_69,P14,d84ee86427858b892313a26bffd44726,69,11.066955547928812,1.996274326409738,Seq2Trend,Normal,False,0.99,300,300,200,20,16,0.001,0.6,0.1,median,True,"[0.25, 0.5, 0.75]",False,P50,,False,42,1,pressure_ensemble,8,,default_group,UNISIM_IV_P14_Seq2Trend,UNISIM_IV,Seq2Trend,0.7938888888888889,0.8122222222222222,3.212222222222222
UNISIM_IV_P14_Seq2Trend_trial_54,P14,2e5cb1314b6cc3ed7fd8b0998839f070,54,10.251775243255585,2.037200017808243,Seq2Trend,Normal,False,0.99,300,300,20,20,16,0.005,0.6,0.1,median,True,"[0.25, 0.5, 0.75]",False,P50,,False,42,1,arps,7,,default_group,UNISIM_IV_P14_Seq2Trend,UNISIM_IV,Seq2Trend,0.7958333333333333,0.8052777777777778,3.202222222222222
UNISIM_IV_P14_Seq2Trend_trial_102,P14,40738602e7994fb10ca716a9d104885e,102,15.875004204540854,3.444402690094611,Seq2Trend,Normal,False,0.01,300,300,50,20,16,0.01,0.6,0.1,median,True,"[0.25, 0.5, 0.75]",False,P50,,False,42,1,pressure_ensemble,3,,default_group,UNISIM_IV_P14_Seq2Trend,UNISIM_IV,Seq2Trend,0.8619444444444444,0.8719444444444444,3.4677777777777776
UNISIM_IV_P14_Seq2Trend_trial_29,P14,a743d20a3f7b68cd9fd14b1bce0c1f5e,29,17.373070658382346,3.6827483227976257,Seq2Trend,Normal,False,0.5,300,300,50,20,8,0.01,0.6,0.1,median,True,"[0.25, 0.5, 0.75]",False,P50,,False,42,1,exponential,8,,default_group,UNISIM_IV_P14_Seq2Trend,UNISIM_IV,Seq2Trend,0.8788888888888889,0.8911111111111111,3.54
UNISIM_IV_P14_Seq2Trend_trial_23,P14,342042b4aefc2bd53dc3f64c6a99919d,23,16.216907317721834,3.6055483820708094,Seq2Trend,Normal,False,0.01,300,300,50,20,8,0.005,0.6,0.1,median,True,"[0.25, 0.5, 0.75]",False,P50,,False,42,1,combined_exp_arps,8,,default_group,UNISIM_IV_P14_Seq2Trend,UNISIM_IV,Seq2Trend,0.8705555555555555,0.8766666666666667,3.4944444444444445
UNISIM_IV_P14_Seq2Trend_trial_120,P14,322636957d2dac8ef6ced0b19348f99a,120,13.13060136226572,2.749388389758254,Seq2Trend,Normal,False,0.25,300,300,20,20,16,0.01,0.6,0.1,median,True,"[0.25, 0.5, 0.75]",False,P50,,False,42,1,exponential,6,,default_group,UNISIM_IV_P14_Seq2Trend,UNISIM_IV,Seq2Trend,0.8272222222222222,0.8366666666666667,3.3277777777777775
UNISIM_IV_P14_Seq2Trend_trial_96,P14,12ca89bcc9a00a604795411766f083f7,96,13.874726592603857,2.8961100127651034,Seq2Trend,Normal,False,0.99,300,300,20,20,16,0.001,0.6,0.1,median,True,"[0.25, 0.5, 0.75]",False,P50,,False,42,1,static,5,,default_group,UNISIM_IV_P14_Seq2Trend,UNISIM_IV,Seq2Trend,0.8355555555555556,0.8477777777777777,3.3666666666666667
UNISIM_IV_P14_Seq2Trend_trial_93,P14,666e8a2735093cfd32c3c7c010c97988,93,15.430262388194588,3.5624952351976407,Seq2Trend,Normal,False,0.01,300,300,200,20,8,0.001,0.6,0.1,median,True,"[0.25, 0.5, 0.75]",False,P50,,False,42,1,arps,6,,default_group,UNISIM_IV_P14_Seq2Trend,UNISIM_IV,Seq2Trend,0.8686111111111111,0.8658333333333333,3.468888888888889
UNISIM_IV_P14_Seq2Trend_trial_105,P14,893fbb54311dd3d61d2a88e2b9beab09,105,5.76558624446447,0.3719247552538001,Seq2Trend,Normal,False,0.5,300,300,20,20,8,0.05,0.6,0.1,median,True,"[0.25, 0.5, 0.75]",False,P50,,False,42,1,combined_exp_arps,5,,default_group,UNISIM_IV_P14_Seq2Trend,UNISIM_IV,Seq2Trend,0.3011111111111111,0.30722222222222223,1.2166666666666668
UNISIM_IV_P14_Seq2Trend_trial_139,P14,7429ba0ff395fd75ee7b47afaf5e6dd4,139,14.18608712011746,2.9797328365248523,Seq2Trend,Normal,False,0.25,300,300,50,20,16,0.01,0.6,0.1,median,True,"[0.25, 0.5, 0.75]",False,P50,,False,42,1,pressure_ensemble,4,,default_group,UNISIM_IV_P14_Seq2Trend,UNISIM_IV,Seq2Trend,0.8416666666666667,0.8538888888888889,3.391111111111111
UNISIM_IV_P14_Seq2Trend_trial_55,P14,afbebbe20b3cd61eec0ba02426f957aa,55,35.55219156278014,7.378077607754554,Seq2Trend,Normal,False,0.99,300,300,200,20,8,0.005,0.6,0.1,median,True,"[0.25, 0.5, 0.75]",False,P50,,False,42,1,arps,7,,default_group,UNISIM_IV_P14_Seq2Trend,UNISIM_IV,Seq2Trend,0.9588888888888889,0.96,3.8377777777777777
UNISIM_IV_P14_Seq2Trend_trial_64,P14,fa2e9b78dd10be8e00a0f839b18cc583,64,49.394934834664106,9.848036089821726,Seq2Trend,Normal,False,0.99,300,300,100,20,8,0.05,0.6,0.1,median,True,"[0.25, 0.5, 0.75]",False,P50,,False,42,1,exponential,6,,default_group,UNISIM_IV_P14_Seq2Trend,UNISIM_IV,Seq2Trend,0.9680555555555556,0.9680555555555556,3.8722222222222222
UNISIM_IV_P14_Seq2Trend_trial_140,P14,e53d69de7cc153bac29256e7910aa58b,140,48.05213001604755,9.77193765881398,Seq2Trend,Normal,False,0.99,300,300,200,20,16,0.05,0.6,0.1,median,True,"[0.25, 0.5, 0.75]",False,P50,,False,42,1,exponential,6,,default_group,UNISIM_IV_P14_Seq2Trend,UNISIM_IV,Seq2Trend,0.9672222222222222,0.9672222222222222,3.868888888888889
UNISIM_IV_P14_Seq2Trend_trial_1,P14,ac64ae96bfb9c47ab1b8c1dff9641dff,1,25.866107504488184,5.491222998177174,Seq2Trend,Normal,False,0.99,300,300,20,20,16,0.05,0.6,0.1,median,True,"[0.25, 0.5, 0.75]",False,P50,,False,42,1,combined_exp_arps,6,,default_group,UNISIM_IV_P14_Seq2Trend,UNISIM_IV,Seq2Trend,0.9444444444444444,0.9494444444444444,3.7877777777777775
UNISIM_IV_P14_Seq2Trend_trial_51,P14,d48a6b6fa1dd94a33f80f144104f8b20,51,14.424202200984611,2.990703257901204,Seq2Trend,Normal,False,0.25,300,300,20,20,8,0.01,0.6,0.1,median,True,"[0.25, 0.5, 0.75]",False,P50,,False,42,1,exponential,4,,default_group,UNISIM_IV_P14_Seq2Trend,UNISIM_IV,Seq2Trend,0.8430555555555556,0.8569444444444444,3.4
UNISIM_IV_P14_Seq2Trend_trial_101,P14,bec2eb3c58644e9a6cec838dc06155a6,101,14.354172620975763,2.9607274372781074,Seq2Trend,Normal,False,0.5,300,300,50,20,16,0.005,0.6,0.1,median,True,"[0.25, 0.5, 0.75]",False,P50,,False,42,1,pressure_ensemble,7,,default_group,UNISIM_IV_P14_Seq2Trend,UNISIM_IV,Seq2Trend,0.8405555555555555,0.8555555555555555,3.3922222222222222
UNISIM_IV_P14_Seq2Trend_trial_7,P14,bb24b15119332dbb3c1613e8507f9930,7,20.190303733907196,4.4681381773941,Seq2Trend,Normal,False,0.01,300,300,200,20,8,0.005,0.6,0.1,median,True,"[0.25, 0.5, 0.75]",False,P50,,False,42,1,arps,4,,default_group,UNISIM_IV_P14_Seq2Trend,UNISIM_IV,Seq2Trend,0.9341666666666667,0.9330555555555555,3.7344444444444447
UNISIM_IV_P14_Seq2Trend_trial_112,P14,a25d94e39f4cb7a987dad7d32a4ec9ae,112,27.358545708323163,5.7200083058429145,Seq2Trend,Normal,False,0.5,300,300,200,20,16,0.01,0.6,0.1,median,True,"[0.25, 0.5, 0.75]",False,P50,,False,42,1,arps,7,,default_group,UNISIM_IV_P14_Seq2Trend,UNISIM_IV,Seq2Trend,0.9483333333333334,0.9522222222222222,3.801111111111111
UNISIM_IV_P14_Seq2Trend_trial_11,P14,3680e5cd8a37b2be04ecdc1c3000d88a,11,22.37485036867216,4.77035420155995,Seq2Trend,Normal,False,0.25,300,300,50,20,8,0.05,0.6,0.1,median,True,"[0.25, 0.5, 0.75]",False,P50,,False,42,1,exponential,2,,default_group,UNISIM_IV_P14_Seq2Trend,UNISIM_IV,Seq2Trend,0.94,0.9433333333333334,3.7666666666666666
UNISIM_IV_P14_Seq2Trend_trial_91,P14,8062cbada9b542fc7eda4fa8da38b946,91,13.135208857777696,2.695806888974993,Seq2Trend,Normal,False,0.5,300,300,100,20,8,0.001,0.6,0.1,median,True,"[0.25, 0.5, 0.75]",False,P50,,False,42,1,exponential,4,,default_group,UNISIM_IV_P14_Seq2Trend,UNISIM_IV,Seq2Trend,0.8266666666666667,0.8372222222222222,3.3277777777777775
UNISIM_IV_P14_Seq2Trend_trial_10,P14,548dda70f71fa87c667e3c7f74d26964,10,18.347458933947504,3.925846585888265,Seq2Trend,Normal,False,0.5,300,300,100,20,16,0.01,0.6,0.1,median,True,"[0.25, 0.5, 0.75]",False,P50,,False,42,1,exponential,5,,default_group,UNISIM_IV_P14_Seq2Trend,UNISIM_IV,Seq2Trend,0.8877777777777778,0.895,3.5655555555555556
UNISIM_IV_P14_Seq2Trend_trial_48,P14,dcee0782150dbad9fa088aa252abbac1,48,16.888111332261534,3.67801300028889,Seq2Trend,Normal,False,0.01,300,300,50,20,8,0.01,0.6,0.1,median,True,"[0.25, 0.5, 0.75]",False,P50,,False,42,1,static,6,,default_group,UNISIM_IV_P14_Seq2Trend,UNISIM_IV,Seq2Trend,0.8783333333333333,0.8861111111111111,3.528888888888889
UNISIM_IV_P14_Seq2Trend_trial_124,P14,e978f17acaa4788b97ddb00d2e1d8fbf,124,13.823062370505216,2.9010178937119218,Seq2Trend,Normal,False,0.5,300,300,50,20,8,0.001,0.6,0.1,median,True,"[0.25, 0.5, 0.75]",False,P50,,False,42,1,exponential,3,,default_group,UNISIM_IV_P14_Seq2Trend,UNISIM_IV,Seq2Trend,0.8366666666666667,0.8455555555555555,3.3644444444444446
UNISIM_IV_P14_Seq2Trend_trial_110,P14,cf2da5c499e76b027e0b4e8ac78fe7c9,110,15.8630086334391,3.354481649653648,Seq2Trend,Normal,False,0.25,300,300,100,20,16,0.01,0.6,0.1,median,True,"[0.25, 0.5, 0.75]",False,P50,,False,42,1,arps,3,,default_group,UNISIM_IV_P14_Seq2Trend,UNISIM_IV,Seq2Trend,0.8588888888888889,0.8711111111111111,3.46
UNISIM_IV_P14_Seq2Trend_trial_61,P14,7ee53eafdf07cf10ae7a74b6ebf599c4,61,16.182250679672396,3.3682432448919544,Seq2Trend,Normal,False,0.5,300,300,100,20,16,0.005,0.6,0.1,median,True,"[0.25, 0.5, 0.75]",False,P50,,False,42,1,exponential,7,,default_group,UNISIM_IV_P14_Seq2Trend,UNISIM_IV,Seq2Trend,0.8594444444444445,0.875,3.468888888888889
UNISIM_IV_P14_Seq2Trend_trial_14,P14,26bed811183c7d84dad3b82e970e1395,14,8.358898855774116,1.9016297353943143,Seq2Trend,Normal,False,0.01,300,300,50,20,16,0.005,0.6,0.1,median,True,"[0.25, 0.5, 0.75]",False,P50,,False,42,1,exponential,4,,default_group,UNISIM_IV_P14_Seq2Trend,UNISIM_IV,Seq2Trend,0.7866666666666666,0.7716666666666666,3.1166666666666663
UNISIM_IV_P14_Seq2Trend_trial_121,P14,9be27eef864f7e88e5d74d5e18ce64ec,121,13.199857521936526,2.7817097670893047,Seq2Trend,Normal,False,0.25,300,300,20,20,8,0.005,0.6,0.1,median,True,"[0.25, 0.5, 0.75]",False,P50,,False,42,1,arps,3,,default_group,UNISIM_IV_P14_Seq2Trend,UNISIM_IV,Seq2Trend,0.8288888888888889,0.8383333333333334,3.3344444444444443
UNISIM_IV_P14_Seq2Trend_trial_117,P14,3703126347f2224f1d64ef86847579e7,117,15.430262388194588,3.5624952351976407,Seq2Trend,Normal,False,0.01,300,300,200,20,8,0.001,0.6,0.1,median,True,"[0.25, 0.5, 0.75]",False,P50,,False,42,1,arps,7,,default_group,UNISIM_IV_P14_Seq2Trend,UNISIM_IV,Seq2Trend,0.8686111111111111,0.8658333333333333,3.468888888888889
UNISIM_IV_P14_Seq2Trend_trial_82,P14,e08948f6adfa76723b6f0f602dc78f66,82,13.809258212412898,2.843442781124024,Seq2Trend,Normal,False,0.25,300,300,20,20,8,0.001,0.6,0.1,median,True,"[0.25, 0.5, 0.75]",False,P50,,False,42,1,static,7,,default_group,UNISIM_IV_P14_Seq2Trend,UNISIM_IV,Seq2Trend,0.8322222222222222,0.845,3.3544444444444443
UNISIM_IV_P14_Seq2Trend_trial_40,P14,779c00e0d4960541d39fa975e9977fb0,40,6.251948543412982,0.2782957281439777,Seq2Trend,Normal,False,0.01,300,300,20,20,8,0.001,0.6,0.1,median,True,"[0.25, 0.5, 0.75]",False,P50,,False,42,1,pressure_ensemble,8,,default_group,UNISIM_IV_P14_Seq2Trend,UNISIM_IV,Seq2Trend,0.18777777777777777,0.555,1.4855555555555555
UNISIM_IV_P14_Seq2Trend_trial_5,P14,53c831f34e54910415e0331bc3a76852,5,15.593129152487814,3.415517927797947,Seq2Trend,Normal,False,0.01,300,300,100,20,8,0.01,0.6,0.1,median,True,"[0.25, 0.5, 0.75]",False,P50,,False,42,1,combined_exp_arps,8,,default_group,UNISIM_IV_P14_Seq2Trend,UNISIM_IV,Seq2Trend,0.8608333333333333,0.8697222222222222,3.4611111111111112
UNISIM_IV_P14_Seq2Trend_trial_98,P14,32aa252ea6f8b2279a17f88ad9eddb53,98,15.24103787504566,3.2197167683796,Seq2Trend,Normal,False,0.5,300,300,50,20,16,0.01,0.6,0.1,median,True,"[0.25, 0.5, 0.75]",False,P50,,False,42,1,pressure_ensemble,7,,default_group,UNISIM_IV_P14_Seq2Trend,UNISIM_IV,Seq2Trend,0.8552777777777778,0.8636111111111111,3.437777777777778
UNISIM_IV_P14_Seq2Trend_trial_9,P14,73480e11190a5b308c69e3c74d47700a,9,19.0070719455057,4.021949456212378,Seq2Trend,Normal,False,0.25,300,300,20,20,8,0.05,0.6,0.1,median,True,"[0.25, 0.5, 0.75]",False,P50,,False,42,1,exponential,6,,default_group,UNISIM_IV_P14_Seq2Trend,UNISIM_IV,Seq2Trend,0.8927777777777778,0.8988888888888888,3.583333333333333
UNISIM_IV_P14_Seq2Trend_trial_21,P14,4be9cde359960fd5099b049ecbee9dd1,21,7.962541707249635,1.2652182888416927,Seq2Trend,Normal,False,0.01,300,300,20,20,16,0.005,0.6,0.1,median,True,"[0.25, 0.5, 0.75]",False,P50,,False,42,1,static,6,,default_group,UNISIM_IV_P14_Seq2Trend,UNISIM_IV,Seq2Trend,0.7311111111111112,0.7633333333333333,2.988888888888889
UNISIM_IV_P14_Seq2Trend_trial_137,P14,dae2bc0c23201958b57268423b30f09a,137,17.137693780902417,3.6297571753231,Seq2Trend,Normal,False,0.25,300,300,20,20,8,0.05,0.6,0.1,median,True,"[0.25, 0.5, 0.75]",False,P50,,False,42,1,pressure_ensemble,4,,default_group,UNISIM_IV_P14_Seq2Trend,UNISIM_IV,Seq2Trend,0.8733333333333333,0.8894444444444445,3.5255555555555556
UNISIM_IV_P14_Seq2Trend_trial_56,P14,87b519b67897f18ff136945f589f86c0,56,13.777523651127185,2.866525602377004,Seq2Trend,Normal,False,0.5,300,300,50,20,16,0.001,0.6,0.1,median,True,"[0.25, 0.5, 0.75]",False,P50,,False,42,1,pressure_ensemble,5,,default_group,UNISIM_IV_P14_Seq2Trend,UNISIM_IV,Seq2Trend,0.8327777777777777,0.8444444444444444,3.3544444444444443
UNISIM_IV_P14_Seq2Trend_trial_6,P14,d9b9dcb4515c37ac5d4fa61c82221e26,6,13.890964398143256,2.89556770366079,Seq2Trend,Normal,False,0.25,300,300,20,20,8,0.01,0.6,0.1,median,True,"[0.25, 0.5, 0.75]",False,P50,,False,42,1,combined_exp_arps,8,,default_group,UNISIM_IV_P14_Seq2Trend,UNISIM_IV,Seq2Trend,0.835,0.8483333333333334,3.3666666666666667
UNISIM_IV_P14_Seq2Trend_trial_113,P14,8d750a7da4fcc2077f1cbf43a65d62a9,113,6.034908262277552,0.40316435463823,Seq2Trend,Normal,False,0.01,300,300,50,20,8,0.001,0.6,0.1,median,True,"[0.25, 0.5, 0.75]",False,P50,,False,42,1,arps,7,,default_group,UNISIM_IV_P14_Seq2Trend,UNISIM_IV,Seq2Trend,0.3088888888888889,0.4216666666666667,1.4611111111111112
UNISIM_IV_P14_Seq2Trend_trial_100,P14,9edd980c36ff952900695fd9090973ee,100,21.235344715971983,4.549581706560652,Seq2Trend,Normal,False,0.99,300,300,50,20,16,0.01,0.6,0.1,median,True,"[0.25, 0.5, 0.75]",False,P50,,False,42,1,arps,6,,default_group,UNISIM_IV_P14_Seq2Trend,UNISIM_IV,Seq2Trend,0.935,0.9377777777777778,3.7455555555555557
UNISIM_IV_P14_Seq2Trend_trial_37,P14,bcfccfaeaee834d95807e8053b6ba56b,37,14.424202200984611,2.990703257901204,Seq2Trend,Normal,False,0.25,300,300,20,20,8,0.01,0.6,0.1,median,True,"[0.25, 0.5, 0.75]",False,P50,,False,42,1,exponential,5,,default_group,UNISIM_IV_P14_Seq2Trend,UNISIM_IV,Seq2Trend,0.8430555555555556,0.8569444444444444,3.4
UNISIM_IV_P14_Seq2Trend_trial_17,P14,2901c67fd7a79ff9351cd3f3030da268,17,20.46830013061673,4.315837937697963,Seq2Trend,Normal,False,0.25,300,300,50,20,8,0.05,0.6,0.1,median,True,"[0.25, 0.5, 0.75]",False,P50,,False,42,1,static,2,,default_group,UNISIM_IV_P14_Seq2Trend,UNISIM_IV,Seq2Trend,0.9294444444444444,0.9344444444444444,3.727777777777778
UNISIM_IV_P14_Seq2Trend_trial_74,P14,977560b146bbe944e97fab170f0a847e,74,16.56520134616449,3.536949378060511,Seq2Trend,Normal,False,0.25,300,300,100,20,8,0.005,0.6,0.1,median,True,"[0.25, 0.5, 0.75]",False,P50,,False,42,1,pressure_ensemble,5,,default_group,UNISIM_IV_P14_Seq2Trend,UNISIM_IV,Seq2Trend,0.8677777777777778,0.8833333333333333,3.502222222222222
UNISIM_IV_P14_Seq2Trend_trial_30,P14,63000f8abfc3f50789c61cdff4dafb96,30,18.46451385829852,4.118098103020031,Seq2Trend,Normal,False,0.01,300,300,50,20,8,0.01,0.6,0.1,median,True,"[0.25, 0.5, 0.75]",False,P50,,False,42,1,pressure_ensemble,2,,default_group,UNISIM_IV_P14_Seq2Trend,UNISIM_IV,Seq2Trend,0.8955555555555555,0.8955555555555555,3.582222222222222
UNISIM_IV_P14_Seq2Trend_trial_33,P14,126003c5238216d81e491bc7768d3e42,33,23.788623926370907,5.041172491254993,Seq2Trend,Normal,False,0.25,300,300,100,20,16,0.05,0.6,0.1,median,True,"[0.25, 0.5, 0.75]",False,P50,,False,42,1,exponential,4,,default_group,UNISIM_IV_P14_Seq2Trend,UNISIM_IV,Seq2Trend,0.9419444444444445,0.9469444444444445,3.7777777777777777
UNISIM_IV_P14_Seq2Trend_trial_0,P14,0872fdf4983dcbf9f0218285c9db019f,0,17.764131873060304,3.782335424799253,Seq2Trend,Normal,False,0.25,300,300,100,20,8,0.01,0.6,0.1,median,True,"[0.25, 0.5, 0.75]",False,P50,,False,42,1,combined_exp_arps,8,,default_group,UNISIM_IV_P14_Seq2Trend,UNISIM_IV,Seq2Trend,0.8825,0.8930555555555556,3.551111111111111
UNISIM_IV_P14_Seq2Trend_trial_26,P14,9c9a0ee1c7415497e1d023c7fe325499,26,18.872523782677053,4.106485092469693,Seq2Trend,Normal,False,0.01,300,300,50,20,16,0.05,0.6,0.1,median,True,"[0.25, 0.5, 0.75]",False,P50,,False,42,1,arps,6,,default_group,UNISIM_IV_P14_Seq2Trend,UNISIM_IV,Seq2Trend,0.895,0.8983333333333333,3.586666666666667
UNISIM_IV_P14_Seq2Trend_trial_47,P14,e4a08c487b17c2cd43089051727a1e0d,47,14.159298371260462,2.979316061613304,Seq2Trend,Normal,False,0.5,300,300,200,20,8,0.001,0.6,0.1,median,True,"[0.25, 0.5, 0.75]",False,P50,,False,42,1,pressure_ensemble,6,,default_group,UNISIM_IV_P14_Seq2Trend,UNISIM_IV,Seq2Trend,0.8411111111111111,0.8527777777777777,3.387777777777778
UNISIM_IV_P14_Seq2Trend_trial_149,P14,60e5e79ddd7fa3cdcc8c80c2b565bd3d,149,30.90484239209133,6.488042024735044,Seq2Trend,Normal,False,0.5,300,300,200,20,8,0.05,0.6,0.1,median,True,"[0.25, 0.5, 0.75]",False,P50,,False,42,1,exponential,5,,default_group,UNISIM_IV_P14_Seq2Trend,UNISIM_IV,Seq2Trend,0.9541666666666667,0.9558333333333333,3.8200000000000003
UNISIM_IV_P14_Seq2Trend_trial_86,P14,c57dac4bdbe0f2a59d38a894593fd8d3,86,16.725207696862,3.777458783242471,Seq2Trend,Normal,False,0.01,300,300,100,20,8,0.005,0.6,0.1,median,True,"[0.25, 0.5, 0.75]",False,P50,,False,42,1,exponential,3,,default_group,UNISIM_IV_P14_Seq2Trend,UNISIM_IV,Seq2Trend,0.8813888888888889,0.8841666666666667,3.531111111111111
UNISIM_IV_P14_Seq2Trend_trial_63,P14,d42dbde880435d7a241fa3c8d8b008aa,63,17.753071599887445,3.791416037870369,Seq2Trend,Normal,False,0.99,300,300,200,20,8,0.001,0.6,0.1,median,True,"[0.25, 0.5, 0.75]",False,P50,,False,42,1,static,7,,default_group,UNISIM_IV_P14_Seq2Trend,UNISIM_IV,Seq2Trend,0.8833333333333333,0.8922222222222222,3.551111111111111
UNISIM_IV_P14_Seq2Trend_trial_92,P14,defcb41d6b985fa38b334050ac027133,92,49.394934834664106,9.848036089821726,Seq2Trend,Normal,False,0.99,300,300,100,20,8,0.05,0.6,0.1,median,True,"[0.25, 0.5, 0.75]",False,P50,,False,42,1,exponential,7,,default_group,UNISIM_IV_P14_Seq2Trend,UNISIM_IV,Seq2Trend,0.9680555555555556,0.9680555555555556,3.8722222222222222
UNISIM_IV_P14_Seq2Trend_trial_296,P14,c6217ec6112d77b26bbe139f414be14d,296,19.98896965194449,4.270045985090206,Seq2Trend,Normal,False,0.99,300,300,50,20,8,0.005,0.6,0.1,median,True,"[0.25, 0.5, 0.75]",False,P50,,False,42,1,arps,7,,default_group,UNISIM_IV_P14_Seq2Trend,UNISIM_IV,Seq2Trend,0.9130555555555555,0.9180555555555555,3.662222222222222
UNISIM_IV_P14_Seq2Trend_trial_262,P14,1b34256fb920afcdfb729ad9b1703af3,262,19.98896965194449,4.270045985090206,Seq2Trend,Normal,False,0.99,300,300,50,20,8,0.005,0.6,0.1,median,True,"[0.25, 0.5, 0.75]",False,P50,,False,42,1,arps,7,,default_group,UNISIM_IV_P14_Seq2Trend,UNISIM_IV,Seq2Trend,0.9130555555555555,0.9180555555555555,3.662222222222222
UNISIM_IV_P14_Seq2Trend_trial_258,P14,fc572a4f0648a4fef00f0596d9553be3,258,19.98896965194449,4.270045985090206,Seq2Trend,Normal,False,0.99,300,300,50,20,8,0.005,0.6,0.1,median,True,"[0.25, 0.5, 0.75]",False,P50,,False,42,1,arps,7,,default_group,UNISIM_IV_P14_Seq2Trend,UNISIM_IV,Seq2Trend,0.9130555555555555,0.9180555555555555,3.662222222222222
UNISIM_IV_P14_Seq2Trend_trial_292,P14,8d7d443ea5fe12a59ca64dea90acd81d,292,19.98896965194449,4.270045985090206,Seq2Trend,Normal,False,0.99,300,300,50,20,8,0.005,0.6,0.1,median,True,"[0.25, 0.5, 0.75]",False,P50,,False,42,1,arps,7,,default_group,UNISIM_IV_P14_Seq2Trend,UNISIM_IV,Seq2Trend,0.9130555555555555,0.9180555555555555,3.662222222222222
UNISIM_IV_P14_Seq2Trend_trial_297,P14,a9f3d5c6522c314c208bcf1c5004d8b7,297,19.98896965194449,4.270045985090206,Seq2Trend,Normal,False,0.99,300,300,50,20,8,0.005,0.6,0.1,median,True,"[0.25, 0.5, 0.75]",False,P50,,False,42,1,arps,7,,default_group,UNISIM_IV_P14_Seq2Trend,UNISIM_IV,Seq2Trend,0.9130555555555555,0.9180555555555555,3.662222222222222
UNISIM_IV_P14_Seq2Trend_trial_277,P14,e65778b1e9e1a58038f032428a099ae3,277,19.98896965194449,4.270045985090206,Seq2Trend,Normal,False,0.99,300,300,50,20,8,0.005,0.6,0.1,median,True,"[0.25, 0.5, 0.75]",False,P50,,False,42,1,arps,7,,default_group,UNISIM_IV_P14_Seq2Trend,UNISIM_IV,Seq2Trend,0.9130555555555555,0.9180555555555555,3.662222222222222
UNISIM_IV_P14_Seq2Trend_trial_289,P14,b54c699021edc577f2a8021c623f2f5a,289,19.98896965194449,4.270045985090206,Seq2Trend,Normal,False,0.99,300,300,50,20,8,0.005,0.6,0.1,median,True,"[0.25, 0.5, 0.75]",False,P50,,False,42,1,arps,7,,default_group,UNISIM_IV_P14_Seq2Trend,UNISIM_IV,Seq2Trend,0.9130555555555555,0.9180555555555555,3.662222222222222
UNISIM_IV_P14_Seq2Trend_trial_281,P14,21383dc66167b0924bdc715a0a59bc19,281,19.98896965194449,4.270045985090206,Seq2Trend,Normal,False,0.99,300,300,50,20,8,0.005,0.6,0.1,median,True,"[0.25, 0.5, 0.75]",False,P50,,False,42,1,arps,7,,default_group,UNISIM_IV_P14_Seq2Trend,UNISIM_IV,Seq2Trend,0.9130555555555555,0.9180555555555555,3.662222222222222
UNISIM_IV_P14_Seq2Trend_trial_265,P14,bd104c370c5a2d32ce53f992396d0317,265,19.98896965194449,4.270045985090206,Seq2Trend,Normal,False,0.99,300,300,50,20,8,0.005,0.6,0.1,median,True,"[0.25, 0.5, 0.75]",False,P50,,False,42,1,arps,7,,default_group,UNISIM_IV_P14_Seq2Trend,UNISIM_IV,Seq2Trend,0.9130555555555555,0.9180555555555555,3.662222222222222
UNISIM_IV_P14_Seq2Trend_trial_270,P14,8c75124666427e6ff9810fbbff1e089f,270,19.98896965194449,4.270045985090206,Seq2Trend,Normal,False,0.99,300,300,50,20,8,0.005,0.6,0.1,median,True,"[0.25, 0.5, 0.75]",False,P50,,False,42,1,arps,7,,default_group,UNISIM_IV_P14_Seq2Trend,UNISIM_IV,Seq2Trend,0.9130555555555555,0.9180555555555555,3.662222222222222
UNISIM_IV_P14_Seq2Trend_trial_266,P14,bd11b56ed266edf14c1f5bdaafbb1ca3,266,19.98896965194449,4.270045985090206,Seq2Trend,Normal,False,0.99,300,300,50,20,8,0.005,0.6,0.1,median,True,"[0.25, 0.5, 0.75]",False,P50,,False,42,1,arps,7,,default_group,UNISIM_IV_P14_Seq2Trend,UNISIM_IV,Seq2Trend,0.9130555555555555,0.9180555555555555,3.662222222222222
UNISIM_IV_P14_Seq2Trend_trial_287,P14,73963f7fccfd07527e4a13452c89d9e7,287,19.98896965194449,4.270045985090206,Seq2Trend,Normal,False,0.99,300,300,50,20,8,0.005,0.6,0.1,median,True,"[0.25, 0.5, 0.75]",False,P50,,False,42,1,arps,7,,default_group,UNISIM_IV_P14_Seq2Trend,UNISIM_IV,Seq2Trend,0.9130555555555555,0.9180555555555555,3.662222222222222
UNISIM_IV_P14_Seq2Trend_trial_269,P14,580ea220665ceeb2c395d9ba56123315,269,19.98896965194449,4.270045985090206,Seq2Trend,Normal,False,0.99,300,300,50,20,8,0.005,0.6,0.1,median,True,"[0.25, 0.5, 0.75]",False,P50,,False,42,1,arps,7,,default_group,UNISIM_IV_P14_Seq2Trend,UNISIM_IV,Seq2Trend,0.9130555555555555,0.9180555555555555,3.662222222222222
UNISIM_IV_P14_Seq2Trend_trial_275,P14,df2860bd3b5ae18eed6ce26609db4a08,275,19.98896965194449,4.270045985090206,Seq2Trend,Normal,False,0.99,300,300,50,20,8,0.005,0.6,0.1,median,True,"[0.25, 0.5, 0.75]",False,P50,,False,42,1,arps,7,,default_group,UNISIM_IV_P14_Seq2Trend,UNISIM_IV,Seq2Trend,0.9130555555555555,0.9180555555555555,3.662222222222222
UNISIM_IV_P14_Seq2Trend_trial_294,P14,a7c0ffd51cb6e023e5a7b708b2c867d5,294,19.98896965194449,4.270045985090206,Seq2Trend,Normal,False,0.99,300,300,50,20,8,0.005,0.6,0.1,median,True,"[0.25, 0.5, 0.75]",False,P50,,False,42,1,arps,7,,default_group,UNISIM_IV_P14_Seq2Trend,UNISIM_IV,Seq2Trend,0.9130555555555555,0.9180555555555555,3.662222222222222
UNISIM_IV_P14_Seq2Trend_trial_271,P14,f9238132a077dfe09fbc889cdd5aa3cd,271,19.98896965194449,4.270045985090206,Seq2Trend,Normal,False,0.99,300,300,50,20,8,0.005,0.6,0.1,median,True,"[0.25, 0.5, 0.75]",False,P50,,False,42,1,arps,7,,default_group,UNISIM_IV_P14_Seq2Trend,UNISIM_IV,Seq2Trend,0.9130555555555555,0.9180555555555555,3.662222222222222
UNISIM_IV_P14_Seq2Trend_trial_267,P14,975e4445778ecc2cf1023028bfcaba4b,267,19.98896965194449,4.270045985090206,Seq2Trend,Normal,False,0.99,300,300,50,20,8,0.005,0.6,0.1,median,True,"[0.25, 0.5, 0.75]",False,P50,,False,42,1,arps,7,,default_group,UNISIM_IV_P14_Seq2Trend,UNISIM_IV,Seq2Trend,0.9130555555555555,0.9180555555555555,3.662222222222222
UNISIM_IV_P14_Seq2Trend_trial_261,P14,663733216210a6e0fa234d9b04942065,261,19.98896965194449,4.270045985090206,Seq2Trend,Normal,False,0.99,300,300,50,20,8,0.005,0.6,0.1,median,True,"[0.25, 0.5, 0.75]",False,P50,,False,42,1,arps,7,,default_group,UNISIM_IV_P14_Seq2Trend,UNISIM_IV,Seq2Trend,0.9130555555555555,0.9180555555555555,3.662222222222222
UNISIM_IV_P14_Seq2Trend_trial_263,P14,0cb9a2cb6580c05869a9e405e7e5571f,263,19.98896965194449,4.270045985090206,Seq2Trend,Normal,False,0.99,300,300,50,20,8,0.005,0.6,0.1,median,True,"[0.25, 0.5, 0.75]",False,P50,,False,42,1,arps,7,,default_group,UNISIM_IV_P14_Seq2Trend,UNISIM_IV,Seq2Trend,0.9130555555555555,0.9180555555555555,3.662222222222222
UNISIM_IV_P14_Seq2Trend_trial_288,P14,fa4bf2d778c2900fa72cd75d7550ae9b,288,19.98896965194449,4.270045985090206,Seq2Trend,Normal,False,0.99,300,300,50,20,8,0.005,0.6,0.1,median,True,"[0.25, 0.5, 0.75]",False,P50,,False,42,1,arps,7,,default_group,UNISIM_IV_P14_Seq2Trend,UNISIM_IV,Seq2Trend,0.9130555555555555,0.9180555555555555,3.662222222222222
UNISIM_IV_P14_Seq2Trend_trial_255,P14,34a326c81429847bb6f3f20654d7d6ab,255,19.98896965194449,4.270045985090206,Seq2Trend,Normal,False,0.99,300,300,50,20,8,0.005,0.6,0.1,median,True,"[0.25, 0.5, 0.75]",False,P50,,False,42,1,arps,7,,default_group,UNISIM_IV_P14_Seq2Trend,UNISIM_IV,Seq2Trend,0.9130555555555555,0.9180555555555555,3.662222222222222
UNISIM_IV_P14_Seq2Trend_trial_252,P14,d22c36ee40ea0312d7dce7d36900c237,252,19.98896965194449,4.270045985090206,Seq2Trend,Normal,False,0.99,300,300,50,20,8,0.005,0.6,0.1,median,True,"[0.25, 0.5, 0.75]",False,P50,,False,42,1,arps,7,,default_group,UNISIM_IV_P14_Seq2Trend,UNISIM_IV,Seq2Trend,0.9130555555555555,0.9180555555555555,3.662222222222222
UNISIM_IV_P14_Seq2Trend_trial_260,P14,611f70ef6dd7ae3ab316c662f91c07c0,260,19.98896965194449,4.270045985090206,Seq2Trend,Normal,False,0.99,300,300,50,20,8,0.005,0.6,0.1,median,True,"[0.25, 0.5, 0.75]",False,P50,,False,42,1,arps,7,,default_group,UNISIM_IV_P14_Seq2Trend,UNISIM_IV,Seq2Trend,0.9130555555555555,0.9180555555555555,3.662222222222222
UNISIM_IV_P14_Seq2Trend_trial_272,P14,887894ff2c7c38848836eb0a6424470a,272,19.98896965194449,4.270045985090206,Seq2Trend,Normal,False,0.99,300,300,50,20,8,0.005,0.6,0.1,median,True,"[0.25, 0.5, 0.75]",False,P50,,False,42,1,arps,7,,default_group,UNISIM_IV_P14_Seq2Trend,UNISIM_IV,Seq2Trend,0.9130555555555555,0.9180555555555555,3.662222222222222
UNISIM_IV_P14_Seq2Trend_trial_251,P14,a89846e48da17e6801bb909d1b9acbde,251,19.98896965194449,4.270045985090206,Seq2Trend,Normal,False,0.99,300,300,50,20,8,0.005,0.6,0.1,median,True,"[0.25, 0.5, 0.75]",False,P50,,False,42,1,arps,7,,default_group,UNISIM_IV_P14_Seq2Trend,UNISIM_IV,Seq2Trend,0.9130555555555555,0.9180555555555555,3.662222222222222
UNISIM_IV_P14_Seq2Trend_trial_274,P14,adc158f0e8353ab2be4c53f347f760d2,274,19.98896965194449,4.270045985090206,Seq2Trend,Normal,False,0.99,300,300,50,20,8,0.005,0.6,0.1,median,True,"[0.25, 0.5, 0.75]",False,P50,,False,42,1,arps,7,,default_group,UNISIM_IV_P14_Seq2Trend,UNISIM_IV,Seq2Trend,0.9130555555555555,0.9180555555555555,3.662222222222222
UNISIM_IV_P14_Seq2Trend_trial_280,P14,8f3ed2bb311b42c2a609e58c6b585fb2,280,19.98896965194449,4.270045985090206,Seq2Trend,Normal,False,0.99,300,300,50,20,8,0.005,0.6,0.1,median,True,"[0.25, 0.5, 0.75]",False,P50,,False,42,1,arps,7,,default_group,UNISIM_IV_P14_Seq2Trend,UNISIM_IV,Seq2Trend,0.9130555555555555,0.9180555555555555,3.662222222222222
UNISIM_IV_P14_Seq2Trend_trial_283,P14,2069b546e4f40ce1f45f14bc554fe375,283,19.98896965194449,4.270045985090206,Seq2Trend,Normal,False,0.99,300,300,50,20,8,0.005,0.6,0.1,median,True,"[0.25, 0.5, 0.75]",False,P50,,False,42,1,arps,7,,default_group,UNISIM_IV_P14_Seq2Trend,UNISIM_IV,Seq2Trend,0.9130555555555555,0.9180555555555555,3.662222222222222
UNISIM_IV_P14_Seq2Trend_trial_276,P14,d0079f41e3e59224409c9d4c6b869193,276,19.98896965194449,4.270045985090206,Seq2Trend,Normal,False,0.99,300,300,50,20,8,0.005,0.6,0.1,median,True,"[0.25, 0.5, 0.75]",False,P50,,False,42,1,arps,7,,default_group,UNISIM_IV_P14_Seq2Trend,UNISIM_IV,Seq2Trend,0.9130555555555555,0.9180555555555555,3.662222222222222
UNISIM_IV_P14_Seq2Trend_trial_286,P14,2641ce4006640518d3167cc1c283b10b,286,19.98896965194449,4.270045985090206,Seq2Trend,Normal,False,0.99,300,300,50,20,8,0.005,0.6,0.1,median,True,"[0.25, 0.5, 0.75]",False,P50,,False,42,1,arps,7,,default_group,UNISIM_IV_P14_Seq2Trend,UNISIM_IV,Seq2Trend,0.9130555555555555,0.9180555555555555,3.662222222222222
UNISIM_IV_P14_Seq2Trend_trial_273,P14,6c1fbd76536b7b244d33bbfca1d7fa9a,273,19.98896965194449,4.270045985090206,Seq2Trend,Normal,False,0.99,300,300,50,20,8,0.005,0.6,0.1,median,True,"[0.25, 0.5, 0.75]",False,P50,,False,42,1,arps,7,,default_group,UNISIM_IV_P14_Seq2Trend,UNISIM_IV,Seq2Trend,0.9130555555555555,0.9180555555555555,3.662222222222222
UNISIM_IV_P14_Seq2Trend_trial_298,P14,1bc7baa79f46471048858586472bf752,298,19.98896965194449,4.270045985090206,Seq2Trend,Normal,False,0.99,300,300,50,20,8,0.005,0.6,0.1,median,True,"[0.25, 0.5, 0.75]",False,P50,,False,42,1,arps,7,,default_group,UNISIM_IV_P14_Seq2Trend,UNISIM_IV,Seq2Trend,0.9130555555555555,0.9180555555555555,3.662222222222222
UNISIM_IV_P14_Seq2Trend_trial_256,P14,232fa3707bb32213bc544f5184b5fecb,256,19.98896965194449,4.270045985090206,Seq2Trend,Normal,False,0.99,300,300,50,20,8,0.005,0.6,0.1,median,True,"[0.25, 0.5, 0.75]",False,P50,,False,42,1,arps,7,,default_group,UNISIM_IV_P14_Seq2Trend,UNISIM_IV,Seq2Trend,0.9130555555555555,0.9180555555555555,3.662222222222222
UNISIM_IV_P14_Seq2Trend_trial_285,P14,278502f5b377a25def6f1b547f9dd336,285,19.98896965194449,4.270045985090206,Seq2Trend,Normal,False,0.99,300,300,50,20,8,0.005,0.6,0.1,median,True,"[0.25, 0.5, 0.75]",False,P50,,False,42,1,arps,7,,default_group,UNISIM_IV_P14_Seq2Trend,UNISIM_IV,Seq2Trend,0.9130555555555555,0.9180555555555555,3.662222222222222
UNISIM_IV_P14_Seq2Trend_trial_278,P14,9ce2916dd812c1659459f638f3be0efb,278,19.98896965194449,4.270045985090206,Seq2Trend,Normal,False,0.99,300,300,50,20,8,0.005,0.6,0.1,median,True,"[0.25, 0.5, 0.75]",False,P50,,False,42,1,arps,7,,default_group,UNISIM_IV_P14_Seq2Trend,UNISIM_IV,Seq2Trend,0.9130555555555555,0.9180555555555555,3.662222222222222
UNISIM_IV_P14_Seq2Trend_trial_293,P14,e1b9323fde186ab36f1487969df3c39e,293,19.98896965194449,4.270045985090206,Seq2Trend,Normal,False,0.99,300,300,50,20,8,0.005,0.6,0.1,median,True,"[0.25, 0.5, 0.75]",False,P50,,False,42,1,arps,7,,default_group,UNISIM_IV_P14_Seq2Trend,UNISIM_IV,Seq2Trend,0.9130555555555555,0.9180555555555555,3.662222222222222
UNISIM_IV_P14_Seq2Trend_trial_299,P14,0c54853424210c1535e5ad34af762c6f,299,19.98896965194449,4.270045985090206,Seq2Trend,Normal,False,0.99,300,300,50,20,8,0.005,0.6,0.1,median,True,"[0.25, 0.5, 0.75]",False,P50,,False,42,1,arps,7,,default_group,UNISIM_IV_P14_Seq2Trend,UNISIM_IV,Seq2Trend,0.9130555555555555,0.9180555555555555,3.662222222222222
UNISIM_IV_P14_Seq2Trend_trial_291,P14,78e8b7f10607e1edd0e6c1370bd584f7,291,19.98896965194449,4.270045985090206,Seq2Trend,Normal,False,0.99,300,300,50,20,8,0.005,0.6,0.1,median,True,"[0.25, 0.5, 0.75]",False,P50,,False,42,1,arps,7,,default_group,UNISIM_IV_P14_Seq2Trend,UNISIM_IV,Seq2Trend,0.9130555555555555,0.9180555555555555,3.662222222222222
UNISIM_IV_P14_Seq2Trend_trial_253,P14,dce6fe8421d072a495a089bf4ec6f899,253,19.98896965194449,4.270045985090206,Seq2Trend,Normal,False,0.99,300,300,50,20,8,0.005,0.6,0.1,median,True,"[0.25, 0.5, 0.75]",False,P50,,False,42,1,arps,7,,default_group,UNISIM_IV_P14_Seq2Trend,UNISIM_IV,Seq2Trend,0.9130555555555555,0.9180555555555555,3.662222222222222
UNISIM_IV_P14_Seq2Trend_trial_279,P14,44ea13728f5333ced676fe64f76f47c9,279,19.98896965194449,4.270045985090206,Seq2Trend,Normal,False,0.99,300,300,50,20,8,0.005,0.6,0.1,median,True,"[0.25, 0.5, 0.75]",False,P50,,False,42,1,arps,7,,default_group,UNISIM_IV_P14_Seq2Trend,UNISIM_IV,Seq2Trend,0.9130555555555555,0.9180555555555555,3.662222222222222
UNISIM_IV_P14_Seq2Trend_trial_268,P14,c41ab766a3c9449ec0aa9dd660efd85f,268,19.98896965194449,4.270045985090206,Seq2Trend,Normal,False,0.99,300,300,50,20,8,0.005,0.6,0.1,median,True,"[0.25, 0.5, 0.75]",False,P50,,False,42,1,arps,7,,default_group,UNISIM_IV_P14_Seq2Trend,UNISIM_IV,Seq2Trend,0.9130555555555555,0.9180555555555555,3.662222222222222
UNISIM_IV_P14_Seq2Trend_trial_284,P14,4221d2b412d5906c91af6f79baac7038,284,19.98896965194449,4.270045985090206,Seq2Trend,Normal,False,0.99,300,300,50,20,8,0.005,0.6,0.1,median,True,"[0.25, 0.5, 0.75]",False,P50,,False,42,1,arps,7,,default_group,UNISIM_IV_P14_Seq2Trend,UNISIM_IV,Seq2Trend,0.9130555555555555,0.9180555555555555,3.662222222222222
UNISIM_IV_P14_Seq2Trend_trial_282,P14,b25f56fea9b593b7b380b8650e482ad1,282,19.98896965194449,4.270045985090206,Seq2Trend,Normal,False,0.99,300,300,50,20,8,0.005,0.6,0.1,median,True,"[0.25, 0.5, 0.75]",False,P50,,False,42,1,arps,7,,default_group,UNISIM_IV_P14_Seq2Trend,UNISIM_IV,Seq2Trend,0.9130555555555555,0.9180555555555555,3.662222222222222
UNISIM_IV_P14_Seq2Trend_trial_254,P14,f45a395b06e0672079e6feb0ee7f6829,254,19.98896965194449,4.270045985090206,Seq2Trend,Normal,False,0.99,300,300,50,20,8,0.005,0.6,0.1,median,True,"[0.25, 0.5, 0.75]",False,P50,,False,42,1,arps,7,,default_group,UNISIM_IV_P14_Seq2Trend,UNISIM_IV,Seq2Trend,0.9130555555555555,0.9180555555555555,3.662222222222222
UNISIM_IV_P14_Seq2Trend_trial_257,P14,552233eb8cad99a1c5049dba531a5ad1,257,19.98896965194449,4.270045985090206,Seq2Trend,Normal,False,0.99,300,300,50,20,8,0.005,0.6,0.1,median,True,"[0.25, 0.5, 0.75]",False,P50,,False,42,1,arps,7,,default_group,UNISIM_IV_P14_Seq2Trend,UNISIM_IV,Seq2Trend,0.9130555555555555,0.9180555555555555,3.662222222222222
UNISIM_IV_P14_Seq2Trend_trial_290,P14,e120bb449cbd1a4fd3ef981b96a6a765,290,19.98896965194449,4.270045985090206,Seq2Trend,Normal,False,0.99,300,300,50,20,8,0.005,0.6,0.1,median,True,"[0.25, 0.5, 0.75]",False,P50,,False,42,1,arps,7,,default_group,UNISIM_IV_P14_Seq2Trend,UNISIM_IV,Seq2Trend,0.9130555555555555,0.9180555555555555,3.662222222222222
UNISIM_IV_P14_Seq2Trend_trial_264,P14,f41f7efe988690316e846ee689430671,264,19.98896965194449,4.270045985090206,Seq2Trend,Normal,False,0.99,300,300,50,20,8,0.005,0.6,0.1,median,True,"[0.25, 0.5, 0.75]",False,P50,,False,42,1,arps,7,,default_group,UNISIM_IV_P14_Seq2Trend,UNISIM_IV,Seq2Trend,0.9130555555555555,0.9180555555555555,3.662222222222222
UNISIM_IV_P14_Seq2Trend_trial_250,P14,ea224c22995c1472d934d1e49726584e,250,19.98896965194449,4.270045985090206,Seq2Trend,Normal,False,0.99,300,300,50,20,8,0.005,0.6,0.1,median,True,"[0.25, 0.5, 0.75]",False,P50,,False,42,1,arps,7,,default_group,UNISIM_IV_P14_Seq2Trend,UNISIM_IV,Seq2Trend,0.9130555555555555,0.9180555555555555,3.662222222222222
UNISIM_IV_P14_Seq2Trend_trial_295,P14,6a267780432ead2b181052d77da54a51,295,19.98896965194449,4.270045985090206,Seq2Trend,Normal,False,0.99,300,300,50,20,8,0.005,0.6,0.1,median,True,"[0.25, 0.5, 0.75]",False,P50,,False,42,1,arps,7,,default_group,UNISIM_IV_P14_Seq2Trend,UNISIM_IV,Seq2Trend,0.9130555555555555,0.9180555555555555,3.662222222222222
UNISIM_IV_P14_Seq2Trend_trial_259,P14,59894b6bc3475378557fb6ad13886adb,259,19.98896965194449,4.270045985090206,Seq2Trend,Normal,False,0.99,300,300,50,20,8,0.005,0.6,0.1,median,True,"[0.25, 0.5, 0.75]",False,P50,,False,42,1,arps,7,,default_group,UNISIM_IV_P14_Seq2Trend,UNISIM_IV,Seq2Trend,0.9130555555555555,0.9180555555555555,3.662222222222222
UNISIM_IV_P14_Seq2Trend_trial_204,P14,968090994d4593fb3815938ea06be0af,204,7.6501407176486,0.9461344513347768,Seq2Trend,Normal,False,0.01,300,300,20,20,16,0.001,0.6,0.1,median,True,"[0.25, 0.5, 0.75]",False,P50,,False,42,1,static,8,,default_group,UNISIM_IV_P14_Seq2Trend,UNISIM_IV,Seq2Trend,0.6447222222222222,0.7302777777777778,2.75
UNISIM_IV_P14_Seq2Trend_trial_239,P14,f3bfa08d588996b0d3c605928eca381e,239,7.6501407176486,0.9461344513347768,Seq2Trend,Normal,False,0.01,300,300,20,20,16,0.001,0.6,0.1,median,True,"[0.25, 0.5, 0.75]",False,P50,,False,42,1,static,8,,default_group,UNISIM_IV_P14_Seq2Trend,UNISIM_IV,Seq2Trend,0.6447222222222222,0.7302777777777778,2.75
UNISIM_IV_P14_Seq2Trend_trial_193,P14,fa50b767c0aa8693d8575f9bb5d77373,193,7.6501407176486,0.9461344513347768,Seq2Trend,Normal,False,0.01,300,300,20,20,16,0.001,0.6,0.1,median,True,"[0.25, 0.5, 0.75]",False,P50,,False,42,1,static,8,,default_group,UNISIM_IV_P14_Seq2Trend,UNISIM_IV,Seq2Trend,0.6447222222222222,0.7302777777777778,2.75
UNISIM_IV_P14_Seq2Trend_trial_228,P14,d4c943b9af9d90105539b145607fdf10,228,7.6501407176486,0.9461344513347768,Seq2Trend,Normal,False,0.01,300,300,20,20,16,0.001,0.6,0.1,median,True,"[0.25, 0.5, 0.75]",False,P50,,False,42,1,static,8,,default_group,UNISIM_IV_P14_Seq2Trend,UNISIM_IV,Seq2Trend,0.6447222222222222,0.7302777777777778,2.75
UNISIM_IV_P14_Seq2Trend_trial_182,P14,365850fe5a0533663e30a2a3452e7441,182,7.6501407176486,0.9461344513347768,Seq2Trend,Normal,False,0.01,300,300,20,20,16,0.001,0.6,0.1,median,True,"[0.25, 0.5, 0.75]",False,P50,,False,42,1,static,8,,default_group,UNISIM_IV_P14_Seq2Trend,UNISIM_IV,Seq2Trend,0.6447222222222222,0.7302777777777778,2.75
UNISIM_IV_P14_Seq2Trend_trial_243,P14,0b0d661f9fb85f4d8bd6ef19dba93bc0,243,7.6501407176486,0.9461344513347768,Seq2Trend,Normal,False,0.01,300,300,20,20,16,0.001,0.6,0.1,median,True,"[0.25, 0.5, 0.75]",False,P50,,False,42,1,static,8,,default_group,UNISIM_IV_P14_Seq2Trend,UNISIM_IV,Seq2Trend,0.6447222222222222,0.7302777777777778,2.75
UNISIM_IV_P14_Seq2Trend_trial_216,P14,f87ebfb93248567213175b1ee3566748,216,7.6501407176486,0.9461344513347768,Seq2Trend,Normal,False,0.01,300,300,20,20,16,0.001,0.6,0.1,median,True,"[0.25, 0.5, 0.75]",False,P50,,False,42,1,static,8,,default_group,UNISIM_IV_P14_Seq2Trend,UNISIM_IV,Seq2Trend,0.6447222222222222,0.7302777777777778,2.75
UNISIM_IV_P14_Seq2Trend_trial_238,P14,43d882bf237d16173d3b6daba5e81de2,238,7.6501407176486,0.9461344513347768,Seq2Trend,Normal,False,0.01,300,300,20,20,16,0.001,0.6,0.1,median,True,"[0.25, 0.5, 0.75]",False,P50,,False,42,1,static,8,,default_group,UNISIM_IV_P14_Seq2Trend,UNISIM_IV,Seq2Trend,0.6447222222222222,0.7302777777777778,2.75
UNISIM_IV_P14_Seq2Trend_trial_168,P14,7c30d1ff327d68153253425d6c44a970,168,7.6501407176486,0.9461344513347768,Seq2Trend,Normal,False,0.01,300,300,20,20,16,0.001,0.6,0.1,median,True,"[0.25, 0.5, 0.75]",False,P50,,False,42,1,static,8,,default_group,UNISIM_IV_P14_Seq2Trend,UNISIM_IV,Seq2Trend,0.6447222222222222,0.7302777777777778,2.75
UNISIM_IV_P14_Seq2Trend_trial_218,P14,8326865a316b3bd841590e58aab12a1d,218,7.6501407176486,0.9461344513347768,Seq2Trend,Normal,False,0.01,300,300,20,20,16,0.001,0.6,0.1,median,True,"[0.25, 0.5, 0.75]",False,P50,,False,42,1,static,8,,default_group,UNISIM_IV_P14_Seq2Trend,UNISIM_IV,Seq2Trend,0.6447222222222222,0.7302777777777778,2.75
UNISIM_IV_P14_Seq2Trend_trial_155,P14,692658f0a0da64cf41ecb12ef95c1a26,155,7.6501407176486,0.9461344513347768,Seq2Trend,Normal,False,0.01,300,300,20,20,16,0.001,0.6,0.1,median,True,"[0.25, 0.5, 0.75]",False,P50,,False,42,1,static,8,,default_group,UNISIM_IV_P14_Seq2Trend,UNISIM_IV,Seq2Trend,0.6447222222222222,0.7302777777777778,2.75
UNISIM_IV_P14_Seq2Trend_trial_240,P14,bc7cba85a1185b859cbebb1ab4a78b19,240,7.6501407176486,0.9461344513347768,Seq2Trend,Normal,False,0.01,300,300,20,20,16,0.001,0.6,0.1,median,True,"[0.25, 0.5, 0.75]",False,P50,,False,42,1,static,8,,default_group,UNISIM_IV_P14_Seq2Trend,UNISIM_IV,Seq2Trend,0.6447222222222222,0.7302777777777778,2.75
UNISIM_IV_P14_Seq2Trend_trial_224,P14,ce11fd21bdb71ea3ee6d5f7cc1273831,224,7.6501407176486,0.9461344513347768,Seq2Trend,Normal,False,0.01,300,300,20,20,16,0.001,0.6,0.1,median,True,"[0.25, 0.5, 0.75]",False,P50,,False,42,1,static,8,,default_group,UNISIM_IV_P14_Seq2Trend,UNISIM_IV,Seq2Trend,0.6447222222222222,0.7302777777777778,2.75
UNISIM_IV_P14_Seq2Trend_trial_157,P14,b6d13fbe7bd26d867bc2e0d3758712ee,157,7.6501407176486,0.9461344513347768,Seq2Trend,Normal,False,0.01,300,300,20,20,16,0.001,0.6,0.1,median,True,"[0.25, 0.5, 0.75]",False,P50,,False,42,1,static,8,,default_group,UNISIM_IV_P14_Seq2Trend,UNISIM_IV,Seq2Trend,0.6447222222222222,0.7302777777777778,2.75
UNISIM_IV_P14_Seq2Trend_trial_194,P14,58c73a11c5ecca3f0e383d08cf1d478a,194,7.6501407176486,0.9461344513347768,Seq2Trend,Normal,False,0.01,300,300,20,20,16,0.001,0.6,0.1,median,True,"[0.25, 0.5, 0.75]",False,P50,,False,42,1,static,8,,default_group,UNISIM_IV_P14_Seq2Trend,UNISIM_IV,Seq2Trend,0.6447222222222222,0.7302777777777778,2.75
UNISIM_IV_P14_Seq2Trend_trial_161,P14,1b3d49b3411c006d6014e7382e7628cf,161,7.6501407176486,0.9461344513347768,Seq2Trend,Normal,False,0.01,300,300,20,20,16,0.001,0.6,0.1,median,True,"[0.25, 0.5, 0.75]",False,P50,,False,42,1,static,8,,default_group,UNISIM_IV_P14_Seq2Trend,UNISIM_IV,Seq2Trend,0.6447222222222222,0.7302777777777778,2.75
UNISIM_IV_P14_Seq2Trend_trial_221,P14,8158c585d3e0b403763493131a8c167b,221,7.6501407176486,0.9461344513347768,Seq2Trend,Normal,False,0.01,300,300,20,20,16,0.001,0.6,0.1,median,True,"[0.25, 0.5, 0.75]",False,P50,,False,42,1,static,8,,default_group,UNISIM_IV_P14_Seq2Trend,UNISIM_IV,Seq2Trend,0.6447222222222222,0.7302777777777778,2.75
UNISIM_IV_P14_Seq2Trend_trial_162,P14,6ed0034e023848b8b0ad7f2d6ca2cff2,162,7.6501407176486,0.9461344513347768,Seq2Trend,Normal,False,0.01,300,300,20,20,16,0.001,0.6,0.1,median,True,"[0.25, 0.5, 0.75]",False,P50,,False,42,1,static,8,,default_group,UNISIM_IV_P14_Seq2Trend,UNISIM_IV,Seq2Trend,0.6447222222222222,0.7302777777777778,2.75
UNISIM_IV_P14_Seq2Trend_trial_179,P14,f6b3fcad8678b85f394e5b5aee1bbda4,179,7.6501407176486,0.9461344513347768,Seq2Trend,Normal,False,0.01,300,300,20,20,16,0.001,0.6,0.1,median,True,"[0.25, 0.5, 0.75]",False,P50,,False,42,1,static,8,,default_group,UNISIM_IV_P14_Seq2Trend,UNISIM_IV,Seq2Trend,0.6447222222222222,0.7302777777777778,2.75
UNISIM_IV_P14_Seq2Trend_trial_196,P14,918f15bad17af26bba80e95073e53f59,196,7.6501407176486,0.9461344513347768,Seq2Trend,Normal,False,0.01,300,300,20,20,16,0.001,0.6,0.1,median,True,"[0.25, 0.5, 0.75]",False,P50,,False,42,1,static,8,,default_group,UNISIM_IV_P14_Seq2Trend,UNISIM_IV,Seq2Trend,0.6447222222222222,0.7302777777777778,2.75
UNISIM_IV_P14_Seq2Trend_trial_188,P14,99efe708d85d3495b489420d5187a52f,188,7.6501407176486,0.9461344513347768,Seq2Trend,Normal,False,0.01,300,300,20,20,16,0.001,0.6,0.1,median,True,"[0.25, 0.5, 0.75]",False,P50,,False,42,1,static,8,,default_group,UNISIM_IV_P14_Seq2Trend,UNISIM_IV,Seq2Trend,0.6447222222222222,0.7302777777777778,2.75
UNISIM_IV_P14_Seq2Trend_trial_219,P14,ebf292e6b922808ceb1d10d666298c2f,219,7.6501407176486,0.9461344513347768,Seq2Trend,Normal,False,0.01,300,300,20,20,16,0.001,0.6,0.1,median,True,"[0.25, 0.5, 0.75]",False,P50,,False,42,1,static,8,,default_group,UNISIM_IV_P14_Seq2Trend,UNISIM_IV,Seq2Trend,0.6447222222222222,0.7302777777777778,2.75
UNISIM_IV_P14_Seq2Trend_trial_230,P14,7a76bc51bc6bde845cada9df108173df,230,7.6501407176486,0.9461344513347768,Seq2Trend,Normal,False,0.01,300,300,20,20,16,0.001,0.6,0.1,median,True,"[0.25, 0.5, 0.75]",False,P50,,False,42,1,static,8,,default_group,UNISIM_IV_P14_Seq2Trend,UNISIM_IV,Seq2Trend,0.6447222222222222,0.7302777777777778,2.75
UNISIM_IV_P14_Seq2Trend_trial_227,P14,0290b57c6fc65a9231dfb6b07799209e,227,7.6501407176486,0.9461344513347768,Seq2Trend,Normal,False,0.01,300,300,20,20,16,0.001,0.6,0.1,median,True,"[0.25, 0.5, 0.75]",False,P50,,False,42,1,static,8,,default_group,UNISIM_IV_P14_Seq2Trend,UNISIM_IV,Seq2Trend,0.6447222222222222,0.7302777777777778,2.75
UNISIM_IV_P14_Seq2Trend_trial_189,P14,2f99009f78327da3fb62b79816a363e8,189,7.6501407176486,0.9461344513347768,Seq2Trend,Normal,False,0.01,300,300,20,20,16,0.001,0.6,0.1,median,True,"[0.25, 0.5, 0.75]",False,P50,,False,42,1,static,8,,default_group,UNISIM_IV_P14_Seq2Trend,UNISIM_IV,Seq2Trend,0.6447222222222222,0.7302777777777778,2.75
UNISIM_IV_P14_Seq2Trend_trial_174,P14,87fb1c5a4561492da418f9cd1a437039,174,7.6501407176486,0.9461344513347768,Seq2Trend,Normal,False,0.01,300,300,20,20,16,0.001,0.6,0.1,median,True,"[0.25, 0.5, 0.75]",False,P50,,False,42,1,static,8,,default_group,UNISIM_IV_P14_Seq2Trend,UNISIM_IV,Seq2Trend,0.6447222222222222,0.7302777777777778,2.75
UNISIM_IV_P14_Seq2Trend_trial_177,P14,b13979117679ace731093dca2a269eb0,177,7.6501407176486,0.9461344513347768,Seq2Trend,Normal,False,0.01,300,300,20,20,16,0.001,0.6,0.1,median,True,"[0.25, 0.5, 0.75]",False,P50,,False,42,1,static,8,,default_group,UNISIM_IV_P14_Seq2Trend,UNISIM_IV,Seq2Trend,0.6447222222222222,0.7302777777777778,2.75
UNISIM_IV_P14_Seq2Trend_trial_164,P14,bed5649dd402609983c0d9a287699bc5,164,7.6501407176486,0.9461344513347768,Seq2Trend,Normal,False,0.01,300,300,20,20,16,0.001,0.6,0.1,median,True,"[0.25, 0.5, 0.75]",False,P50,,False,42,1,static,8,,default_group,UNISIM_IV_P14_Seq2Trend,UNISIM_IV,Seq2Trend,0.6447222222222222,0.7302777777777778,2.75
UNISIM_IV_P14_Seq2Trend_trial_150,P14,6df8f60dfa852acdec2f1a0c09960c16,150,7.6501407176486,0.9461344513347768,Seq2Trend,Normal,False,0.01,300,300,20,20,16,0.001,0.6,0.1,median,True,"[0.25, 0.5, 0.75]",False,P50,,False,42,1,static,8,,default_group,UNISIM_IV_P14_Seq2Trend,UNISIM_IV,Seq2Trend,0.6447222222222222,0.7302777777777778,2.75
UNISIM_IV_P14_Seq2Trend_trial_152,P14,652ad28ae01587189d0bcc68ed113085,152,7.6501407176486,0.9461344513347768,Seq2Trend,Normal,False,0.01,300,300,20,20,16,0.001,0.6,0.1,median,True,"[0.25, 0.5, 0.75]",False,P50,,False,42,1,static,8,,default_group,UNISIM_IV_P14_Seq2Trend,UNISIM_IV,Seq2Trend,0.6447222222222222,0.7302777777777778,2.75
UNISIM_IV_P14_Seq2Trend_trial_187,P14,d7c0b6a51eab07c1334795d2010c2a4c,187,7.6501407176486,0.9461344513347768,Seq2Trend,Normal,False,0.01,300,300,20,20,16,0.001,0.6,0.1,median,True,"[0.25, 0.5, 0.75]",False,P50,,False,42,1,static,8,,default_group,UNISIM_IV_P14_Seq2Trend,UNISIM_IV,Seq2Trend,0.6447222222222222,0.7302777777777778,2.75
UNISIM_IV_P14_Seq2Trend_trial_222,P14,4c3eba89cce89edf37b8fa427e562e64,222,7.6501407176486,0.9461344513347768,Seq2Trend,Normal,False,0.01,300,300,20,20,16,0.001,0.6,0.1,median,True,"[0.25, 0.5, 0.75]",False,P50,,False,42,1,static,8,,default_group,UNISIM_IV_P14_Seq2Trend,UNISIM_IV,Seq2Trend,0.6447222222222222,0.7302777777777778,2.75
UNISIM_IV_P14_Seq2Trend_trial_184,P14,6bb019b21cde6d9b0059e7657ebf98aa,184,7.6501407176486,0.9461344513347768,Seq2Trend,Normal,False,0.01,300,300,20,20,16,0.001,0.6,0.1,median,True,"[0.25, 0.5, 0.75]",False,P50,,False,42,1,static,8,,default_group,UNISIM_IV_P14_Seq2Trend,UNISIM_IV,Seq2Trend,0.6447222222222222,0.7302777777777778,2.75
UNISIM_IV_P14_Seq2Trend_trial_232,P14,183e4bb80f9a4a6b085dfbb2661851b3,232,7.6501407176486,0.9461344513347768,Seq2Trend,Normal,False,0.01,300,300,20,20,16,0.001,0.6,0.1,median,True,"[0.25, 0.5, 0.75]",False,P50,,False,42,1,static,8,,default_group,UNISIM_IV_P14_Seq2Trend,UNISIM_IV,Seq2Trend,0.6447222222222222,0.7302777777777778,2.75
UNISIM_IV_P14_Seq2Trend_trial_233,P14,70948f25e9e6590621485566cee34c46,233,7.6501407176486,0.9461344513347768,Seq2Trend,Normal,False,0.01,300,300,20,20,16,0.001,0.6,0.1,median,True,"[0.25, 0.5, 0.75]",False,P50,,False,42,1,static,8,,default_group,UNISIM_IV_P14_Seq2Trend,UNISIM_IV,Seq2Trend,0.6447222222222222,0.7302777777777778,2.75
UNISIM_IV_P14_Seq2Trend_trial_208,P14,25243a5057ee963c595093a5d7c962dc,208,7.6501407176486,0.9461344513347768,Seq2Trend,Normal,False,0.01,300,300,20,20,16,0.001,0.6,0.1,median,True,"[0.25, 0.5, 0.75]",False,P50,,False,42,1,static,8,,default_group,UNISIM_IV_P14_Seq2Trend,UNISIM_IV,Seq2Trend,0.6447222222222222,0.7302777777777778,2.75
UNISIM_IV_P14_Seq2Trend_trial_167,P14,98a20bae1c139f13d11874cad2a273cb,167,7.6501407176486,0.9461344513347768,Seq2Trend,Normal,False,0.01,300,300,20,20,16,0.001,0.6,0.1,median,True,"[0.25, 0.5, 0.75]",False,P50,,False,42,1,static,8,,default_group,UNISIM_IV_P14_Seq2Trend,UNISIM_IV,Seq2Trend,0.6447222222222222,0.7302777777777778,2.75
UNISIM_IV_P14_Seq2Trend_trial_160,P14,ccdd551d516b9f277c1a46b9b3d840c9,160,7.6501407176486,0.9461344513347768,Seq2Trend,Normal,False,0.01,300,300,20,20,16,0.001,0.6,0.1,median,True,"[0.25, 0.5, 0.75]",False,P50,,False,42,1,static,8,,default_group,UNISIM_IV_P14_Seq2Trend,UNISIM_IV,Seq2Trend,0.6447222222222222,0.7302777777777778,2.75
UNISIM_IV_P14_Seq2Trend_trial_206,P14,f91cdbd2d8cb3cae4b023be1e1df84ca,206,7.6501407176486,0.9461344513347768,Seq2Trend,Normal,False,0.01,300,300,20,20,16,0.001,0.6,0.1,median,True,"[0.25, 0.5, 0.75]",False,P50,,False,42,1,static,8,,default_group,UNISIM_IV_P14_Seq2Trend,UNISIM_IV,Seq2Trend,0.6447222222222222,0.7302777777777778,2.75
UNISIM_IV_P14_Seq2Trend_trial_165,P14,263b82156bce01faebfcc22f0ebfddfc,165,7.6501407176486,0.9461344513347768,Seq2Trend,Normal,False,0.01,300,300,20,20,16,0.001,0.6,0.1,median,True,"[0.25, 0.5, 0.75]",False,P50,,False,42,1,static,8,,default_group,UNISIM_IV_P14_Seq2Trend,UNISIM_IV,Seq2Trend,0.6447222222222222,0.7302777777777778,2.75
UNISIM_IV_P14_Seq2Trend_trial_176,P14,c0f4ec13106fdeb1027f88b3ee875abc,176,7.6501407176486,0.9461344513347768,Seq2Trend,Normal,False,0.01,300,300,20,20,16,0.001,0.6,0.1,median,True,"[0.25, 0.5, 0.75]",False,P50,,False,42,1,static,8,,default_group,UNISIM_IV_P14_Seq2Trend,UNISIM_IV,Seq2Trend,0.6447222222222222,0.7302777777777778,2.75
UNISIM_IV_P14_Seq2Trend_trial_172,P14,daf08a6895315f5cde2fa74ded3a94ef,172,7.6501407176486,0.9461344513347768,Seq2Trend,Normal,False,0.01,300,300,20,20,16,0.001,0.6,0.1,median,True,"[0.25, 0.5, 0.75]",False,P50,,False,42,1,static,8,,default_group,UNISIM_IV_P14_Seq2Trend,UNISIM_IV,Seq2Trend,0.6447222222222222,0.7302777777777778,2.75
UNISIM_IV_P14_Seq2Trend_trial_173,P14,8869abf3246c5616f8e35905fe2d2899,173,7.6501407176486,0.9461344513347768,Seq2Trend,Normal,False,0.01,300,300,20,20,16,0.001,0.6,0.1,median,True,"[0.25, 0.5, 0.75]",False,P50,,False,42,1,static,8,,default_group,UNISIM_IV_P14_Seq2Trend,UNISIM_IV,Seq2Trend,0.6447222222222222,0.7302777777777778,2.75
UNISIM_IV_P14_Seq2Trend_trial_205,P14,0b9a534d861aba81c2d83df9e6f6bce2,205,7.6501407176486,0.9461344513347768,Seq2Trend,Normal,False,0.01,300,300,20,20,16,0.001,0.6,0.1,median,True,"[0.25, 0.5, 0.75]",False,P50,,False,42,1,static,8,,default_group,UNISIM_IV_P14_Seq2Trend,UNISIM_IV,Seq2Trend,0.6447222222222222,0.7302777777777778,2.75
UNISIM_IV_P14_Seq2Trend_trial_236,P14,ee0ddc5e71ad7ebb180fc93bbd08fad6,236,7.6501407176486,0.9461344513347768,Seq2Trend,Normal,False,0.01,300,300,20,20,16,0.001,0.6,0.1,median,True,"[0.25, 0.5, 0.75]",False,P50,,False,42,1,static,8,,default_group,UNISIM_IV_P14_Seq2Trend,UNISIM_IV,Seq2Trend,0.6447222222222222,0.7302777777777778,2.75
UNISIM_IV_P14_Seq2Trend_trial_249,P14,3ed304cfeafa31274cea2902e5afff33,249,7.6501407176486,0.9461344513347768,Seq2Trend,Normal,False,0.01,300,300,20,20,16,0.001,0.6,0.1,median,True,"[0.25, 0.5, 0.75]",False,P50,,False,42,1,static,8,,default_group,UNISIM_IV_P14_Seq2Trend,UNISIM_IV,Seq2Trend,0.6447222222222222,0.7302777777777778,2.75
UNISIM_IV_P14_Seq2Trend_trial_198,P14,17046ad3b2eb5df7975949dd0935dde6,198,7.6501407176486,0.9461344513347768,Seq2Trend,Normal,False,0.01,300,300,20,20,16,0.001,0.6,0.1,median,True,"[0.25, 0.5, 0.75]",False,P50,,False,42,1,static,8,,default_group,UNISIM_IV_P14_Seq2Trend,UNISIM_IV,Seq2Trend,0.6447222222222222,0.7302777777777778,2.75
UNISIM_IV_P14_Seq2Trend_trial_246,P14,36ceb3cbc8e25d2ecc4484d088989607,246,7.6501407176486,0.9461344513347768,Seq2Trend,Normal,False,0.01,300,300,20,20,16,0.001,0.6,0.1,median,True,"[0.25, 0.5, 0.75]",False,P50,,False,42,1,static,8,,default_group,UNISIM_IV_P14_Seq2Trend,UNISIM_IV,Seq2Trend,0.6447222222222222,0.7302777777777778,2.75
UNISIM_IV_P14_Seq2Trend_trial_181,P14,358f86bbf0b92529968847ac3d2a042a,181,7.6501407176486,0.9461344513347768,Seq2Trend,Normal,False,0.01,300,300,20,20,16,0.001,0.6,0.1,median,True,"[0.25, 0.5, 0.75]",False,P50,,False,42,1,static,8,,default_group,UNISIM_IV_P14_Seq2Trend,UNISIM_IV,Seq2Trend,0.6447222222222222,0.7302777777777778,2.75
UNISIM_IV_P14_Seq2Trend_trial_199,P14,fe9c861f9a44dbadfb20e21846b4ad6e,199,7.6501407176486,0.9461344513347768,Seq2Trend,Normal,False,0.01,300,300,20,20,16,0.001,0.6,0.1,median,True,"[0.25, 0.5, 0.75]",False,P50,,False,42,1,static,8,,default_group,UNISIM_IV_P14_Seq2Trend,UNISIM_IV,Seq2Trend,0.6447222222222222,0.7302777777777778,2.75
UNISIM_IV_P14_Seq2Trend_trial_210,P14,f34ff4a55c8cc0beecb07aecb495d41f,210,7.6501407176486,0.9461344513347768,Seq2Trend,Normal,False,0.01,300,300,20,20,16,0.001,0.6,0.1,median,True,"[0.25, 0.5, 0.75]",False,P50,,False,42,1,static,8,,default_group,UNISIM_IV_P14_Seq2Trend,UNISIM_IV,Seq2Trend,0.6447222222222222,0.7302777777777778,2.75
UNISIM_IV_P14_Seq2Trend_trial_195,P14,dcade67abb8cba23090ec3413a36a0d6,195,7.6501407176486,0.9461344513347768,Seq2Trend,Normal,False,0.01,300,300,20,20,16,0.001,0.6,0.1,median,True,"[0.25, 0.5, 0.75]",False,P50,,False,42,1,static,8,,default_group,UNISIM_IV_P14_Seq2Trend,UNISIM_IV,Seq2Trend,0.6447222222222222,0.7302777777777778,2.75
UNISIM_IV_P14_Seq2Trend_trial_169,P14,6e7db51ae1a456e000719955403c6968,169,7.6501407176486,0.9461344513347768,Seq2Trend,Normal,False,0.01,300,300,20,20,16,0.001,0.6,0.1,median,True,"[0.25, 0.5, 0.75]",False,P50,,False,42,1,static,8,,default_group,UNISIM_IV_P14_Seq2Trend,UNISIM_IV,Seq2Trend,0.6447222222222222,0.7302777777777778,2.75
UNISIM_IV_P14_Seq2Trend_trial_166,P14,fb489c0fc8473dcd919ef9a14c457361,166,7.6501407176486,0.9461344513347768,Seq2Trend,Normal,False,0.01,300,300,20,20,16,0.001,0.6,0.1,median,True,"[0.25, 0.5, 0.75]",False,P50,,False,42,1,static,8,,default_group,UNISIM_IV_P14_Seq2Trend,UNISIM_IV,Seq2Trend,0.6447222222222222,0.7302777777777778,2.75
UNISIM_IV_P14_Seq2Trend_trial_214,P14,e7f063c720a57cecaf95e9c3ed0687e4,214,7.6501407176486,0.9461344513347768,Seq2Trend,Normal,False,0.01,300,300,20,20,16,0.001,0.6,0.1,median,True,"[0.25, 0.5, 0.75]",False,P50,,False,42,1,static,8,,default_group,UNISIM_IV_P14_Seq2Trend,UNISIM_IV,Seq2Trend,0.6447222222222222,0.7302777777777778,2.75
UNISIM_IV_P14_Seq2Trend_trial_248,P14,82aa93db7b067169796a18d9269755dd,248,7.6501407176486,0.9461344513347768,Seq2Trend,Normal,False,0.01,300,300,20,20,16,0.001,0.6,0.1,median,True,"[0.25, 0.5, 0.75]",False,P50,,False,42,1,static,8,,default_group,UNISIM_IV_P14_Seq2Trend,UNISIM_IV,Seq2Trend,0.6447222222222222,0.7302777777777778,2.75
UNISIM_IV_P14_Seq2Trend_trial_247,P14,ea28ff7007b6ee0ffa711af9748ffb7b,247,7.6501407176486,0.9461344513347768,Seq2Trend,Normal,False,0.01,300,300,20,20,16,0.001,0.6,0.1,median,True,"[0.25, 0.5, 0.75]",False,P50,,False,42,1,static,8,,default_group,UNISIM_IV_P14_Seq2Trend,UNISIM_IV,Seq2Trend,0.6447222222222222,0.7302777777777778,2.75
UNISIM_IV_P14_Seq2Trend_trial_234,P14,688ced7d8dbf11fe83937d53f86b2ab3,234,7.6501407176486,0.9461344513347768,Seq2Trend,Normal,False,0.01,300,300,20,20,16,0.001,0.6,0.1,median,True,"[0.25, 0.5, 0.75]",False,P50,,False,42,1,static,8,,default_group,UNISIM_IV_P14_Seq2Trend,UNISIM_IV,Seq2Trend,0.6447222222222222,0.7302777777777778,2.75
UNISIM_IV_P14_Seq2Trend_trial_231,P14,7609e3ff81338fd4759628da6c5e8079,231,7.6501407176486,0.9461344513347768,Seq2Trend,Normal,False,0.01,300,300,20,20,16,0.001,0.6,0.1,median,True,"[0.25, 0.5, 0.75]",False,P50,,False,42,1,static,8,,default_group,UNISIM_IV_P14_Seq2Trend,UNISIM_IV,Seq2Trend,0.6447222222222222,0.7302777777777778,2.75
UNISIM_IV_P14_Seq2Trend_trial_209,P14,b09ed2080253ed8f368480df6a0999b3,209,7.6501407176486,0.9461344513347768,Seq2Trend,Normal,False,0.01,300,300,20,20,16,0.001,0.6,0.1,median,True,"[0.25, 0.5, 0.75]",False,P50,,False,42,1,static,8,,default_group,UNISIM_IV_P14_Seq2Trend,UNISIM_IV,Seq2Trend,0.6447222222222222,0.7302777777777778,2.75
UNISIM_IV_P14_Seq2Trend_trial_158,P14,f6a119a54c78e5c3c407c0bc24a10e2f,158,7.6501407176486,0.9461344513347768,Seq2Trend,Normal,False,0.01,300,300,20,20,16,0.001,0.6,0.1,median,True,"[0.25, 0.5, 0.75]",False,P50,,False,42,1,static,8,,default_group,UNISIM_IV_P14_Seq2Trend,UNISIM_IV,Seq2Trend,0.6447222222222222,0.7302777777777778,2.75
UNISIM_IV_P14_Seq2Trend_trial_156,P14,103c7d0fed6312b0aaacd181ff061ad7,156,7.6501407176486,0.9461344513347768,Seq2Trend,Normal,False,0.01,300,300,20,20,16,0.001,0.6,0.1,median,True,"[0.25, 0.5, 0.75]",False,P50,,False,42,1,static,8,,default_group,UNISIM_IV_P14_Seq2Trend,UNISIM_IV,Seq2Trend,0.6447222222222222,0.7302777777777778,2.75
UNISIM_IV_P14_Seq2Trend_trial_212,P14,40a351937b5b88b6eedbc352b41ba360,212,7.6501407176486,0.9461344513347768,Seq2Trend,Normal,False,0.01,300,300,20,20,16,0.001,0.6,0.1,median,True,"[0.25, 0.5, 0.75]",False,P50,,False,42,1,static,8,,default_group,UNISIM_IV_P14_Seq2Trend,UNISIM_IV,Seq2Trend,0.6447222222222222,0.7302777777777778,2.75
UNISIM_IV_P14_Seq2Trend_trial_225,P14,c33c06ad42073d7bbc3c75dc0051b117,225,7.6501407176486,0.9461344513347768,Seq2Trend,Normal,False,0.01,300,300,20,20,16,0.001,0.6,0.1,median,True,"[0.25, 0.5, 0.75]",False,P50,,False,42,1,static,8,,default_group,UNISIM_IV_P14_Seq2Trend,UNISIM_IV,Seq2Trend,0.6447222222222222,0.7302777777777778,2.75
UNISIM_IV_P14_Seq2Trend_trial_229,P14,3def634a4ce1527938d599e2be916dc4,229,7.6501407176486,0.9461344513347768,Seq2Trend,Normal,False,0.01,300,300,20,20,16,0.001,0.6,0.1,median,True,"[0.25, 0.5, 0.75]",False,P50,,False,42,1,static,8,,default_group,UNISIM_IV_P14_Seq2Trend,UNISIM_IV,Seq2Trend,0.6447222222222222,0.7302777777777778,2.75
UNISIM_IV_P14_Seq2Trend_trial_190,P14,98b4b8eb67acf89414d5bc9516725f27,190,7.6501407176486,0.9461344513347768,Seq2Trend,Normal,False,0.01,300,300,20,20,16,0.001,0.6,0.1,median,True,"[0.25, 0.5, 0.75]",False,P50,,False,42,1,static,8,,default_group,UNISIM_IV_P14_Seq2Trend,UNISIM_IV,Seq2Trend,0.6447222222222222,0.7302777777777778,2.75
UNISIM_IV_P14_Seq2Trend_trial_217,P14,5a1167bd5b93de99d8450cbe3fe52557,217,7.6501407176486,0.9461344513347768,Seq2Trend,Normal,False,0.01,300,300,20,20,16,0.001,0.6,0.1,median,True,"[0.25, 0.5, 0.75]",False,P50,,False,42,1,static,8,,default_group,UNISIM_IV_P14_Seq2Trend,UNISIM_IV,Seq2Trend,0.6447222222222222,0.7302777777777778,2.75
UNISIM_IV_P14_Seq2Trend_trial_207,P14,1a1ad1f3e2fd9103f42a5185ff769063,207,7.6501407176486,0.9461344513347768,Seq2Trend,Normal,False,0.01,300,300,20,20,16,0.001,0.6,0.1,median,True,"[0.25, 0.5, 0.75]",False,P50,,False,42,1,static,8,,default_group,UNISIM_IV_P14_Seq2Trend,UNISIM_IV,Seq2Trend,0.6447222222222222,0.7302777777777778,2.75
UNISIM_IV_P14_Seq2Trend_trial_197,P14,16fa81dfd0c185f0d8509adc261db44e,197,7.6501407176486,0.9461344513347768,Seq2Trend,Normal,False,0.01,300,300,20,20,16,0.001,0.6,0.1,median,True,"[0.25, 0.5, 0.75]",False,P50,,False,42,1,static,8,,default_group,UNISIM_IV_P14_Seq2Trend,UNISIM_IV,Seq2Trend,0.6447222222222222,0.7302777777777778,2.75
UNISIM_IV_P14_Seq2Trend_trial_203,P14,ec30330107c0a087e4c2c78937dffa36,203,7.6501407176486,0.9461344513347768,Seq2Trend,Normal,False,0.01,300,300,20,20,16,0.001,0.6,0.1,median,True,"[0.25, 0.5, 0.75]",False,P50,,False,42,1,static,8,,default_group,UNISIM_IV_P14_Seq2Trend,UNISIM_IV,Seq2Trend,0.6447222222222222,0.7302777777777778,2.75
UNISIM_IV_P14_Seq2Trend_trial_178,P14,d934368b68a81f17130fe606aea43868,178,7.6501407176486,0.9461344513347768,Seq2Trend,Normal,False,0.01,300,300,20,20,16,0.001,0.6,0.1,median,True,"[0.25, 0.5, 0.75]",False,P50,,False,42,1,static,8,,default_group,UNISIM_IV_P14_Seq2Trend,UNISIM_IV,Seq2Trend,0.6447222222222222,0.7302777777777778,2.75
UNISIM_IV_P14_Seq2Trend_trial_220,P14,dfcfb67960405dd7c3a81f304e7d42fc,220,7.6501407176486,0.9461344513347768,Seq2Trend,Normal,False,0.01,300,300,20,20,16,0.001,0.6,0.1,median,True,"[0.25, 0.5, 0.75]",False,P50,,False,42,1,static,8,,default_group,UNISIM_IV_P14_Seq2Trend,UNISIM_IV,Seq2Trend,0.6447222222222222,0.7302777777777778,2.75
UNISIM_IV_P14_Seq2Trend_trial_223,P14,8528d2006bb2fda2a4dbf5bcde1a5ae9,223,7.6501407176486,0.9461344513347768,Seq2Trend,Normal,False,0.01,300,300,20,20,16,0.001,0.6,0.1,median,True,"[0.25, 0.5, 0.75]",False,P50,,False,42,1,static,8,,default_group,UNISIM_IV_P14_Seq2Trend,UNISIM_IV,Seq2Trend,0.6447222222222222,0.7302777777777778,2.75
UNISIM_IV_P14_Seq2Trend_trial_211,P14,0e0c55a50ae73ed43d8bbd9f4bfb766a,211,7.6501407176486,0.9461344513347768,Seq2Trend,Normal,False,0.01,300,300,20,20,16,0.001,0.6,0.1,median,True,"[0.25, 0.5, 0.75]",False,P50,,False,42,1,static,8,,default_group,UNISIM_IV_P14_Seq2Trend,UNISIM_IV,Seq2Trend,0.6447222222222222,0.7302777777777778,2.75
UNISIM_IV_P14_Seq2Trend_trial_163,P14,047652178b8d8f3436b8f88375f2b30c,163,7.6501407176486,0.9461344513347768,Seq2Trend,Normal,False,0.01,300,300,20,20,16,0.001,0.6,0.1,median,True,"[0.25, 0.5, 0.75]",False,P50,,False,42,1,static,8,,default_group,UNISIM_IV_P14_Seq2Trend,UNISIM_IV,Seq2Trend,0.6447222222222222,0.7302777777777778,2.75
UNISIM_IV_P14_Seq2Trend_trial_244,P14,a865dcef2c5c4a05f4110693f260bb02,244,7.6501407176486,0.9461344513347768,Seq2Trend,Normal,False,0.01,300,300,20,20,16,0.001,0.6,0.1,median,True,"[0.25, 0.5, 0.75]",False,P50,,False,42,1,static,8,,default_group,UNISIM_IV_P14_Seq2Trend,UNISIM_IV,Seq2Trend,0.6447222222222222,0.7302777777777778,2.75
UNISIM_IV_P14_Seq2Trend_trial_201,P14,86b199e0b4b43a7fe8071c22ec595404,201,7.6501407176486,0.9461344513347768,Seq2Trend,Normal,False,0.01,300,300,20,20,16,0.001,0.6,0.1,median,True,"[0.25, 0.5, 0.75]",False,P50,,False,42,1,static,8,,default_group,UNISIM_IV_P14_Seq2Trend,UNISIM_IV,Seq2Trend,0.6447222222222222,0.7302777777777778,2.75
UNISIM_IV_P14_Seq2Trend_trial_159,P14,0afd8c51cc1989cfb0d2f5a3d05471f0,159,7.6501407176486,0.9461344513347768,Seq2Trend,Normal,False,0.01,300,300,20,20,16,0.001,0.6,0.1,median,True,"[0.25, 0.5, 0.75]",False,P50,,False,42,1,static,8,,default_group,UNISIM_IV_P14_Seq2Trend,UNISIM_IV,Seq2Trend,0.6447222222222222,0.7302777777777778,2.75
UNISIM_IV_P14_Seq2Trend_trial_154,P14,02f1b84f1b48b1728877d975eaecb941,154,7.6501407176486,0.9461344513347768,Seq2Trend,Normal,False,0.01,300,300,20,20,16,0.001,0.6,0.1,median,True,"[0.25, 0.5, 0.75]",False,P50,,False,42,1,static,8,,default_group,UNISIM_IV_P14_Seq2Trend,UNISIM_IV,Seq2Trend,0.6447222222222222,0.7302777777777778,2.75
UNISIM_IV_P14_Seq2Trend_trial_215,P14,fcfdbec1480ec959e273d222c24d50ec,215,7.6501407176486,0.9461344513347768,Seq2Trend,Normal,False,0.01,300,300,20,20,16,0.001,0.6,0.1,median,True,"[0.25, 0.5, 0.75]",False,P50,,False,42,1,static,8,,default_group,UNISIM_IV_P14_Seq2Trend,UNISIM_IV,Seq2Trend,0.6447222222222222,0.7302777777777778,2.75
UNISIM_IV_P14_Seq2Trend_trial_180,P14,ceebb3167d960a141501e8c7b3c05df6,180,7.6501407176486,0.9461344513347768,Seq2Trend,Normal,False,0.01,300,300,20,20,16,0.001,0.6,0.1,median,True,"[0.25, 0.5, 0.75]",False,P50,,False,42,1,static,8,,default_group,UNISIM_IV_P14_Seq2Trend,UNISIM_IV,Seq2Trend,0.6447222222222222,0.7302777777777778,2.75
UNISIM_IV_P14_Seq2Trend_trial_235,P14,d0fe1f91dadc36abdac657ddc258f17b,235,7.6501407176486,0.9461344513347768,Seq2Trend,Normal,False,0.01,300,300,20,20,16,0.001,0.6,0.1,median,True,"[0.25, 0.5, 0.75]",False,P50,,False,42,1,static,8,,default_group,UNISIM_IV_P14_Seq2Trend,UNISIM_IV,Seq2Trend,0.6447222222222222,0.7302777777777778,2.75
UNISIM_IV_P14_Seq2Trend_trial_153,P14,76a9df576b308bc14a167204344acb4b,153,7.6501407176486,0.9461344513347768,Seq2Trend,Normal,False,0.01,300,300,20,20,16,0.001,0.6,0.1,median,True,"[0.25, 0.5, 0.75]",False,P50,,False,42,1,static,8,,default_group,UNISIM_IV_P14_Seq2Trend,UNISIM_IV,Seq2Trend,0.6447222222222222,0.7302777777777778,2.75
UNISIM_IV_P14_Seq2Trend_trial_245,P14,44168b695391ca3a7e6dcdf85395f465,245,7.6501407176486,0.9461344513347768,Seq2Trend,Normal,False,0.01,300,300,20,20,16,0.001,0.6,0.1,median,True,"[0.25, 0.5, 0.75]",False,P50,,False,42,1,static,8,,default_group,UNISIM_IV_P14_Seq2Trend,UNISIM_IV,Seq2Trend,0.6447222222222222,0.7302777777777778,2.75
UNISIM_IV_P14_Seq2Trend_trial_171,P14,b8f0d19121aa0846cb1315b1c653e55c,171,7.6501407176486,0.9461344513347768,Seq2Trend,Normal,False,0.01,300,300,20,20,16,0.001,0.6,0.1,median,True,"[0.25, 0.5, 0.75]",False,P50,,False,42,1,static,8,,default_group,UNISIM_IV_P14_Seq2Trend,UNISIM_IV,Seq2Trend,0.6447222222222222,0.7302777777777778,2.75
UNISIM_IV_P14_Seq2Trend_trial_186,P14,1a1096f7044412c359f96194f5d2dd54,186,7.6501407176486,0.9461344513347768,Seq2Trend,Normal,False,0.01,300,300,20,20,16,0.001,0.6,0.1,median,True,"[0.25, 0.5, 0.75]",False,P50,,False,42,1,static,8,,default_group,UNISIM_IV_P14_Seq2Trend,UNISIM_IV,Seq2Trend,0.6447222222222222,0.7302777777777778,2.75
UNISIM_IV_P14_Seq2Trend_trial_151,P14,6cbc2aa9e3c439f84f5066fe82da7d5f,151,7.6501407176486,0.9461344513347768,Seq2Trend,Normal,False,0.01,300,300,20,20,16,0.001,0.6,0.1,median,True,"[0.25, 0.5, 0.75]",False,P50,,False,42,1,static,8,,default_group,UNISIM_IV_P14_Seq2Trend,UNISIM_IV,Seq2Trend,0.6447222222222222,0.7302777777777778,2.75
UNISIM_IV_P14_Seq2Trend_trial_192,P14,5af60c05f7b17c4a0cc832051900cd85,192,7.6501407176486,0.9461344513347768,Seq2Trend,Normal,False,0.01,300,300,20,20,16,0.001,0.6,0.1,median,True,"[0.25, 0.5, 0.75]",False,P50,,False,42,1,static,8,,default_group,UNISIM_IV_P14_Seq2Trend,UNISIM_IV,Seq2Trend,0.6447222222222222,0.7302777777777778,2.75
UNISIM_IV_P14_Seq2Trend_trial_241,P14,4869f83ab74366436a90938d5a15c663,241,7.6501407176486,0.9461344513347768,Seq2Trend,Normal,False,0.01,300,300,20,20,16,0.001,0.6,0.1,median,True,"[0.25, 0.5, 0.75]",False,P50,,False,42,1,static,8,,default_group,UNISIM_IV_P14_Seq2Trend,UNISIM_IV,Seq2Trend,0.6447222222222222,0.7302777777777778,2.75
UNISIM_IV_P14_Seq2Trend_trial_213,P14,f8642afd5d7bf3a22b3e711323b99b09,213,7.6501407176486,0.9461344513347768,Seq2Trend,Normal,False,0.01,300,300,20,20,16,0.001,0.6,0.1,median,True,"[0.25, 0.5, 0.75]",False,P50,,False,42,1,static,8,,default_group,UNISIM_IV_P14_Seq2Trend,UNISIM_IV,Seq2Trend,0.6447222222222222,0.7302777777777778,2.75
UNISIM_IV_P14_Seq2Trend_trial_242,P14,477c5566bda0efe5600e2619f3321f91,242,7.6501407176486,0.9461344513347768,Seq2Trend,Normal,False,0.01,300,300,20,20,16,0.001,0.6,0.1,median,True,"[0.25, 0.5, 0.75]",False,P50,,False,42,1,static,8,,default_group,UNISIM_IV_P14_Seq2Trend,UNISIM_IV,Seq2Trend,0.6447222222222222,0.7302777777777778,2.75
UNISIM_IV_P14_Seq2Trend_trial_226,P14,e574d1610c67a1c0a74d94b372a62116,226,7.6501407176486,0.9461344513347768,Seq2Trend,Normal,False,0.01,300,300,20,20,16,0.001,0.6,0.1,median,True,"[0.25, 0.5, 0.75]",False,P50,,False,42,1,static,8,,default_group,UNISIM_IV_P14_Seq2Trend,UNISIM_IV,Seq2Trend,0.6447222222222222,0.7302777777777778,2.75
UNISIM_IV_P14_Seq2Trend_trial_237,P14,50b0ba9948a3814e638415100648ebb5,237,7.6501407176486,0.9461344513347768,Seq2Trend,Normal,False,0.01,300,300,20,20,16,0.001,0.6,0.1,median,True,"[0.25, 0.5, 0.75]",False,P50,,False,42,1,static,8,,default_group,UNISIM_IV_P14_Seq2Trend,UNISIM_IV,Seq2Trend,0.6447222222222222,0.7302777777777778,2.75
UNISIM_IV_P14_Seq2Trend_trial_191,P14,a48219861beafb9d7ddab4a297430ee9,191,7.6501407176486,0.9461344513347768,Seq2Trend,Normal,False,0.01,300,300,20,20,16,0.001,0.6,0.1,median,True,"[0.25, 0.5, 0.75]",False,P50,,False,42,1,static,8,,default_group,UNISIM_IV_P14_Seq2Trend,UNISIM_IV,Seq2Trend,0.6447222222222222,0.7302777777777778,2.75
UNISIM_IV_P14_Seq2Trend_trial_200,P14,ec4460a08ad4533bcbbeba9ecbc24560,200,7.6501407176486,0.9461344513347768,Seq2Trend,Normal,False,0.01,300,300,20,20,16,0.001,0.6,0.1,median,True,"[0.25, 0.5, 0.75]",False,P50,,False,42,1,static,8,,default_group,UNISIM_IV_P14_Seq2Trend,UNISIM_IV,Seq2Trend,0.6447222222222222,0.7302777777777778,2.75
UNISIM_IV_P14_Seq2Trend_trial_183,P14,27523e3b79864e48f5115fa11af91a67,183,7.6501407176486,0.9461344513347768,Seq2Trend,Normal,False,0.01,300,300,20,20,16,0.001,0.6,0.1,median,True,"[0.25, 0.5, 0.75]",False,P50,,False,42,1,static,2,,default_group,UNISIM_IV_P14_Seq2Trend,UNISIM_IV,Seq2Trend,0.6447222222222222,0.7302777777777778,2.75
UNISIM_IV_P14_Seq2Trend_trial_202,P14,feec831f2d736fe1cf0a7919baf22bcb,202,7.6501407176486,0.9461344513347768,Seq2Trend,Normal,False,0.01,300,300,20,20,16,0.001,0.6,0.1,median,True,"[0.25, 0.5, 0.75]",False,P50,,False,42,1,static,8,,default_group,UNISIM_IV_P14_Seq2Trend,UNISIM_IV,Seq2Trend,0.6447222222222222,0.7302777777777778,2.75
UNISIM_IV_P14_Seq2Trend_trial_185,P14,30015725634a1e8ba02105d5718af49f,185,7.6501407176486,0.9461344513347768,Seq2Trend,Normal,False,0.01,300,300,20,20,16,0.001,0.6,0.1,median,True,"[0.25, 0.5, 0.75]",False,P50,,False,42,1,static,8,,default_group,UNISIM_IV_P14_Seq2Trend,UNISIM_IV,Seq2Trend,0.6447222222222222,0.7302777777777778,2.75
UNISIM_IV_P14_Seq2Trend_trial_175,P14,97f1c64fd7c51e3f82340edee7a85c2e,175,7.6501407176486,0.9461344513347768,Seq2Trend,Normal,False,0.01,300,300,20,20,16,0.001,0.6,0.1,median,True,"[0.25, 0.5, 0.75]",False,P50,,False,42,1,static,8,,default_group,UNISIM_IV_P14_Seq2Trend,UNISIM_IV,Seq2Trend,0.6447222222222222,0.7302777777777778,2.75
UNISIM_IV_P14_Seq2Trend_trial_170,P14,176ab64b7aa5c7f0806e4bff3d1faf4a,170,7.6501407176486,0.9461344513347768,Seq2Trend,Normal,False,0.01,300,300,20,20,16,0.001,0.6,0.1,median,True,"[0.25, 0.5, 0.75]",False,P50,,False,42,1,static,8,,default_group,UNISIM_IV_P14_Seq2Trend,UNISIM_IV,Seq2Trend,0.6447222222222222,0.7302777777777778,2.75
UNISIM_IV_P15_Seq2Trend_trial_90,P15,14635a5adb01c291cf12c7f9e1a0ceec,90,7.110803387805609,0.4613086039277195,Seq2Trend,Normal,False,0.25,300,300,100,20,8,0.01,0.6,0.1,median,True,"[0.25, 0.5, 0.75]",False,P50,,False,42,1,arps,5,,default_group,UNISIM_IV_P15_Seq2Trend,UNISIM_IV,Seq2Trend,0.37333333333333335,0.6788888888888889,2.1044444444444443
UNISIM_IV_P15_Seq2Trend_trial_115,P15,9623615bae9ca68d611d59f413794b7a,115,6.966373606883783,0.4234954791903114,Seq2Trend,Normal,False,0.5,300,300,100,20,8,0.01,0.6,0.1,median,True,"[0.25, 0.5, 0.75]",False,P50,,False,42,1,arps,3,,default_group,UNISIM_IV_P15_Seq2Trend,UNISIM_IV,Seq2Trend,0.3111111111111111,0.6716666666666666,1.9655555555555555
UNISIM_IV_P15_Seq2Trend_trial_33,P15,83466aaba473c7408e7b9a61858483fe,33,6.888046204207815,0.3285220582980495,Seq2Trend,Normal,False,0.5,300,300,200,20,16,0.01,0.6,0.1,median,True,"[0.25, 0.5, 0.75]",False,P50,,False,42,1,arps,3,,default_group,UNISIM_IV_P15_Seq2Trend,UNISIM_IV,Seq2Trend,0.20277777777777778,0.64,1.6855555555555557
UNISIM_IV_P15_Seq2Trend_trial_78,P15,7421ce2a26480e18921b73364abc6340,78,28.604286346709834,7.176602509562939,Seq2Trend,Normal,False,0.5,300,300,100,20,8,0.05,0.6,0.1,median,True,"[0.25, 0.5, 0.75]",False,P50,,False,42,1,arps,5,,default_group,UNISIM_IV_P15_Seq2Trend,UNISIM_IV,Seq2Trend,0.9583333333333334,0.9538888888888889,3.8244444444444445
UNISIM_IV_P15_Seq2Trend_trial_107,P15,489336f4d837693b476a58a364ef2cff,107,6.320026943530396,0.2280575780492037,Seq2Trend,Normal,False,0.5,300,300,100,20,8,0.005,0.6,0.1,median,True,"[0.25, 0.5, 0.75]",False,P50,,False,42,1,pressure_ensemble,6,,default_group,UNISIM_IV_P15_Seq2Trend,UNISIM_IV,Seq2Trend,0.14222222222222222,0.57,1.4244444444444444
UNISIM_IV_P15_Seq2Trend_trial_8,P15,609756c93cdf64c1f3a43533678be750,8,6.049325101685741,0.3141606794960618,Seq2Trend,Normal,False,0.01,300,300,50,20,8,0.001,0.6,0.1,median,True,"[0.25, 0.5, 0.75]",False,P50,,False,42,1,arps,8,,default_group,UNISIM_IV_P15_Seq2Trend,UNISIM_IV,Seq2Trend,0.19833333333333333,0.4527777777777778,1.3022222222222222
UNISIM_IV_P15_Seq2Trend_trial_72,P15,926ad6fbf929658693e7b288c31ca6ab,72,16.361222190298044,4.069875572475623,Seq2Trend,Normal,False,0.99,300,300,50,20,8,0.05,0.6,0.1,median,True,"[0.25, 0.5, 0.75]",False,P50,,False,42,1,exponential,5,,default_group,UNISIM_IV_P15_Seq2Trend,UNISIM_IV,Seq2Trend,0.8936111111111111,0.8797222222222222,3.546666666666667
UNISIM_IV_P15_Seq2Trend_trial_135,P15,e4db0890ef0a44bfbe995e5580ff194a,135,7.317634116461365,0.5551118924010104,Seq2Trend,Normal,False,0.5,300,300,200,20,8,0.005,0.6,0.1,median,True,"[0.25, 0.5, 0.75]",False,P50,,False,42,1,static,6,,default_group,UNISIM_IV_P15_Seq2Trend,UNISIM_IV,Seq2Trend,0.4211111111111111,0.6916666666666667,2.2255555555555553
UNISIM_IV_P15_Seq2Trend_trial_9,P15,73f11c3e40f4dee4f2c87e7758418f3e,9,6.191924505507721,0.2514099777876763,Seq2Trend,Normal,False,0.25,300,300,200,20,16,0.01,0.6,0.1,median,True,"[0.25, 0.5, 0.75]",False,P50,,False,42,1,pressure_ensemble,7,,default_group,UNISIM_IV_P15_Seq2Trend,UNISIM_IV,Seq2Trend,0.16722222222222222,0.5416666666666666,1.4177777777777778
UNISIM_IV_P15_Seq2Trend_trial_122,P15,363d95a8586a880c76652a3f7a834cd1,122,6.156821125559486,0.2370466948467455,Seq2Trend,Normal,False,0.99,300,300,100,20,8,0.001,0.6,0.1,median,True,"[0.25, 0.5, 0.75]",False,P50,,False,42,1,static,6,,default_group,UNISIM_IV_P15_Seq2Trend,UNISIM_IV,Seq2Trend,0.1527777777777778,0.5322222222222223,1.37
UNISIM_IV_P15_Seq2Trend_trial_144,P15,1c76f8e03bce469673fc81a35f24c073,144,6.504221748446323,0.2468071913412887,Seq2Trend,Normal,False,0.01,300,300,20,20,8,0.05,0.6,0.1,median,True,"[0.25, 0.5, 0.75]",False,P50,,False,42,1,combined_exp_arps,2,,default_group,UNISIM_IV_P15_Seq2Trend,UNISIM_IV,Seq2Trend,0.16166666666666665,0.6005555555555555,1.5244444444444443
UNISIM_IV_P15_Seq2Trend_trial_111,P15,d56d088232a8c201b587402c4fac42a2,111,6.604515772373533,0.2647862406280309,Seq2Trend,Normal,False,0.25,300,300,200,20,8,0.01,0.6,0.1,median,True,"[0.25, 0.5, 0.75]",False,P50,,False,42,1,pressure_ensemble,4,,default_group,UNISIM_IV_P15_Seq2Trend,UNISIM_IV,Seq2Trend,0.17944444444444443,0.615,1.5888888888888888
UNISIM_IV_P15_Seq2Trend_trial_53,P15,78d48d87abf39e1a84f47075e558f00e,53,7.700933406949577,0.7599362280324614,Seq2Trend,Normal,False,0.99,300,300,100,20,8,0.005,0.6,0.1,median,True,"[0.25, 0.5, 0.75]",False,P50,,False,42,1,arps,3,,default_group,UNISIM_IV_P15_Seq2Trend,UNISIM_IV,Seq2Trend,0.5672222222222222,0.7594444444444445,2.6533333333333333
UNISIM_IV_P15_Seq2Trend_trial_98,P15,a47235c602c20adf48e59df69e81e7fa,98,6.044019073798966,0.2794940760688964,Seq2Trend,Normal,False,0.99,300,300,200,20,16,0.001,0.6,0.1,median,True,"[0.25, 0.5, 0.75]",False,P50,,False,42,1,exponential,4,,default_group,UNISIM_IV_P15_Seq2Trend,UNISIM_IV,Seq2Trend,0.18888888888888888,0.42388888888888887,1.2255555555555555
UNISIM_IV_P15_Seq2Trend_trial_34,P15,22a705a516d8bb94b61ae6902d32542d,34,6.589124698686653,0.2583072416967391,Seq2Trend,Normal,False,0.01,300,300,200,20,16,0.01,0.6,0.1,median,True,"[0.25, 0.5, 0.75]",False,P50,,False,42,1,arps,8,,default_group,UNISIM_IV_P15_Seq2Trend,UNISIM_IV,Seq2Trend,0.1761111111111111,0.6133333333333333,1.5788888888888888
UNISIM_IV_P15_Seq2Trend_trial_13,P15,f5637b2503e08b7c9ec4353f0f1eba07,13,16.361222190298044,4.069875572475623,Seq2Trend,Normal,False,0.99,300,300,50,20,8,0.05,0.6,0.1,median,True,"[0.25, 0.5, 0.75]",False,P50,,False,42,1,exponential,6,,default_group,UNISIM_IV_P15_Seq2Trend,UNISIM_IV,Seq2Trend,0.8936111111111111,0.8797222222222222,3.546666666666667
UNISIM_IV_P15_Seq2Trend_trial_110,P15,92bd67cd0be17090d149d15b1e3f8108,110,6.112253574186362,0.2377113888781174,Seq2Trend,Normal,False,0.5,300,300,20,20,16,0.005,0.6,0.1,median,True,"[0.25, 0.5, 0.75]",False,P50,,False,42,1,pressure_ensemble,5,,default_group,UNISIM_IV_P15_Seq2Trend,UNISIM_IV,Seq2Trend,0.15361111111111111,0.5197222222222222,1.3466666666666667
UNISIM_IV_P15_Seq2Trend_trial_129,P15,f85af49bdaf877c28ac0b17d175dcc78,129,6.370426822531794,0.2292346054780249,Seq2Trend,Normal,False,0.25,300,300,100,20,8,0.005,0.6,0.1,median,True,"[0.25, 0.5, 0.75]",False,P50,,False,42,1,arps,6,,default_group,UNISIM_IV_P15_Seq2Trend,UNISIM_IV,Seq2Trend,0.1438888888888889,0.5827777777777777,1.4533333333333331
UNISIM_IV_P15_Seq2Trend_trial_140,P15,3bb5c7ee22115665999d2c8d56bc55fc,140,5.872889768692121,0.3869619711219063,Seq2Trend,Normal,False,0.99,300,300,100,20,16,0.001,0.6,0.1,median,True,"[0.25, 0.5, 0.75]",False,P50,,False,42,1,exponential,6,,default_group,UNISIM_IV_P15_Seq2Trend,UNISIM_IV,Seq2Trend,0.3055555555555556,0.37333333333333335,1.3577777777777778
UNISIM_IV_P15_Seq2Trend_trial_138,P15,d9a7ac63278a67a3018695ad73250f52,138,6.229688054232086,0.2472854091737295,Seq2Trend,Normal,False,0.01,300,300,50,20,8,0.005,0.6,0.1,median,True,"[0.25, 0.5, 0.75]",False,P50,,False,42,1,arps,3,,default_group,UNISIM_IV_P15_Seq2Trend,UNISIM_IV,Seq2Trend,0.16277777777777777,0.55,1.4255555555555557
UNISIM_IV_P15_Seq2Trend_trial_71,P15,85a7a4e09dd92a7572cd9034e7d49358,71,5.639970869511143,0.8351548665619647,Seq2Trend,Normal,False,0.25,300,300,20,20,16,0.01,0.6,0.1,median,True,"[0.25, 0.5, 0.75]",False,P50,,False,42,1,arps,3,,default_group,UNISIM_IV_P15_Seq2Trend,UNISIM_IV,Seq2Trend,0.5908333333333333,0.29305555555555557,1.767777777777778
UNISIM_IV_P15_Seq2Trend_trial_28,P15,8ceb328403e544561951bfaae6369ae0,28,7.430986639972368,0.3952493478318653,Seq2Trend,Normal,False,0.25,300,300,200,20,8,0.05,0.6,0.1,median,True,"[0.25, 0.5, 0.75]",False,P50,,False,42,1,combined_exp_arps,4,,default_group,UNISIM_IV_P15_Seq2Trend,UNISIM_IV,Seq2Trend,0.3061111111111111,0.6966666666666667,2.0055555555555555
UNISIM_IV_P15_Seq2Trend_trial_69,P15,6de8e0ee22461fe4e954c76d554b5a5b,69,6.079320933461685,0.3024419770562563,Seq2Trend,Normal,False,0.01,300,300,50,20,16,0.001,0.6,0.1,median,True,"[0.25, 0.5, 0.75]",False,P50,,False,42,1,exponential,2,,default_group,UNISIM_IV_P15_Seq2Trend,UNISIM_IV,Seq2Trend,0.19555555555555557,0.5133333333333333,1.4177777777777778
UNISIM_IV_P15_Seq2Trend_trial_117,P15,bf2fdf3889e96d444087b61b6b1b8531,117,6.373838055473197,0.2264026422799952,Seq2Trend,Normal,False,0.99,300,300,50,20,16,0.005,0.6,0.1,median,True,"[0.25, 0.5, 0.75]",False,P50,,False,42,1,exponential,8,,default_group,UNISIM_IV_P15_Seq2Trend,UNISIM_IV,Seq2Trend,0.1413888888888889,0.5847222222222223,1.4522222222222223
UNISIM_IV_P15_Seq2Trend_trial_26,P15,2551c8df9010ce88b57635a2503ea89e,26,6.254909278399038,0.2477978802721257,Seq2Trend,Normal,False,0.01,300,300,200,20,8,0.001,0.6,0.1,median,True,"[0.25, 0.5, 0.75]",False,P50,,False,42,1,arps,2,,default_group,UNISIM_IV_P15_Seq2Trend,UNISIM_IV,Seq2Trend,0.16361111111111112,0.5580555555555555,1.4433333333333334
UNISIM_IV_P15_Seq2Trend_trial_61,P15,cc4fd3e4212c39997a1a6d4a2830285e,61,6.584496153250241,0.2547658634481614,Seq2Trend,Normal,False,0.01,300,300,200,20,16,0.01,0.6,0.1,median,True,"[0.25, 0.5, 0.75]",False,P50,,False,42,1,combined_exp_arps,5,,default_group,UNISIM_IV_P15_Seq2Trend,UNISIM_IV,Seq2Trend,0.1736111111111111,0.6125,1.5722222222222224
UNISIM_IV_P15_Seq2Trend_trial_42,P15,bc993f8aac648c2bd18a018edd3da83d,42,11.657254638359028,2.302793937054871,Seq2Trend,Normal,False,0.99,300,300,200,20,8,0.01,0.6,0.1,median,True,"[0.25, 0.5, 0.75]",False,P50,,False,42,1,static,7,,default_group,UNISIM_IV_P15_Seq2Trend,UNISIM_IV,Seq2Trend,0.8088888888888889,0.82,3.2577777777777777
UNISIM_IV_P15_Seq2Trend_trial_12,P15,4072fefaba1ecc7c8ca0f4dc93d36497,12,6.218695595665374,0.2614600101808652,Seq2Trend,Normal,False,0.01,300,300,200,20,8,0.05,0.6,0.1,median,True,"[0.25, 0.5, 0.75]",False,P50,,False,42,1,pressure_ensemble,6,,default_group,UNISIM_IV_P15_Seq2Trend,UNISIM_IV,Seq2Trend,0.17777777777777778,0.5466666666666666,1.448888888888889
UNISIM_IV_P15_Seq2Trend_trial_97,P15,bbd937c1b61578e7e566a152cb444ca7,97,6.241720934120567,0.2299827202789394,Seq2Trend,Normal,False,0.5,300,300,100,20,8,0.001,0.6,0.1,median,True,"[0.25, 0.5, 0.75]",False,P50,,False,42,1,combined_exp_arps,3,,default_group,UNISIM_IV_P15_Seq2Trend,UNISIM_IV,Seq2Trend,0.1461111111111111,0.5522222222222222,1.3966666666666665
UNISIM_IV_P15_Seq2Trend_trial_36,P15,2061f3a1676434eccbcc5ac43ac4bf05,36,6.690089755690673,1.2758419261997789,Seq2Trend,Normal,False,0.25,300,300,20,20,16,0.001,0.6,0.1,median,True,"[0.25, 0.5, 0.75]",False,P50,,False,42,1,pressure_ensemble,3,,default_group,UNISIM_IV_P15_Seq2Trend,UNISIM_IV,Seq2Trend,0.7316666666666667,0.6277777777777778,2.718888888888889
UNISIM_IV_P15_Seq2Trend_trial_132,P15,5738a02fa8aa347d4d2f19e878bb5a79,132,7.855451791043311,0.8424513275424872,Seq2Trend,Normal,False,0.99,300,300,50,20,16,0.01,0.6,0.1,median,True,"[0.25, 0.5, 0.75]",False,P50,,False,42,1,arps,7,,default_group,UNISIM_IV_P15_Seq2Trend,UNISIM_IV,Seq2Trend,0.5933333333333334,0.7627777777777778,2.7122222222222225
UNISIM_IV_P15_Seq2Trend_trial_16,P15,1d2f48f3ca06fc89926f9b3305ba2846,16,6.12804684125692,0.2676327951011569,Seq2Trend,Normal,False,0.01,300,300,200,20,16,0.001,0.6,0.1,median,True,"[0.25, 0.5, 0.75]",False,P50,,False,42,1,combined_exp_arps,8,,default_group,UNISIM_IV_P15_Seq2Trend,UNISIM_IV,Seq2Trend,0.18222222222222223,0.525,1.4144444444444444
UNISIM_IV_P15_Seq2Trend_trial_0,P15,2868e56c333d8b46044711f7535fd80b,0,6.569444674656011,0.2400383043132919,Seq2Trend,Normal,False,0.99,300,300,50,20,8,0.005,0.6,0.1,median,True,"[0.25, 0.5, 0.75]",False,P50,,False,42,1,arps,8,,default_group,UNISIM_IV_P15_Seq2Trend,UNISIM_IV,Seq2Trend,0.15555555555555556,0.61,1.531111111111111
UNISIM_IV_P15_Seq2Trend_trial_15,P15,b7fdbf355bfa74dd1cc4523ecfd6d11b,15,6.334030258784977,0.2319140621523807,Seq2Trend,Normal,False,0.99,300,300,200,20,16,0.01,0.6,0.1,median,True,"[0.25, 0.5, 0.75]",False,P50,,False,42,1,combined_exp_arps,2,,default_group,UNISIM_IV_P15_Seq2Trend,UNISIM_IV,Seq2Trend,0.14777777777777779,0.5722222222222222,1.44
UNISIM_IV_P15_Seq2Trend_trial_127,P15,578c55820f68319bd87b832256bbd39d,127,11.767158426741869,2.3729154009614755,Seq2Trend,Normal,False,0.99,300,300,100,20,8,0.05,0.6,0.1,median,True,"[0.25, 0.5, 0.75]",False,P50,,False,42,1,arps,2,,default_group,UNISIM_IV_P15_Seq2Trend,UNISIM_IV,Seq2Trend,0.8116666666666666,0.8222222222222222,3.267777777777778
UNISIM_IV_P15_Seq2Trend_trial_118,P15,4283a492120cc5ddcfc0b37225c48c43,118,9.655567751859769,1.4627261131265883,Seq2Trend,Normal,False,0.5,300,300,100,20,16,0.05,0.6,0.1,median,True,"[0.25, 0.5, 0.75]",False,P50,,False,42,1,combined_exp_arps,6,,default_group,UNISIM_IV_P15_Seq2Trend,UNISIM_IV,Seq2Trend,0.7469444444444444,0.7963888888888889,3.086666666666667
UNISIM_IV_P15_Seq2Trend_trial_1,P15,6159fc8c415f0c0187cfad6c9354ff2b,1,6.254909278399038,0.2477978802721257,Seq2Trend,Normal,False,0.01,300,300,200,20,8,0.001,0.6,0.1,median,True,"[0.25, 0.5, 0.75]",False,P50,,False,42,1,arps,4,,default_group,UNISIM_IV_P15_Seq2Trend,UNISIM_IV,Seq2Trend,0.16361111111111112,0.5580555555555555,1.4433333333333334
UNISIM_IV_P15_Seq2Trend_trial_5,P15,96f1c58d098a669edb9a86208b17c337,5,6.5643417899057015,0.24238965096545,Seq2Trend,Normal,False,0.25,300,300,200,20,8,0.005,0.6,0.1,median,True,"[0.25, 0.5, 0.75]",False,P50,,False,42,1,static,5,,default_group,UNISIM_IV_P15_Seq2Trend,UNISIM_IV,Seq2Trend,0.15833333333333333,0.6094444444444445,1.5355555555555556
UNISIM_IV_P15_Seq2Trend_trial_85,P15,3e0a6da32b4a15894bd2f4d672fd49a2,85,5.840769670326891,0.4453768737481483,Seq2Trend,Normal,False,0.5,300,300,20,20,8,0.005,0.6,0.1,median,True,"[0.25, 0.5, 0.75]",False,P50,,False,42,1,pressure_ensemble,3,,default_group,UNISIM_IV_P15_Seq2Trend,UNISIM_IV,Seq2Trend,0.36944444444444446,0.31166666666666665,1.3622222222222222
UNISIM_IV_P15_Seq2Trend_trial_81,P15,02a3fb978b61b16726f41391ece8092a,81,7.189436229090878,0.5098259008178184,Seq2Trend,Normal,False,0.99,300,300,100,20,8,0.01,0.6,0.1,median,True,"[0.25, 0.5, 0.75]",False,P50,,False,42,1,combined_exp_arps,2,,default_group,UNISIM_IV_P15_Seq2Trend,UNISIM_IV,Seq2Trend,0.38166666666666665,0.6855555555555556,2.1344444444444446
UNISIM_IV_P15_Seq2Trend_trial_105,P15,287587109f481a3078884c7bb11a3863,105,6.892586424587425,0.3577423817126719,Seq2Trend,Normal,False,0.5,300,300,200,20,16,0.01,0.6,0.1,median,True,"[0.25, 0.5, 0.75]",False,P50,,False,42,1,static,8,,default_group,UNISIM_IV_P15_Seq2Trend,UNISIM_IV,Seq2Trend,0.24,0.6677777777777778,1.8155555555555556
UNISIM_IV_P15_Seq2Trend_trial_41,P15,f2bee69baa2e4e849fc1c06c7742f3e8,41,6.024345669782258,0.2636763633076937,Seq2Trend,Normal,False,0.25,300,300,50,20,16,0.01,0.6,0.1,median,True,"[0.25, 0.5, 0.75]",False,P50,,False,42,1,pressure_ensemble,5,,default_group,UNISIM_IV_P15_Seq2Trend,UNISIM_IV,Seq2Trend,0.17888888888888888,0.41888888888888887,1.1955555555555555
UNISIM_IV_P15_Seq2Trend_trial_133,P15,546b05d04becb1cee0b31eb77cb30778,133,6.189351466457681,0.2146228791692615,Seq2Trend,Normal,False,0.25,300,300,20,20,8,0.05,0.6,0.1,median,True,"[0.25, 0.5, 0.75]",False,P50,,False,42,1,combined_exp_arps,8,,default_group,UNISIM_IV_P15_Seq2Trend,UNISIM_IV,Seq2Trend,0.1388888888888889,0.5411111111111111,1.3599999999999999
UNISIM_IV_P15_Seq2Trend_trial_52,P15,e929d723a6d700b5fb3cb4130b6a5f79,52,8.110360587941193,0.9092962662107776,Seq2Trend,Normal,False,0.5,300,300,200,20,8,0.05,0.6,0.1,median,True,"[0.25, 0.5, 0.75]",False,P50,,False,42,1,static,8,,default_group,UNISIM_IV_P15_Seq2Trend,UNISIM_IV,Seq2Trend,0.6111111111111112,0.7677777777777778,2.757777777777778
UNISIM_IV_P15_Seq2Trend_trial_60,P15,48b762fa9786fbdc228a958886567e17,60,6.373838055473197,0.2264026422799952,Seq2Trend,Normal,False,0.99,300,300,50,20,16,0.005,0.6,0.1,median,True,"[0.25, 0.5, 0.75]",False,P50,,False,42,1,exponential,4,,default_group,UNISIM_IV_P15_Seq2Trend,UNISIM_IV,Seq2Trend,0.1413888888888889,0.5847222222222223,1.4522222222222223
UNISIM_IV_P15_Seq2Trend_trial_75,P15,3b96c29aba33cbe9c06f25f4427afcae,75,7.514093275204889,0.6813237065048612,Seq2Trend,Normal,False,0.99,300,300,50,20,8,0.005,0.6,0.1,median,True,"[0.25, 0.5, 0.75]",False,P50,,False,42,1,exponential,3,,default_group,UNISIM_IV_P15_Seq2Trend,UNISIM_IV,Seq2Trend,0.5388888888888889,0.6988888888888889,2.4755555555555553
UNISIM_IV_P15_Seq2Trend_trial_7,P15,a8c9d4705e89b0aad84593d0b1e378f8,7,6.005535748852173,0.256679935416974,Seq2Trend,Normal,False,0.5,300,300,100,20,16,0.001,0.6,0.1,median,True,"[0.25, 0.5, 0.75]",False,P50,,False,42,1,pressure_ensemble,4,,default_group,UNISIM_IV_P15_Seq2Trend,UNISIM_IV,Seq2Trend,0.17555555555555555,0.41555555555555557,1.1822222222222223
UNISIM_IV_P15_Seq2Trend_trial_67,P15,2fc65add83a574301c8624406a01c6f5,67,6.0343042085905205,0.2532648477518745,Seq2Trend,Normal,False,0.25,300,300,50,20,16,0.001,0.6,0.1,median,True,"[0.25, 0.5, 0.75]",False,P50,,False,42,1,combined_exp_arps,3,,default_group,UNISIM_IV_P15_Seq2Trend,UNISIM_IV,Seq2Trend,0.17222222222222222,0.4211111111111111,1.1866666666666665
UNISIM_IV_P15_Seq2Trend_trial_46,P15,7e5eee79da53995d05ca931307b9ad6e,46,8.594616744247686,1.0907571682861643,Seq2Trend,Normal,False,0.99,300,300,20,20,8,0.05,0.6,0.1,median,True,"[0.25, 0.5, 0.75]",False,P50,,False,42,1,static,3,,default_group,UNISIM_IV_P15_Seq2Trend,UNISIM_IV,Seq2Trend,0.7205555555555555,0.7766666666666666,2.9944444444444445
UNISIM_IV_P15_Seq2Trend_trial_113,P15,dd7a5b0dedcffc83a6d7a8059c5f8685,113,6.360279398386477,0.2414335268320518,Seq2Trend,Normal,False,0.01,300,300,200,20,8,0.001,0.6,0.1,median,True,"[0.25, 0.5, 0.75]",False,P50,,False,42,1,static,7,,default_group,UNISIM_IV_P15_Seq2Trend,UNISIM_IV,Seq2Trend,0.15777777777777777,0.58,1.4755555555555555
UNISIM_IV_P15_Seq2Trend_trial_93,P15,bf7d99d02ed5bb2e19bb9dd2423ea8c8,93,6.205725275721716,0.2353639022841555,Seq2Trend,Normal,False,0.5,300,300,200,20,8,0.001,0.6,0.1,median,True,"[0.25, 0.5, 0.75]",False,P50,,False,42,1,exponential,5,,default_group,UNISIM_IV_P15_Seq2Trend,UNISIM_IV,Seq2Trend,0.1511111111111111,0.5461111111111111,1.3944444444444444
UNISIM_IV_P15_Seq2Trend_trial_45,P15,1533e758a0120de6f85107d0d8f22267,45,6.445955411472734,0.2495090115857715,Seq2Trend,Normal,False,0.01,300,300,100,20,16,0.05,0.6,0.1,median,True,"[0.25, 0.5, 0.75]",False,P50,,False,42,1,pressure_ensemble,6,,default_group,UNISIM_IV_P15_Seq2Trend,UNISIM_IV,Seq2Trend,0.16555555555555557,0.5916666666666667,1.5144444444444445
UNISIM_IV_P15_Seq2Trend_trial_91,P15,d8cf5a337662c223d0bba4db87bccc61,91,5.715468910004138,0.5246345022806879,Seq2Trend,Normal,False,0.5,300,300,20,20,16,0.005,0.6,0.1,median,True,"[0.25, 0.5, 0.75]",False,P50,,False,42,1,exponential,2,,default_group,UNISIM_IV_P15_Seq2Trend,UNISIM_IV,Seq2Trend,0.4116666666666667,0.3022222222222222,1.4277777777777778
UNISIM_IV_P15_Seq2Trend_trial_100,P15,b8c15f648d7c606eb200e7f53d48cc49,100,5.803754382226244,0.6587918625927621,Seq2Trend,Normal,False,0.5,300,300,20,20,8,0.005,0.6,0.1,median,True,"[0.25, 0.5, 0.75]",False,P50,,False,42,1,static,4,,default_group,UNISIM_IV_P15_Seq2Trend,UNISIM_IV,Seq2Trend,0.4502777777777778,0.31027777777777776,1.521111111111111
UNISIM_IV_P15_Seq2Trend_trial_104,P15,7309c443f320a4e8a428110af7426c26,104,6.273902711695717,0.2408490356291615,Seq2Trend,Normal,False,0.25,300,300,50,20,16,0.05,0.6,0.1,median,True,"[0.25, 0.5, 0.75]",False,P50,,False,42,1,static,3,,default_group,UNISIM_IV_P15_Seq2Trend,UNISIM_IV,Seq2Trend,0.15722222222222224,0.5622222222222222,1.4388888888888889
UNISIM_IV_P15_Seq2Trend_trial_6,P15,0f0d283e7391319253005569483ab20c,6,6.64996692851008,1.2383547753298785,Seq2Trend,Normal,False,0.25,300,300,20,20,16,0.001,0.6,0.1,median,True,"[0.25, 0.5, 0.75]",False,P50,,False,42,1,exponential,7,,default_group,UNISIM_IV_P15_Seq2Trend,UNISIM_IV,Seq2Trend,0.7294444444444445,0.6222222222222222,2.703333333333333
UNISIM_IV_P15_Seq2Trend_trial_38,P15,02da42fe79eeafffff214a946ec8d16d,38,5.803754382226244,0.6587918625927621,Seq2Trend,Normal,False,0.5,300,300,20,20,8,0.005,0.6,0.1,median,True,"[0.25, 0.5, 0.75]",False,P50,,False,42,1,static,8,,default_group,UNISIM_IV_P15_Seq2Trend,UNISIM_IV,Seq2Trend,0.4502777777777778,0.31027777777777776,1.521111111111111
UNISIM_IV_P15_Seq2Trend_trial_27,P15,37811d40b43108bdac18a3a2518143f3,27,6.792089193797676,0.3329726280595827,Seq2Trend,Normal,False,0.5,300,300,20,20,8,0.05,0.6,0.1,median,True,"[0.25, 0.5, 0.75]",False,P50,,False,42,1,static,4,,default_group,UNISIM_IV_P15_Seq2Trend,UNISIM_IV,Seq2Trend,0.20555555555555555,0.6327777777777778,1.6766666666666667
UNISIM_IV_P15_Seq2Trend_trial_25,P15,8cf2e03d73136ca8db8c75e00ae352c5,25,7.757058115067171,0.783748935310861,Seq2Trend,Normal,False,0.99,300,300,50,20,16,0.005,0.6,0.1,median,True,"[0.25, 0.5, 0.75]",False,P50,,False,42,1,pressure_ensemble,7,,default_group,UNISIM_IV_P15_Seq2Trend,UNISIM_IV,Seq2Trend,0.5766666666666667,0.76,2.6733333333333333
UNISIM_IV_P15_Seq2Trend_trial_139,P15,f1f78f6ea327d6ec2ed4a8904eff4b4a,139,6.671259886930125,0.2529532155449066,Seq2Trend,Normal,False,0.01,300,300,50,20,8,0.01,0.6,0.1,median,True,"[0.25, 0.5, 0.75]",False,P50,,False,42,1,arps,4,,default_group,UNISIM_IV_P15_Seq2Trend,UNISIM_IV,Seq2Trend,0.17,0.625,1.59
UNISIM_IV_P15_Seq2Trend_trial_55,P15,e0cfd07e5918340e5aaffe9d46145deb,55,6.604042166781911,0.2550552261069947,Seq2Trend,Normal,False,0.01,300,300,200,20,8,0.01,0.6,0.1,median,True,"[0.25, 0.5, 0.75]",False,P50,,False,42,1,exponential,8,,default_group,UNISIM_IV_P15_Seq2Trend,UNISIM_IV,Seq2Trend,0.17444444444444446,0.6144444444444445,1.577777777777778
UNISIM_IV_P15_Seq2Trend_trial_126,P15,f96b0593a6114ad09f48bf9aa1461256,126,5.988230782065526,0.2769566060926163,Seq2Trend,Normal,False,0.5,300,300,20,20,8,0.01,0.6,0.1,median,True,"[0.25, 0.5, 0.75]",False,P50,,False,42,1,static,8,,default_group,UNISIM_IV_P15_Seq2Trend,UNISIM_IV,Seq2Trend,0.18722222222222223,0.4122222222222222,1.198888888888889
UNISIM_IV_P15_Seq2Trend_trial_149,P15,27280e00c91956d3391ff61c420555a3,149,6.499925889650428,0.2433766455206203,Seq2Trend,Normal,False,0.99,300,300,200,20,8,0.001,0.6,0.1,median,True,"[0.25, 0.5, 0.75]",False,P50,,False,42,1,combined_exp_arps,8,,default_group,UNISIM_IV_P15_Seq2Trend,UNISIM_IV,Seq2Trend,0.15888888888888889,0.6,1.5177777777777777
UNISIM_IV_P15_Seq2Trend_trial_70,P15,3d7dda4af8441b4a2f26ba474ddec2bc,70,5.987704556228642,0.2522859564695461,Seq2Trend,Normal,False,0.5,300,300,50,20,16,0.005,0.6,0.1,median,True,"[0.25, 0.5, 0.75]",False,P50,,False,42,1,exponential,5,,default_group,UNISIM_IV_P15_Seq2Trend,UNISIM_IV,Seq2Trend,0.16833333333333333,0.4116666666666667,1.1600000000000001
UNISIM_IV_P15_Seq2Trend_trial_32,P15,75bc8a7a9f77dae748e48ae8d5639a8a,32,5.8749164774995775,0.3582386378996982,Seq2Trend,Normal,False,0.25,300,300,20,20,8,0.005,0.6,0.1,median,True,"[0.25, 0.5, 0.75]",False,P50,,False,42,1,arps,5,,default_group,UNISIM_IV_P15_Seq2Trend,UNISIM_IV,Seq2Trend,0.2411111111111111,0.3738888888888889,1.23
UNISIM_IV_P15_Seq2Trend_trial_22,P15,6756242b5856f1ce4adaadfe55a4ad42,22,10.115886683459973,1.5291089883897746,Seq2Trend,Normal,False,0.5,300,300,200,20,8,0.05,0.6,0.1,median,True,"[0.25, 0.5, 0.75]",False,P50,,False,42,1,arps,5,,default_group,UNISIM_IV_P15_Seq2Trend,UNISIM_IV,Seq2Trend,0.7511111111111111,0.8022222222222222,3.1066666666666665
UNISIM_IV_P15_Seq2Trend_trial_51,P15,7fdcb0bebc38c27b537ffac0accc5d41,51,6.606388403969488,0.2491591690590006,Seq2Trend,Normal,False,0.25,300,300,100,20,8,0.01,0.6,0.1,median,True,"[0.25, 0.5, 0.75]",False,P50,,False,42,1,static,6,,default_group,UNISIM_IV_P15_Seq2Trend,UNISIM_IV,Seq2Trend,0.165,0.6172222222222222,1.5644444444444445
UNISIM_IV_P15_Seq2Trend_trial_24,P15,95d4eae54eb43125c2d4922a10674d5a,24,7.159523164140225,0.4711406594883768,Seq2Trend,Normal,False,0.01,300,300,200,20,8,0.005,0.6,0.1,median,True,"[0.25, 0.5, 0.75]",False,P50,,False,42,1,pressure_ensemble,2,,default_group,UNISIM_IV_P15_Seq2Trend,UNISIM_IV,Seq2Trend,0.37527777777777777,0.6841666666666667,2.118888888888889
UNISIM_IV_P15_Seq2Trend_trial_102,P15,4f962a6818c57a67a30f1c85bdf7d1f8,102,5.748634793004012,0.8227812278829294,Seq2Trend,Normal,False,0.99,300,300,20,20,8,0.001,0.6,0.1,median,True,"[0.25, 0.5, 0.75]",False,P50,,False,42,1,arps,3,,default_group,UNISIM_IV_P15_Seq2Trend,UNISIM_IV,Seq2Trend,0.5844444444444444,0.3055555555555556,1.78
UNISIM_IV_P15_Seq2Trend_trial_87,P15,6e6e58f84bf7bf7c647d0973d6eaf460,87,5.84346230212778,0.5029346415079069,Seq2Trend,Normal,False,0.99,300,300,20,20,16,0.005,0.6,0.1,median,True,"[0.25, 0.5, 0.75]",False,P50,,False,42,1,combined_exp_arps,5,,default_group,UNISIM_IV_P15_Seq2Trend,UNISIM_IV,Seq2Trend,0.3811111111111111,0.31222222222222223,1.3866666666666667
UNISIM_IV_P15_Seq2Trend_trial_47,P15,526ce409b054abb762b4439fcadd5ed3,47,7.319832940246637,0.4887612168882036,Seq2Trend,Normal,False,0.99,300,300,100,20,16,0.05,0.6,0.1,median,True,"[0.25, 0.5, 0.75]",False,P50,,False,42,1,static,8,,default_group,UNISIM_IV_P15_Seq2Trend,UNISIM_IV,Seq2Trend,0.37833333333333335,0.6927777777777778,2.1422222222222222
UNISIM_IV_P15_Seq2Trend_trial_63,P15,d24ca04089607b7934f218130f153183,63,6.105277649599712,0.2730603132178531,Seq2Trend,Normal,False,0.01,300,300,100,20,8,0.001,0.6,0.1,median,True,"[0.25, 0.5, 0.75]",False,P50,,False,42,1,combined_exp_arps,5,,default_group,UNISIM_IV_P15_Seq2Trend,UNISIM_IV,Seq2Trend,0.185,0.5172222222222222,1.4044444444444446
UNISIM_IV_P15_Seq2Trend_trial_35,P15,d9f30c1ae36bfd29acf99eeec08abb3d,35,11.16919034572004,2.1428370046177165,Seq2Trend,Normal,False,0.99,300,300,200,20,16,0.05,0.6,0.1,median,True,"[0.25, 0.5, 0.75]",False,P50,,False,42,1,static,2,,default_group,UNISIM_IV_P15_Seq2Trend,UNISIM_IV,Seq2Trend,0.8022222222222222,0.8144444444444444,3.2333333333333334
UNISIM_IV_P15_Seq2Trend_trial_76,P15,365d1ca77cb44335db2d4a9d049cd4fb,76,7.317904573520137,0.5957960998375658,Seq2Trend,Normal,False,0.5,300,300,50,20,8,0.05,0.6,0.1,median,True,"[0.25, 0.5, 0.75]",False,P50,,False,42,1,arps,4,,default_group,UNISIM_IV_P15_Seq2Trend,UNISIM_IV,Seq2Trend,0.4311111111111111,0.6922222222222222,2.2466666666666666
UNISIM_IV_P15_Seq2Trend_trial_73,P15,92a452158a1142a82f7ffad9d520dd1e,73,7.674718295779099,0.7517317634165253,Seq2Trend,Normal,False,0.99,300,300,100,20,8,0.005,0.6,0.1,median,True,"[0.25, 0.5, 0.75]",False,P50,,False,42,1,exponential,4,,default_group,UNISIM_IV_P15_Seq2Trend,UNISIM_IV,Seq2Trend,0.565,0.7583333333333333,2.6466666666666665
UNISIM_IV_P15_Seq2Trend_trial_21,P15,3f70cc50a31cce36f79d158b92af6c91,21,6.197321575664959,0.2696697529092813,Seq2Trend,Normal,False,0.5,300,300,50,20,16,0.01,0.6,0.1,median,True,"[0.25, 0.5, 0.75]",False,P50,,False,42,1,combined_exp_arps,4,,default_group,UNISIM_IV_P15_Seq2Trend,UNISIM_IV,Seq2Trend,0.18305555555555555,0.5425,1.451111111111111
UNISIM_IV_P15_Seq2Trend_trial_145,P15,53b31ba1c26136cf707748c5c79c9419,145,6.389024987397181,0.2312580611735076,Seq2Trend,Normal,False,0.5,300,300,50,20,8,0.01,0.6,0.1,median,True,"[0.25, 0.5, 0.75]",False,P50,,False,42,1,arps,6,,default_group,UNISIM_IV_P15_Seq2Trend,UNISIM_IV,Seq2Trend,0.14722222222222223,0.5861111111111111,1.4666666666666668
UNISIM_IV_P15_Seq2Trend_trial_11,P15,66c7c298af174ea25e9fc147d72cbaa6,11,8.787444120316708,1.185588447393521,Seq2Trend,Normal,False,0.5,300,300,100,20,8,0.05,0.6,0.1,median,True,"[0.25, 0.5, 0.75]",False,P50,,False,42,1,exponential,7,,default_group,UNISIM_IV_P15_Seq2Trend,UNISIM_IV,Seq2Trend,0.7272222222222222,0.7833333333333333,3.021111111111111
UNISIM_IV_P15_Seq2Trend_trial_128,P15,bbeed13ed706a3b26b6f8bd3cbb6552a,128,5.794365155056066,0.5181024301870751,Seq2Trend,Normal,False,0.5,300,300,20,20,8,0.01,0.6,0.1,median,True,"[0.25, 0.5, 0.75]",False,P50,,False,42,1,combined_exp_arps,7,,default_group,UNISIM_IV_P15_Seq2Trend,UNISIM_IV,Seq2Trend,0.38333333333333336,0.3088888888888889,1.3844444444444446
UNISIM_IV_P15_Seq2Trend_trial_84,P15,ad9942e5a2349f9e12dcb88a8be8584a,84,6.197321575664959,0.2696697529092813,Seq2Trend,Normal,False,0.5,300,300,50,20,16,0.01,0.6,0.1,median,True,"[0.25, 0.5, 0.75]",False,P50,,False,42,1,combined_exp_arps,5,,default_group,UNISIM_IV_P15_Seq2Trend,UNISIM_IV,Seq2Trend,0.18305555555555555,0.5425,1.451111111111111
UNISIM_IV_P15_Seq2Trend_trial_58,P15,491693fb5dd62db3fa1d29501402a8f8,58,6.617133579945847,0.2627376937698216,Seq2Trend,Normal,False,0.01,300,300,50,20,8,0.01,0.6,0.1,median,True,"[0.25, 0.5, 0.75]",False,P50,,False,42,1,pressure_ensemble,4,,default_group,UNISIM_IV_P15_Seq2Trend,UNISIM_IV,Seq2Trend,0.17833333333333334,0.6177777777777778,1.5922222222222222
UNISIM_IV_P15_Seq2Trend_trial_17,P15,14214daf56f7cd0235930844a9b7a4b6,17,5.988798090510751,0.2844175297652743,Seq2Trend,Normal,False,0.25,300,300,200,20,8,0.001,0.6,0.1,median,True,"[0.25, 0.5, 0.75]",False,P50,,False,42,1,exponential,6,,default_group,UNISIM_IV_P15_Seq2Trend,UNISIM_IV,Seq2Trend,0.19,0.4127777777777778,1.2055555555555557
UNISIM_IV_P15_Seq2Trend_trial_99,P15,c3e20eb0d72824f158fe0a03f248fc87,99,5.943511511432089,0.2878110314350011,Seq2Trend,Normal,False,0.25,300,300,100,20,16,0.001,0.6,0.1,median,True,"[0.25, 0.5, 0.75]",False,P50,,False,42,1,exponential,6,,default_group,UNISIM_IV_P15_Seq2Trend,UNISIM_IV,Seq2Trend,0.19111111111111112,0.4088888888888889,1.2000000000000002
UNISIM_IV_P15_Seq2Trend_trial_143,P15,681ab2aafeeb0efd8fa1bd950579bd78,143,6.12530467249753,0.2393951510672134,Seq2Trend,Normal,False,0.25,300,300,50,20,8,0.005,0.6,0.1,median,True,"[0.25, 0.5, 0.75]",False,P50,,False,42,1,pressure_ensemble,5,,default_group,UNISIM_IV_P15_Seq2Trend,UNISIM_IV,Seq2Trend,0.155,0.5244444444444445,1.358888888888889
UNISIM_IV_P15_Seq2Trend_trial_3,P15,890b64563072810079f963c9f644308a,3,6.475548813682817,0.2368347971315703,Seq2Trend,Normal,False,0.25,300,300,100,20,16,0.01,0.6,0.1,median,True,"[0.25, 0.5, 0.75]",False,P50,,False,42,1,static,3,,default_group,UNISIM_IV_P15_Seq2Trend,UNISIM_IV,Seq2Trend,0.15222222222222223,0.5977777777777777,1.5
UNISIM_IV_P15_Seq2Trend_trial_20,P15,68168992568d746d5745b3a38adeb9e4,20,6.5950181541089465,0.2590149428267444,Seq2Trend,Normal,False,0.01,300,300,200,20,8,0.005,0.6,0.1,median,True,"[0.25, 0.5, 0.75]",False,P50,,False,42,1,arps,6,,default_group,UNISIM_IV_P15_Seq2Trend,UNISIM_IV,Seq2Trend,0.17722222222222223,0.6138888888888889,1.5822222222222222
UNISIM_IV_P15_Seq2Trend_trial_50,P15,bf252360fece916b99afc0401479595c,50,6.112119103941168,0.2405551096343792,Seq2Trend,Normal,False,0.99,300,300,200,20,16,0.001,0.6,0.1,median,True,"[0.25, 0.5, 0.75]",False,P50,,False,42,1,pressure_ensemble,6,,default_group,UNISIM_IV_P15_Seq2Trend,UNISIM_IV,Seq2Trend,0.15611111111111112,0.5188888888888888,1.3499999999999999
UNISIM_IV_P15_Seq2Trend_trial_74,P15,2eff1c1ae9b000ea33448f8bdf16b5da,74,6.6218205264264665,0.2665240691085281,Seq2Trend,Normal,False,0.01,300,300,100,20,16,0.01,0.6,0.1,median,True,"[0.25, 0.5, 0.75]",False,P50,,False,42,1,combined_exp_arps,2,,default_group,UNISIM_IV_P15_Seq2Trend,UNISIM_IV,Seq2Trend,0.18083333333333335,0.6186111111111111,1.5988888888888888
UNISIM_IV_P15_Seq2Trend_trial_83,P15,b314b7ae27cfc2f31f46d70b4e9b85cf,83,6.273305269967211,0.2295794119459527,Seq2Trend,Normal,False,0.5,300,300,100,20,16,0.005,0.6,0.1,median,True,"[0.25, 0.5, 0.75]",False,P50,,False,42,1,exponential,4,,default_group,UNISIM_IV_P15_Seq2Trend,UNISIM_IV,Seq2Trend,0.14444444444444443,0.5616666666666666,1.4122222222222223
UNISIM_IV_P15_Seq2Trend_trial_146,P15,fb88b1a78452f028bcaf0447d2bce58e,146,6.041262202756065,0.2862577967028778,Seq2Trend,Normal,False,0.99,300,300,100,20,8,0.001,0.6,0.1,median,True,"[0.25, 0.5, 0.75]",False,P50,,False,42,1,pressure_ensemble,3,,default_group,UNISIM_IV_P15_Seq2Trend,UNISIM_IV,Seq2Trend,0.19055555555555556,0.42333333333333334,1.2277777777777779
UNISIM_IV_P15_Seq2Trend_trial_108,P15,06bebcfc1b73a6f7648c6d4759f62fe7,108,6.241720934120567,0.2299827202789394,Seq2Trend,Normal,False,0.5,300,300,100,20,8,0.001,0.6,0.1,median,True,"[0.25, 0.5, 0.75]",False,P50,,False,42,1,combined_exp_arps,5,,default_group,UNISIM_IV_P15_Seq2Trend,UNISIM_IV,Seq2Trend,0.1461111111111111,0.5522222222222222,1.3966666666666665
UNISIM_IV_P15_Seq2Trend_trial_2,P15,8877af934a487ae1c6bbee9be9a04ab5,2,6.577116393459743,0.244622851533678,Seq2Trend,Normal,False,0.01,300,300,100,20,8,0.05,0.6,0.1,median,True,"[0.25, 0.5, 0.75]",False,P50,,False,42,1,arps,6,,default_group,UNISIM_IV_P15_Seq2Trend,UNISIM_IV,Seq2Trend,0.16111111111111112,0.6116666666666667,1.5455555555555556
UNISIM_IV_P15_Seq2Trend_trial_124,P15,03276aead3a4ffb0815aede21a941be8,124,6.053316310822248,0.2379490970660723,Seq2Trend,Normal,False,0.5,300,300,50,20,8,0.05,0.6,0.1,median,True,"[0.25, 0.5, 0.75]",False,P50,,False,42,1,static,2,,default_group,UNISIM_IV_P15_Seq2Trend,UNISIM_IV,Seq2Trend,0.15444444444444444,0.455,1.218888888888889
UNISIM_IV_P15_Seq2Trend_trial_10,P15,eb28a17cdc3978b7f0edfefee94e149f,10,6.104941820985872,0.2513254676191835,Seq2Trend,Normal,False,0.25,300,300,50,20,8,0.005,0.6,0.1,median,True,"[0.25, 0.5, 0.75]",False,P50,,False,42,1,static,8,,default_group,UNISIM_IV_P15_Seq2Trend,UNISIM_IV,Seq2Trend,0.1663888888888889,0.5163888888888889,1.3655555555555556
UNISIM_IV_P15_Seq2Trend_trial_130,P15,218de0a176c542ce837dfe93df90a476,130,6.42079745736954,0.2439089051319613,Seq2Trend,Normal,False,0.01,300,300,20,20,8,0.05,0.6,0.1,median,True,"[0.25, 0.5, 0.75]",False,P50,,False,42,1,static,6,,default_group,UNISIM_IV_P15_Seq2Trend,UNISIM_IV,Seq2Trend,0.16055555555555556,0.5888888888888889,1.498888888888889
UNISIM_IV_P15_Seq2Trend_trial_18,P15,019dff10e18d16fcd7ecc3c702f63f7c,18,7.122829871709198,0.4484832496732266,Seq2Trend,Normal,False,0.99,300,300,100,20,8,0.005,0.6,0.1,median,True,"[0.25, 0.5, 0.75]",False,P50,,False,42,1,combined_exp_arps,5,,default_group,UNISIM_IV_P15_Seq2Trend,UNISIM_IV,Seq2Trend,0.37027777777777776,0.6802777777777778,2.101111111111111
UNISIM_IV_P15_Seq2Trend_trial_62,P15,4729f26644dc3693af84b27887ab86b0,62,7.448921916670644,0.6032019128652559,Seq2Trend,Normal,False,0.25,300,300,100,20,16,0.05,0.6,0.1,median,True,"[0.25, 0.5, 0.75]",False,P50,,False,42,1,arps,5,,default_group,UNISIM_IV_P15_Seq2Trend,UNISIM_IV,Seq2Trend,0.43222222222222223,0.6972222222222222,2.258888888888889
UNISIM_IV_P15_Seq2Trend_trial_114,P15,6b1a2b9bdd69bfed89f8e173e1903ff1,114,6.104941820985872,0.2513254676191835,Seq2Trend,Normal,False,0.25,300,300,50,20,8,0.005,0.6,0.1,median,True,"[0.25, 0.5, 0.75]",False,P50,,False,42,1,static,3,,default_group,UNISIM_IV_P15_Seq2Trend,UNISIM_IV,Seq2Trend,0.1663888888888889,0.5163888888888889,1.3655555555555556
UNISIM_IV_P15_Seq2Trend_trial_134,P15,ed427e7ee67d0fbefe96ede2543844e0,134,6.114225915098945,0.2736366493492911,Seq2Trend,Normal,False,0.01,300,300,200,20,16,0.001,0.6,0.1,median,True,"[0.25, 0.5, 0.75]",False,P50,,False,42,1,pressure_ensemble,4,,default_group,UNISIM_IV_P15_Seq2Trend,UNISIM_IV,Seq2Trend,0.18555555555555556,0.5211111111111111,1.4133333333333333
UNISIM_IV_P15_Seq2Trend_trial_125,P15,9937fa33e74bb29631763c012cef8eb1,125,5.728575962874452,0.5173786159030854,Seq2Trend,Normal,False,0.99,300,300,20,20,16,0.001,0.6,0.1,median,True,"[0.25, 0.5, 0.75]",False,P50,,False,42,1,combined_exp_arps,4,,default_group,UNISIM_IV_P15_Seq2Trend,UNISIM_IV,Seq2Trend,0.3827777777777778,0.3038888888888889,1.3733333333333333
UNISIM_IV_P15_Seq2Trend_trial_137,P15,36886719e96f33979ef31096195370e8,137,11.867384416059496,2.338256140172005,Seq2Trend,Normal,False,0.99,300,300,20,20,8,0.05,0.6,0.1,median,True,"[0.25, 0.5, 0.75]",False,P50,,False,42,1,pressure_ensemble,3,,default_group,UNISIM_IV_P15_Seq2Trend,UNISIM_IV,Seq2Trend,0.81,0.8233333333333334,3.2666666666666666
UNISIM_IV_P15_Seq2Trend_trial_49,P15,def4910668e28c811034ee3cd52bd5ca,49,6.584496153250241,0.2547658634481614,Seq2Trend,Normal,False,0.01,300,300,200,20,16,0.01,0.6,0.1,median,True,"[0.25, 0.5, 0.75]",False,P50,,False,42,1,combined_exp_arps,7,,default_group,UNISIM_IV_P15_Seq2Trend,UNISIM_IV,Seq2Trend,0.1736111111111111,0.6125,1.5722222222222224
UNISIM_IV_P15_Seq2Trend_trial_44,P15,b8297efff72d2ad61b20f48ef436bb96,44,6.112253574186362,0.2377113888781174,Seq2Trend,Normal,False,0.5,300,300,20,20,16,0.005,0.6,0.1,median,True,"[0.25, 0.5, 0.75]",False,P50,,False,42,1,pressure_ensemble,7,,default_group,UNISIM_IV_P15_Seq2Trend,UNISIM_IV,Seq2Trend,0.15361111111111111,0.5197222222222222,1.3466666666666667
UNISIM_IV_P15_Seq2Trend_trial_31,P15,de3d603a7b0ab5a20f2ee4d0cbaf460a,31,6.108735971822623,0.2710499382178111,Seq2Trend,Normal,False,0.25,300,300,50,20,8,0.01,0.6,0.1,median,True,"[0.25, 0.5, 0.75]",False,P50,,False,42,1,exponential,8,,default_group,UNISIM_IV_P15_Seq2Trend,UNISIM_IV,Seq2Trend,0.18444444444444444,0.5183333333333333,1.4055555555555554
UNISIM_IV_P15_Seq2Trend_trial_54,P15,c95c0a7449df70e99f18152eaa210bb0,54,6.051948261351232,0.2649149675926491,Seq2Trend,Normal,False,0.5,300,300,100,20,8,0.001,0.6,0.1,median,True,"[0.25, 0.5, 0.75]",False,P50,,False,42,1,pressure_ensemble,4,,default_group,UNISIM_IV_P15_Seq2Trend,UNISIM_IV,Seq2Trend,0.18,0.45444444444444443,1.2688888888888887
UNISIM_IV_P15_Seq2Trend_trial_30,P15,c7ccb3e0eb6979ab1c8856ceb8b69192,30,6.379211222015026,0.2243068960042279,Seq2Trend,Normal,False,0.25,300,300,100,20,8,0.01,0.6,0.1,median,True,"[0.25, 0.5, 0.75]",False,P50,,False,42,1,pressure_ensemble,4,,default_group,UNISIM_IV_P15_Seq2Trend,UNISIM_IV,Seq2Trend,0.14055555555555554,0.5855555555555556,1.4522222222222223
UNISIM_IV_P15_Seq2Trend_trial_19,P15,4cb1c22d998f412e1df5b25ac6e32b40,19,5.655404015466252,0.6984191050034658,Seq2Trend,Normal,False,0.25,300,300,20,20,16,0.005,0.6,0.1,median,True,"[0.25, 0.5, 0.75]",False,P50,,False,42,1,arps,6,,default_group,UNISIM_IV_P15_Seq2Trend,UNISIM_IV,Seq2Trend,0.5455555555555556,0.2966666666666667,1.6844444444444444
UNISIM_IV_P15_Seq2Trend_trial_29,P15,f1a6655df15c8117a8ba0ed532d2b500,29,6.022537791218416,0.2522266718245805,Seq2Trend,Normal,False,0.25,300,300,50,20,16,0.001,0.6,0.1,median,True,"[0.25, 0.5, 0.75]",False,P50,,False,42,1,arps,5,,default_group,UNISIM_IV_P15_Seq2Trend,UNISIM_IV,Seq2Trend,0.16777777777777778,0.41833333333333333,1.1722222222222223
UNISIM_IV_P15_Seq2Trend_trial_66,P15,e8940819c58ef930b6b922e1e2a2d7a6,66,6.058306752523929,0.2531377240963483,Seq2Trend,Normal,False,0.5,300,300,50,20,16,0.01,0.6,0.1,median,True,"[0.25, 0.5, 0.75]",False,P50,,False,42,1,arps,4,,default_group,UNISIM_IV_P15_Seq2Trend,UNISIM_IV,Seq2Trend,0.1711111111111111,0.45555555555555555,1.2533333333333334
UNISIM_IV_P15_Seq2Trend_trial_37,P15,32695d8a98f253319c6aa93db306bb62,37,6.604979163825366,0.236459759124387,Seq2Trend,Normal,False,0.5,300,300,50,20,8,0.01,0.6,0.1,median,True,"[0.25, 0.5, 0.75]",False,P50,,False,42,1,pressure_ensemble,4,,default_group,UNISIM_IV_P15_Seq2Trend,UNISIM_IV,Seq2Trend,0.15166666666666667,0.6155555555555555,1.5344444444444445
UNISIM_IV_P15_Seq2Trend_trial_96,P15,82eaa840ae139d32f3dbbc22d8a4dff7,96,9.314885371264424,1.392467123838945,Seq2Trend,Normal,False,0.99,300,300,50,20,8,0.05,0.6,0.1,median,True,"[0.25, 0.5, 0.75]",False,P50,,False,42,1,combined_exp_arps,6,,default_group,UNISIM_IV_P15_Seq2Trend,UNISIM_IV,Seq2Trend,0.7422222222222222,0.7922222222222223,3.068888888888889
UNISIM_IV_P15_Seq2Trend_trial_148,P15,ca39e3ed8642c4a2b58f094dbca60e3d,148,6.467631304986106,0.2346036050918448,Seq2Trend,Normal,False,0.25,300,300,100,20,8,0.005,0.6,0.1,median,True,"[0.25, 0.5, 0.75]",False,P50,,False,42,1,static,8,,default_group,UNISIM_IV_P15_Seq2Trend,UNISIM_IV,Seq2Trend,0.14944444444444444,0.5972222222222222,1.4933333333333332
UNISIM_IV_P15_Seq2Trend_trial_82,P15,6dbac1a6e5e44220774af5fca6fe202f,82,6.241720934120567,0.2299827202789394,Seq2Trend,Normal,False,0.5,300,300,100,20,8,0.001,0.6,0.1,median,True,"[0.25, 0.5, 0.75]",False,P50,,False,42,1,combined_exp_arps,2,,default_group,UNISIM_IV_P15_Seq2Trend,UNISIM_IV,Seq2Trend,0.1461111111111111,0.5522222222222222,1.3966666666666665
UNISIM_IV_P15_Seq2Trend_trial_23,P15,c85cf4b30da87492163dab267d36c785,23,6.118829651151172,0.2698331493731397,Seq2Trend,Normal,False,0.01,300,300,100,20,8,0.001,0.6,0.1,median,True,"[0.25, 0.5, 0.75]",False,P50,,False,42,1,arps,3,,default_group,UNISIM_IV_P15_Seq2Trend,UNISIM_IV,Seq2Trend,0.18388888888888888,0.5222222222222223,1.4122222222222223
UNISIM_IV_P15_Seq2Trend_trial_121,P15,a8a44cacb9af3978ad6f9563d01be32c,121,6.449144991184257,0.2434960734124834,Seq2Trend,Normal,False,0.01,300,300,100,20,16,0.005,0.6,0.1,median,True,"[0.25, 0.5, 0.75]",False,P50,,False,42,1,pressure_ensemble,3,,default_group,UNISIM_IV_P15_Seq2Trend,UNISIM_IV,Seq2Trend,0.1597222222222222,0.5930555555555556,1.5055555555555555
UNISIM_IV_P15_Seq2Trend_trial_88,P15,55fe09480eef7a23c93f7048d3dfdbe8,88,6.917661851693194,0.367188941249544,Seq2Trend,Normal,False,0.01,300,300,100,20,8,0.005,0.6,0.1,median,True,"[0.25, 0.5, 0.75]",False,P50,,False,42,1,arps,7,,default_group,UNISIM_IV_P15_Seq2Trend,UNISIM_IV,Seq2Trend,0.3,0.6683333333333333,1.9366666666666665
UNISIM_IV_P15_Seq2Trend_trial_57,P15,0c6ed74b4930d5a046d701930b6b882d,57,7.078477487232998,0.4345500411139051,Seq2Trend,Normal,False,0.25,300,300,50,20,8,0.05,0.6,0.1,median,True,"[0.25, 0.5, 0.75]",False,P50,,False,42,1,static,8,,default_group,UNISIM_IV_P15_Seq2Trend,UNISIM_IV,Seq2Trend,0.31333333333333335,0.6777777777777778,1.9822222222222223
UNISIM_IV_P15_Seq2Trend_trial_4,P15,ae4caeaf9120701a7b9a97ee8453a5f8,4,6.838317777458992,0.3278018611077253,Seq2Trend,Normal,False,0.5,300,300,100,20,8,0.005,0.6,0.1,median,True,"[0.25, 0.5, 0.75]",False,P50,,False,42,1,combined_exp_arps,7,,default_group,UNISIM_IV_P15_Seq2Trend,UNISIM_IV,Seq2Trend,0.20222222222222222,0.6361111111111111,1.6766666666666665
UNISIM_IV_P15_Seq2Trend_trial_48,P15,82839165271126edbf4775072a835dac,48,6.063994276926605,0.2940965547324545,Seq2Trend,Normal,False,0.01,300,300,100,20,8,0.001,0.6,0.1,median,True,"[0.25, 0.5, 0.75]",False,P50,,False,42,1,static,3,,default_group,UNISIM_IV_P15_Seq2Trend,UNISIM_IV,Seq2Trend,0.1922222222222222,0.5127777777777778,1.41
UNISIM_IV_P15_Seq2Trend_trial_106,P15,75b0bff8728eb7a5ff261efc6dcb2032,106,6.155626919061056,0.2529885151480339,Seq2Trend,Normal,False,0.25,300,300,100,20,8,0.01,0.6,0.1,median,True,"[0.25, 0.5, 0.75]",False,P50,,False,42,1,combined_exp_arps,5,,default_group,UNISIM_IV_P15_Seq2Trend,UNISIM_IV,Seq2Trend,0.17055555555555554,0.5316666666666666,1.4044444444444444
UNISIM_IV_P15_Seq2Trend_trial_116,P15,58b2a9104d2b6b2eaba1f4f436cec31b,116,7.483108982678183,0.6032635987832294,Seq2Trend,Normal,False,0.25,300,300,20,20,8,0.05,0.6,0.1,median,True,"[0.25, 0.5, 0.75]",False,P50,,False,42,1,static,3,,default_group,UNISIM_IV_P15_Seq2Trend,UNISIM_IV,Seq2Trend,0.43277777777777776,0.6983333333333334,2.2622222222222224
UNISIM_IV_P15_Seq2Trend_trial_64,P15,128296634b3c24fc6fcbc2f0b9686890,64,7.122829871709198,0.4484832496732266,Seq2Trend,Normal,False,0.99,300,300,100,20,8,0.005,0.6,0.1,median,True,"[0.25, 0.5, 0.75]",False,P50,,False,42,1,combined_exp_arps,8,,default_group,UNISIM_IV_P15_Seq2Trend,UNISIM_IV,Seq2Trend,0.37027777777777776,0.6802777777777778,2.101111111111111
UNISIM_IV_P15_Seq2Trend_trial_39,P15,1adc7a682c8306cbbae7dad78e4ea19b,39,9.655567751859769,1.4627261131265883,Seq2Trend,Normal,False,0.5,300,300,100,20,16,0.05,0.6,0.1,median,True,"[0.25, 0.5, 0.75]",False,P50,,False,42,1,combined_exp_arps,6,,default_group,UNISIM_IV_P15_Seq2Trend,UNISIM_IV,Seq2Trend,0.7469444444444444,0.7963888888888889,3.086666666666667
UNISIM_IV_P15_Seq2Trend_trial_77,P15,243c1ede74eaf9337391ce2ac88526d4,77,7.562386391234003,0.6818909543388307,Seq2Trend,Normal,False,0.99,300,300,100,20,16,0.01,0.6,0.1,median,True,"[0.25, 0.5, 0.75]",False,P50,,False,42,1,combined_exp_arps,6,,default_group,UNISIM_IV_P15_Seq2Trend,UNISIM_IV,Seq2Trend,0.54,0.6994444444444444,2.478888888888889
UNISIM_IV_P15_Seq2Trend_trial_112,P15,ad66fd11317c8e362b2a4aae68cfe7db,112,6.112853156732596,0.3048368320729487,Seq2Trend,Normal,False,0.01,300,300,20,20,8,0.001,0.6,0.1,median,True,"[0.25, 0.5, 0.75]",False,P50,,False,42,1,combined_exp_arps,2,,default_group,UNISIM_IV_P15_Seq2Trend,UNISIM_IV,Seq2Trend,0.19666666666666666,0.5205555555555555,1.4344444444444444
UNISIM_IV_P15_Seq2Trend_trial_43,P15,acb3f255928ebd2e92001ccb1d91975e,43,31.304422761618778,7.65804421687723,Seq2Trend,Normal,False,0.99,300,300,200,20,8,0.05,0.6,0.1,median,True,"[0.25, 0.5, 0.75]",False,P50,,False,42,1,exponential,5,,default_group,UNISIM_IV_P15_Seq2Trend,UNISIM_IV,Seq2Trend,0.9605555555555556,0.9572222222222222,3.8355555555555556
UNISIM_IV_P15_Seq2Trend_trial_92,P15,af6755dc8db02cebe5de9dcdd04e79b3,92,7.471156597560324,0.6621654964131551,Seq2Trend,Normal,False,0.5,300,300,200,20,8,0.01,0.6,0.1,median,True,"[0.25, 0.5, 0.75]",False,P50,,False,42,1,static,2,,default_group,UNISIM_IV_P15_Seq2Trend,UNISIM_IV,Seq2Trend,0.45111111111111113,0.6977777777777778,2.297777777777778
UNISIM_IV_P15_Seq2Trend_trial_80,P15,e6c10152f816f5a63a039107238e5a6d,80,5.85939114250795,0.6185949154643681,Seq2Trend,Normal,False,0.99,300,300,20,20,16,0.005,0.6,0.1,median,True,"[0.25, 0.5, 0.75]",False,P50,,False,42,1,exponential,5,,default_group,UNISIM_IV_P15_Seq2Trend,UNISIM_IV,Seq2Trend,0.43777777777777777,0.36944444444444446,1.6144444444444446
UNISIM_IV_P15_Seq2Trend_trial_56,P15,02b6caf89af9239d199a2422a7e2152d,56,8.42880861467139,1.0343835238419536,Seq2Trend,Normal,False,0.25,300,300,100,20,16,0.05,0.6,0.1,median,True,"[0.25, 0.5, 0.75]",False,P50,,False,42,1,exponential,6,,default_group,UNISIM_IV_P15_Seq2Trend,UNISIM_IV,Seq2Trend,0.7133333333333334,0.7733333333333333,2.9733333333333336
UNISIM_IV_P15_Seq2Trend_trial_40,P15,3a2761c2a462576c52ff17ad0d9464d0,40,6.039327548130327,0.3230138362350859,Seq2Trend,Normal,False,0.01,300,300,50,20,8,0.001,0.6,0.1,median,True,"[0.25, 0.5, 0.75]",False,P50,,False,42,1,exponential,4,,default_group,UNISIM_IV_P15_Seq2Trend,UNISIM_IV,Seq2Trend,0.2011111111111111,0.42277777777777775,1.2477777777777777
UNISIM_IV_P15_Seq2Trend_trial_136,P15,15e746b4dc5e8cd501274db9ee8e2bfa,136,5.999648302574918,0.2952646996368069,Seq2Trend,Normal,False,0.25,300,300,20,20,8,0.005,0.6,0.1,median,True,"[0.25, 0.5, 0.75]",False,P50,,False,42,1,pressure_ensemble,2,,default_group,UNISIM_IV_P15_Seq2Trend,UNISIM_IV,Seq2Trend,0.19333333333333333,0.41444444444444445,1.2155555555555555
UNISIM_IV_P15_Seq2Trend_trial_131,P15,d715a0759fa22a3ca01e6a1b45f35679,131,7.297572845465599,0.5618243120832864,Seq2Trend,Normal,False,0.99,300,300,50,20,16,0.01,0.6,0.1,median,True,"[0.25, 0.5, 0.75]",False,P50,,False,42,1,exponential,5,,default_group,UNISIM_IV_P15_Seq2Trend,UNISIM_IV,Seq2Trend,0.425,0.6911111111111111,2.232222222222222
UNISIM_IV_P15_Seq2Trend_trial_101,P15,283f0e4c427304499dc7470c3563fb14,101,6.449144991184257,0.2434960734124834,Seq2Trend,Normal,False,0.01,300,300,100,20,16,0.005,0.6,0.1,median,True,"[0.25, 0.5, 0.75]",False,P50,,False,42,1,pressure_ensemble,5,,default_group,UNISIM_IV_P15_Seq2Trend,UNISIM_IV,Seq2Trend,0.1597222222222222,0.5930555555555556,1.5055555555555555
UNISIM_IV_P15_Seq2Trend_trial_142,P15,61e150c45ee77ace352a6e2b2a6e068c,142,5.837072082140926,0.3819394014838443,Seq2Trend,Normal,False,0.5,300,300,50,20,8,0.001,0.6,0.1,median,True,"[0.25, 0.5, 0.75]",False,P50,,False,42,1,combined_exp_arps,4,,default_group,UNISIM_IV_P15_Seq2Trend,UNISIM_IV,Seq2Trend,0.30333333333333334,0.3111111111111111,1.228888888888889
UNISIM_IV_P15_Seq2Trend_trial_79,P15,d0a8b7ebce1dc43e212de1a6fbd902d0,79,7.004543433394896,0.3843633005148101,Seq2Trend,Normal,False,0.5,300,300,100,20,8,0.005,0.6,0.1,median,True,"[0.25, 0.5, 0.75]",False,P50,,False,42,1,static,6,,default_group,UNISIM_IV_P15_Seq2Trend,UNISIM_IV,Seq2Trend,0.305,0.6738888888888889,1.9577777777777778
UNISIM_IV_P15_Seq2Trend_trial_94,P15,def40a037c7733b7632a02e5fb7cea16,94,7.159523164140225,0.4711406594883768,Seq2Trend,Normal,False,0.01,300,300,200,20,8,0.005,0.6,0.1,median,True,"[0.25, 0.5, 0.75]",False,P50,,False,42,1,pressure_ensemble,4,,default_group,UNISIM_IV_P15_Seq2Trend,UNISIM_IV,Seq2Trend,0.37527777777777777,0.6841666666666667,2.118888888888889
UNISIM_IV_P15_Seq2Trend_trial_109,P15,b77dc1209461bc2b8274ab944ffe1120,109,6.4657872211784,0.2352997313394481,Seq2Trend,Normal,False,0.25,300,300,200,20,16,0.01,0.6,0.1,median,True,"[0.25, 0.5, 0.75]",False,P50,,False,42,1,arps,7,,default_group,UNISIM_IV_P15_Seq2Trend,UNISIM_IV,Seq2Trend,0.15055555555555555,0.5955555555555555,1.4922222222222221
UNISIM_IV_P15_Seq2Trend_trial_119,P15,2af4b1937f537ffe8b85fc5de0ed9152,119,6.158521477312389,0.2347010741500487,Seq2Trend,Normal,False,0.25,300,300,20,20,8,0.01,0.6,0.1,median,True,"[0.25, 0.5, 0.75]",False,P50,,False,42,1,arps,3,,default_group,UNISIM_IV_P15_Seq2Trend,UNISIM_IV,Seq2Trend,0.15,0.5327777777777778,1.3655555555555556
UNISIM_IV_P15_Seq2Trend_trial_123,P15,cac8d9a16ba5cf25d06550bb4892a5c7,123,8.623093842488593,1.113324339434194,Seq2Trend,Normal,False,0.5,300,300,100,20,16,0.05,0.6,0.1,median,True,"[0.25, 0.5, 0.75]",False,P50,,False,42,1,exponential,5,,default_group,UNISIM_IV_P15_Seq2Trend,UNISIM_IV,Seq2Trend,0.7222222222222222,0.7783333333333333,3.0011111111111113
UNISIM_IV_P15_Seq2Trend_trial_89,P15,a9fc926acbc9f387ec82628474e6dbab,89,6.120876474111995,0.2199783530155394,Seq2Trend,Normal,False,0.99,300,300,20,20,8,0.01,0.6,0.1,median,True,"[0.25, 0.5, 0.75]",False,P50,,False,42,1,static,5,,default_group,UNISIM_IV_P15_Seq2Trend,UNISIM_IV,Seq2Trend,0.14,0.5227777777777778,1.3255555555555556
UNISIM_IV_P15_Seq2Trend_trial_147,P15,27f91d427f260a0390164edef67553ad,147,6.532005376659557,0.2490912503799582,Seq2Trend,Normal,False,0.01,300,300,50,20,16,0.05,0.6,0.1,median,True,"[0.25, 0.5, 0.75]",False,P50,,False,42,1,static,5,,default_group,UNISIM_IV_P15_Seq2Trend,UNISIM_IV,Seq2Trend,0.16444444444444445,0.6055555555555555,1.54
UNISIM_IV_P15_Seq2Trend_trial_14,P15,e4f4286ae24797376e4db6c4830b7f0a,14,5.639970869511143,0.8351548665619647,Seq2Trend,Normal,False,0.25,300,300,20,20,16,0.01,0.6,0.1,median,True,"[0.25, 0.5, 0.75]",False,P50,,False,42,1,arps,7,,default_group,UNISIM_IV_P15_Seq2Trend,UNISIM_IV,Seq2Trend,0.5908333333333333,0.29305555555555557,1.767777777777778
UNISIM_IV_P15_Seq2Trend_trial_86,P15,42436b37a939e9f7139e840fbfafa0d2,86,5.89365857375658,0.3459373561373152,Seq2Trend,Normal,False,0.25,300,300,100,20,8,0.001,0.6,0.1,median,True,"[0.25, 0.5, 0.75]",False,P50,,False,42,1,pressure_ensemble,5,,default_group,UNISIM_IV_P15_Seq2Trend,UNISIM_IV,Seq2Trend,0.23666666666666666,0.4038888888888889,1.281111111111111
UNISIM_IV_P15_Seq2Trend_trial_68,P15,8ae832ca52850f226324be7f90db5333,68,5.870200040007036,0.4229730608697217,Seq2Trend,Normal,False,0.99,300,300,20,20,16,0.01,0.6,0.1,median,True,"[0.25, 0.5, 0.75]",False,P50,,False,42,1,static,3,,default_group,UNISIM_IV_P15_Seq2Trend,UNISIM_IV,Seq2Trend,0.31055555555555553,0.37277777777777776,1.3666666666666667
UNISIM_IV_P15_Seq2Trend_trial_59,P15,5b5706bd703d18a414b4de98fbb9e7ea,59,6.825215062937263,0.3358382168986635,Seq2Trend,Normal,False,0.5,300,300,200,20,16,0.005,0.6,0.1,median,True,"[0.25, 0.5, 0.75]",False,P50,,False,42,1,combined_exp_arps,3,,default_group,UNISIM_IV_P15_Seq2Trend,UNISIM_IV,Seq2Trend,0.2061111111111111,0.635,1.6822222222222223
UNISIM_IV_P15_Seq2Trend_trial_141,P15,bc95e0da4b7cadcc984a4e8517dfdfa4,141,6.6218205264264665,0.2665240691085281,Seq2Trend,Normal,False,0.01,300,300,100,20,16,0.01,0.6,0.1,median,True,"[0.25, 0.5, 0.75]",False,P50,,False,42,1,combined_exp_arps,8,,default_group,UNISIM_IV_P15_Seq2Trend,UNISIM_IV,Seq2Trend,0.18083333333333335,0.6186111111111111,1.5988888888888888
UNISIM_IV_P15_Seq2Trend_trial_95,P15,38cc4ffa2f5810b96488c8f40c06ca8c,95,8.094267634544623,0.2746839188953739,Seq2Trend,Normal,False,0.5,300,300,200,20,16,0.05,0.6,0.1,median,True,"[0.25, 0.5, 0.75]",False,P50,,False,42,1,pressure_ensemble,4,,default_group,UNISIM_IV_P15_Seq2Trend,UNISIM_IV,Seq2Trend,0.18666666666666668,0.7672222222222222,1.9077777777777778
UNISIM_IV_P15_Seq2Trend_trial_103,P15,3ade3f282991067959a182d264fa1c2d,103,6.466518500138499,0.2281678876118557,Seq2Trend,Normal,False,0.25,300,300,100,20,16,0.01,0.6,0.1,median,True,"[0.25, 0.5, 0.75]",False,P50,,False,42,1,arps,8,,default_group,UNISIM_IV_P15_Seq2Trend,UNISIM_IV,Seq2Trend,0.14277777777777778,0.5966666666666667,1.478888888888889
UNISIM_IV_P15_Seq2Trend_trial_65,P15,c8d62b5b784991d984540d9121b2affb,65,6.418449813036889,0.2470103157061567,Seq2Trend,Normal,False,0.01,300,300,100,20,8,0.01,0.6,0.1,median,True,"[0.25, 0.5, 0.75]",False,P50,,False,42,1,pressure_ensemble,3,,default_group,UNISIM_IV_P15_Seq2Trend,UNISIM_IV,Seq2Trend,0.1622222222222222,0.5883333333333334,1.5011111111111113
UNISIM_IV_P15_Seq2Trend_trial_120,P15,ce4584a9cbd6a97bbecb63cae008f109,120,6.447520357091253,0.2123818845295464,Seq2Trend,Normal,False,0.99,300,300,20,20,8,0.05,0.6,0.1,median,True,"[0.25, 0.5, 0.75]",False,P50,,False,42,1,arps,7,,default_group,UNISIM_IV_P15_Seq2Trend,UNISIM_IV,Seq2Trend,0.13833333333333334,0.5922222222222222,1.461111111111111
UNISIM_IV_P15_Seq2Trend_trial_203,P15,c2448f8bc6b68cbacb0704b892fae47e,203,5.857013915230552,0.4371268250776463,Seq2Trend,Normal,False,0.5,300,300,20,20,8,0.001,0.6,0.1,median,True,"[0.25, 0.5, 0.75]",False,P50,,False,42,1,pressure_ensemble,5,,default_group,UNISIM_IV_P15_Seq2Trend,UNISIM_IV,Seq2Trend,0.3413888888888889,0.3413888888888889,1.3655555555555556
UNISIM_IV_P15_Seq2Trend_trial_159,P15,465170c18b9dbe4ca798d7fe7e457dd2,159,5.857013915230552,0.4371268250776463,Seq2Trend,Normal,False,0.5,300,300,20,20,8,0.001,0.6,0.1,median,True,"[0.25, 0.5, 0.75]",False,P50,,False,42,1,pressure_ensemble,5,,default_group,UNISIM_IV_P15_Seq2Trend,UNISIM_IV,Seq2Trend,0.3413888888888889,0.3413888888888889,1.3655555555555556
UNISIM_IV_P15_Seq2Trend_trial_188,P15,0631592de004578436deb8f4a6bee79b,188,5.857013915230552,0.4371268250776463,Seq2Trend,Normal,False,0.5,300,300,20,20,8,0.001,0.6,0.1,median,True,"[0.25, 0.5, 0.75]",False,P50,,False,42,1,pressure_ensemble,5,,default_group,UNISIM_IV_P15_Seq2Trend,UNISIM_IV,Seq2Trend,0.3413888888888889,0.3413888888888889,1.3655555555555556
UNISIM_IV_P15_Seq2Trend_trial_235,P15,a32760bbd69f42e750af5043aaf97d47,235,5.857013915230552,0.4371268250776463,Seq2Trend,Normal,False,0.5,300,300,20,20,8,0.001,0.6,0.1,median,True,"[0.25, 0.5, 0.75]",False,P50,,False,42,1,pressure_ensemble,5,,default_group,UNISIM_IV_P15_Seq2Trend,UNISIM_IV,Seq2Trend,0.3413888888888889,0.3413888888888889,1.3655555555555556
UNISIM_IV_P15_Seq2Trend_trial_243,P15,a45801a2b40e2cf953a438f0f55b575e,243,5.857013915230552,0.4371268250776463,Seq2Trend,Normal,False,0.5,300,300,20,20,8,0.001,0.6,0.1,median,True,"[0.25, 0.5, 0.75]",False,P50,,False,42,1,pressure_ensemble,5,,default_group,UNISIM_IV_P15_Seq2Trend,UNISIM_IV,Seq2Trend,0.3413888888888889,0.3413888888888889,1.3655555555555556
UNISIM_IV_P15_Seq2Trend_trial_214,P15,98b1081f5417df9911b48107419d76c1,214,5.857013915230552,0.4371268250776463,Seq2Trend,Normal,False,0.5,300,300,20,20,8,0.001,0.6,0.1,median,True,"[0.25, 0.5, 0.75]",False,P50,,False,42,1,pressure_ensemble,5,,default_group,UNISIM_IV_P15_Seq2Trend,UNISIM_IV,Seq2Trend,0.3413888888888889,0.3413888888888889,1.3655555555555556
UNISIM_IV_P15_Seq2Trend_trial_238,P15,756766d098b5390ad4af4bc7b8dd726f,238,5.857013915230552,0.4371268250776463,Seq2Trend,Normal,False,0.5,300,300,20,20,8,0.001,0.6,0.1,median,True,"[0.25, 0.5, 0.75]",False,P50,,False,42,1,pressure_ensemble,5,,default_group,UNISIM_IV_P15_Seq2Trend,UNISIM_IV,Seq2Trend,0.3413888888888889,0.3413888888888889,1.3655555555555556
UNISIM_IV_P15_Seq2Trend_trial_176,P15,8098697da3285d327e8edb5f9ddd7470,176,5.857013915230552,0.4371268250776463,Seq2Trend,Normal,False,0.5,300,300,20,20,8,0.001,0.6,0.1,median,True,"[0.25, 0.5, 0.75]",False,P50,,False,42,1,pressure_ensemble,5,,default_group,UNISIM_IV_P15_Seq2Trend,UNISIM_IV,Seq2Trend,0.3413888888888889,0.3413888888888889,1.3655555555555556
UNISIM_IV_P15_Seq2Trend_trial_162,P15,7af268c578cdd9dcfe67c2161b604040,162,5.857013915230552,0.4371268250776463,Seq2Trend,Normal,False,0.5,300,300,20,20,8,0.001,0.6,0.1,median,True,"[0.25, 0.5, 0.75]",False,P50,,False,42,1,pressure_ensemble,5,,default_group,UNISIM_IV_P15_Seq2Trend,UNISIM_IV,Seq2Trend,0.3413888888888889,0.3413888888888889,1.3655555555555556
UNISIM_IV_P15_Seq2Trend_trial_193,P15,58cf86882df272a72edb3363eeb8d27b,193,5.857013915230552,0.4371268250776463,Seq2Trend,Normal,False,0.5,300,300,20,20,8,0.001,0.6,0.1,median,True,"[0.25, 0.5, 0.75]",False,P50,,False,42,1,pressure_ensemble,5,,default_group,UNISIM_IV_P15_Seq2Trend,UNISIM_IV,Seq2Trend,0.3413888888888889,0.3413888888888889,1.3655555555555556
UNISIM_IV_P15_Seq2Trend_trial_195,P15,5295ead817ca7045cfae0ea9eca376ec,195,5.857013915230552,0.4371268250776463,Seq2Trend,Normal,False,0.5,300,300,20,20,8,0.001,0.6,0.1,median,True,"[0.25, 0.5, 0.75]",False,P50,,False,42,1,pressure_ensemble,5,,default_group,UNISIM_IV_P15_Seq2Trend,UNISIM_IV,Seq2Trend,0.3413888888888889,0.3413888888888889,1.3655555555555556
UNISIM_IV_P15_Seq2Trend_trial_164,P15,e2113a9cdefcf1572fc78853161182b3,164,5.857013915230552,0.4371268250776463,Seq2Trend,Normal,False,0.5,300,300,20,20,8,0.001,0.6,0.1,median,True,"[0.25, 0.5, 0.75]",False,P50,,False,42,1,pressure_ensemble,5,,default_group,UNISIM_IV_P15_Seq2Trend,UNISIM_IV,Seq2Trend,0.3413888888888889,0.3413888888888889,1.3655555555555556
UNISIM_IV_P15_Seq2Trend_trial_224,P15,d36a35659294c72bde19dbedcc385d7e,224,5.857013915230552,0.4371268250776463,Seq2Trend,Normal,False,0.5,300,300,20,20,8,0.001,0.6,0.1,median,True,"[0.25, 0.5, 0.75]",False,P50,,False,42,1,pressure_ensemble,5,,default_group,UNISIM_IV_P15_Seq2Trend,UNISIM_IV,Seq2Trend,0.3413888888888889,0.3413888888888889,1.3655555555555556
UNISIM_IV_P15_Seq2Trend_trial_222,P15,a8d88c1bec25742428b4f165efff7738,222,5.857013915230552,0.4371268250776463,Seq2Trend,Normal,False,0.5,300,300,20,20,8,0.001,0.6,0.1,median,True,"[0.25, 0.5, 0.75]",False,P50,,False,42,1,pressure_ensemble,5,,default_group,UNISIM_IV_P15_Seq2Trend,UNISIM_IV,Seq2Trend,0.3413888888888889,0.3413888888888889,1.3655555555555556
UNISIM_IV_P15_Seq2Trend_trial_220,P15,ea235b95261ce1148f6aab701874b1b5,220,5.857013915230552,0.4371268250776463,Seq2Trend,Normal,False,0.5,300,300,20,20,8,0.001,0.6,0.1,median,True,"[0.25, 0.5, 0.75]",False,P50,,False,42,1,pressure_ensemble,5,,default_group,UNISIM_IV_P15_Seq2Trend,UNISIM_IV,Seq2Trend,0.3413888888888889,0.3413888888888889,1.3655555555555556
UNISIM_IV_P15_Seq2Trend_trial_233,P15,8cd40246c719e3cc7ac5dde9d51954c3,233,5.857013915230552,0.4371268250776463,Seq2Trend,Normal,False,0.5,300,300,20,20,8,0.001,0.6,0.1,median,True,"[0.25, 0.5, 0.75]",False,P50,,False,42,1,pressure_ensemble,5,,default_group,UNISIM_IV_P15_Seq2Trend,UNISIM_IV,Seq2Trend,0.3413888888888889,0.3413888888888889,1.3655555555555556
UNISIM_IV_P15_Seq2Trend_trial_237,P15,c826d6aedbb0d3c34cb610cfc0ad75ac,237,5.857013915230552,0.4371268250776463,Seq2Trend,Normal,False,0.5,300,300,20,20,8,0.001,0.6,0.1,median,True,"[0.25, 0.5, 0.75]",False,P50,,False,42,1,pressure_ensemble,5,,default_group,UNISIM_IV_P15_Seq2Trend,UNISIM_IV,Seq2Trend,0.3413888888888889,0.3413888888888889,1.3655555555555556
UNISIM_IV_P15_Seq2Trend_trial_187,P15,868e0b2a129a65ffbd1fa343f387583d,187,5.857013915230552,0.4371268250776463,Seq2Trend,Normal,False,0.5,300,300,20,20,8,0.001,0.6,0.1,median,True,"[0.25, 0.5, 0.75]",False,P50,,False,42,1,pressure_ensemble,5,,default_group,UNISIM_IV_P15_Seq2Trend,UNISIM_IV,Seq2Trend,0.3413888888888889,0.3413888888888889,1.3655555555555556
UNISIM_IV_P15_Seq2Trend_trial_153,P15,86abf2b89f3e4ba1abd58bc8465a92c6,153,5.857013915230552,0.4371268250776463,Seq2Trend,Normal,False,0.5,300,300,20,20,8,0.001,0.6,0.1,median,True,"[0.25, 0.5, 0.75]",False,P50,,False,42,1,pressure_ensemble,5,,default_group,UNISIM_IV_P15_Seq2Trend,UNISIM_IV,Seq2Trend,0.3413888888888889,0.3413888888888889,1.3655555555555556
UNISIM_IV_P15_Seq2Trend_trial_229,P15,314dbe3c6b6d729c2b99acdd044d81c5,229,5.857013915230552,0.4371268250776463,Seq2Trend,Normal,False,0.5,300,300,20,20,8,0.001,0.6,0.1,median,True,"[0.25, 0.5, 0.75]",False,P50,,False,42,1,pressure_ensemble,5,,default_group,UNISIM_IV_P15_Seq2Trend,UNISIM_IV,Seq2Trend,0.3413888888888889,0.3413888888888889,1.3655555555555556
UNISIM_IV_P15_Seq2Trend_trial_196,P15,b85890eac7f566fdcb918996e73bbedd,196,5.857013915230552,0.4371268250776463,Seq2Trend,Normal,False,0.5,300,300,20,20,8,0.001,0.6,0.1,median,True,"[0.25, 0.5, 0.75]",False,P50,,False,42,1,pressure_ensemble,5,,default_group,UNISIM_IV_P15_Seq2Trend,UNISIM_IV,Seq2Trend,0.3413888888888889,0.3413888888888889,1.3655555555555556
UNISIM_IV_P15_Seq2Trend_trial_184,P15,ac69e0c0e3d883c9edc7219361b61a77,184,5.857013915230552,0.4371268250776463,Seq2Trend,Normal,False,0.5,300,300,20,20,8,0.001,0.6,0.1,median,True,"[0.25, 0.5, 0.75]",False,P50,,False,42,1,pressure_ensemble,5,,default_group,UNISIM_IV_P15_Seq2Trend,UNISIM_IV,Seq2Trend,0.3413888888888889,0.3413888888888889,1.3655555555555556
UNISIM_IV_P15_Seq2Trend_trial_165,P15,715446e8d1963ad4df315d14925553c0,165,5.857013915230552,0.4371268250776463,Seq2Trend,Normal,False,0.5,300,300,20,20,8,0.001,0.6,0.1,median,True,"[0.25, 0.5, 0.75]",False,P50,,False,42,1,pressure_ensemble,5,,default_group,UNISIM_IV_P15_Seq2Trend,UNISIM_IV,Seq2Trend,0.3413888888888889,0.3413888888888889,1.3655555555555556
UNISIM_IV_P15_Seq2Trend_trial_173,P15,762f625e41f4233872798988341272b0,173,5.857013915230552,0.4371268250776463,Seq2Trend,Normal,False,0.5,300,300,20,20,8,0.001,0.6,0.1,median,True,"[0.25, 0.5, 0.75]",False,P50,,False,42,1,pressure_ensemble,5,,default_group,UNISIM_IV_P15_Seq2Trend,UNISIM_IV,Seq2Trend,0.3413888888888889,0.3413888888888889,1.3655555555555556
UNISIM_IV_P15_Seq2Trend_trial_198,P15,ed9878add7f9d87429699d8868ebea66,198,5.857013915230552,0.4371268250776463,Seq2Trend,Normal,False,0.5,300,300,20,20,8,0.001,0.6,0.1,median,True,"[0.25, 0.5, 0.75]",False,P50,,False,42,1,pressure_ensemble,5,,default_group,UNISIM_IV_P15_Seq2Trend,UNISIM_IV,Seq2Trend,0.3413888888888889,0.3413888888888889,1.3655555555555556
UNISIM_IV_P15_Seq2Trend_trial_161,P15,13a97c680f1a11bd5abc27444e2df2b5,161,5.857013915230552,0.4371268250776463,Seq2Trend,Normal,False,0.5,300,300,20,20,8,0.001,0.6,0.1,median,True,"[0.25, 0.5, 0.75]",False,P50,,False,42,1,pressure_ensemble,5,,default_group,UNISIM_IV_P15_Seq2Trend,UNISIM_IV,Seq2Trend,0.3413888888888889,0.3413888888888889,1.3655555555555556
UNISIM_IV_P15_Seq2Trend_trial_242,P15,8a9a9f6f1975bb701208a2502fa659e4,242,5.857013915230552,0.4371268250776463,Seq2Trend,Normal,False,0.5,300,300,20,20,8,0.001,0.6,0.1,median,True,"[0.25, 0.5, 0.75]",False,P50,,False,42,1,pressure_ensemble,5,,default_group,UNISIM_IV_P15_Seq2Trend,UNISIM_IV,Seq2Trend,0.3413888888888889,0.3413888888888889,1.3655555555555556
UNISIM_IV_P15_Seq2Trend_trial_160,P15,476f5a4686aea844acb49fdae6ec9f2b,160,5.857013915230552,0.4371268250776463,Seq2Trend,Normal,False,0.5,300,300,20,20,8,0.001,0.6,0.1,median,True,"[0.25, 0.5, 0.75]",False,P50,,False,42,1,pressure_ensemble,5,,default_group,UNISIM_IV_P15_Seq2Trend,UNISIM_IV,Seq2Trend,0.3413888888888889,0.3413888888888889,1.3655555555555556
UNISIM_IV_P15_Seq2Trend_trial_174,P15,5f1bcc2ec51c7cb30273b50d5465d6ef,174,5.857013915230552,0.4371268250776463,Seq2Trend,Normal,False,0.5,300,300,20,20,8,0.001,0.6,0.1,median,True,"[0.25, 0.5, 0.75]",False,P50,,False,42,1,pressure_ensemble,5,,default_group,UNISIM_IV_P15_Seq2Trend,UNISIM_IV,Seq2Trend,0.3413888888888889,0.3413888888888889,1.3655555555555556
UNISIM_IV_P15_Seq2Trend_trial_189,P15,58261e3b04447ed0348478dc63921787,189,5.857013915230552,0.4371268250776463,Seq2Trend,Normal,False,0.5,300,300,20,20,8,0.001,0.6,0.1,median,True,"[0.25, 0.5, 0.75]",False,P50,,False,42,1,pressure_ensemble,5,,default_group,UNISIM_IV_P15_Seq2Trend,UNISIM_IV,Seq2Trend,0.3413888888888889,0.3413888888888889,1.3655555555555556
UNISIM_IV_P15_Seq2Trend_trial_227,P15,01e2e3d9f553ca441ecc9b2f7097fd16,227,5.857013915230552,0.4371268250776463,Seq2Trend,Normal,False,0.5,300,300,20,20,8,0.001,0.6,0.1,median,True,"[0.25, 0.5, 0.75]",False,P50,,False,42,1,pressure_ensemble,5,,default_group,UNISIM_IV_P15_Seq2Trend,UNISIM_IV,Seq2Trend,0.3413888888888889,0.3413888888888889,1.3655555555555556
UNISIM_IV_P15_Seq2Trend_trial_200,P15,4792506bcde5679a8fd8255aadbe0a9f,200,5.857013915230552,0.4371268250776463,Seq2Trend,Normal,False,0.5,300,300,20,20,8,0.001,0.6,0.1,median,True,"[0.25, 0.5, 0.75]",False,P50,,False,42,1,pressure_ensemble,5,,default_group,UNISIM_IV_P15_Seq2Trend,UNISIM_IV,Seq2Trend,0.3413888888888889,0.3413888888888889,1.3655555555555556
UNISIM_IV_P15_Seq2Trend_trial_194,P15,5df86d41c47ff677e184a1813657fe90,194,5.857013915230552,0.4371268250776463,Seq2Trend,Normal,False,0.5,300,300,20,20,8,0.001,0.6,0.1,median,True,"[0.25, 0.5, 0.75]",False,P50,,False,42,1,pressure_ensemble,5,,default_group,UNISIM_IV_P15_Seq2Trend,UNISIM_IV,Seq2Trend,0.3413888888888889,0.3413888888888889,1.3655555555555556
UNISIM_IV_P15_Seq2Trend_trial_240,P15,b2520a9f78b10616b30583759148f650,240,5.857013915230552,0.4371268250776463,Seq2Trend,Normal,False,0.5,300,300,20,20,8,0.001,0.6,0.1,median,True,"[0.25, 0.5, 0.75]",False,P50,,False,42,1,pressure_ensemble,5,,default_group,UNISIM_IV_P15_Seq2Trend,UNISIM_IV,Seq2Trend,0.3413888888888889,0.3413888888888889,1.3655555555555556
UNISIM_IV_P15_Seq2Trend_trial_204,P15,df7b938d51703ea5294e02d27738194b,204,5.857013915230552,0.4371268250776463,Seq2Trend,Normal,False,0.5,300,300,20,20,8,0.001,0.6,0.1,median,True,"[0.25, 0.5, 0.75]",False,P50,,False,42,1,pressure_ensemble,5,,default_group,UNISIM_IV_P15_Seq2Trend,UNISIM_IV,Seq2Trend,0.3413888888888889,0.3413888888888889,1.3655555555555556
UNISIM_IV_P15_Seq2Trend_trial_178,P15,73f0cb9d826f96a302e311401dfca223,178,5.857013915230552,0.4371268250776463,Seq2Trend,Normal,False,0.5,300,300,20,20,8,0.001,0.6,0.1,median,True,"[0.25, 0.5, 0.75]",False,P50,,False,42,1,pressure_ensemble,5,,default_group,UNISIM_IV_P15_Seq2Trend,UNISIM_IV,Seq2Trend,0.3413888888888889,0.3413888888888889,1.3655555555555556
UNISIM_IV_P15_Seq2Trend_trial_192,P15,baacb0d8558a54d9690ac87a0ccf57ec,192,5.857013915230552,0.4371268250776463,Seq2Trend,Normal,False,0.5,300,300,20,20,8,0.001,0.6,0.1,median,True,"[0.25, 0.5, 0.75]",False,P50,,False,42,1,pressure_ensemble,5,,default_group,UNISIM_IV_P15_Seq2Trend,UNISIM_IV,Seq2Trend,0.3413888888888889,0.3413888888888889,1.3655555555555556
UNISIM_IV_P15_Seq2Trend_trial_205,P15,96288d24aa001ba425e870c0091d0dfa,205,5.857013915230552,0.4371268250776463,Seq2Trend,Normal,False,0.5,300,300,20,20,8,0.001,0.6,0.1,median,True,"[0.25, 0.5, 0.75]",False,P50,,False,42,1,pressure_ensemble,5,,default_group,UNISIM_IV_P15_Seq2Trend,UNISIM_IV,Seq2Trend,0.3413888888888889,0.3413888888888889,1.3655555555555556
UNISIM_IV_P15_Seq2Trend_trial_249,P15,1557769d405174ef6796975f7de82a07,249,5.857013915230552,0.4371268250776463,Seq2Trend,Normal,False,0.5,300,300,20,20,8,0.001,0.6,0.1,median,True,"[0.25, 0.5, 0.75]",False,P50,,False,42,1,pressure_ensemble,5,,default_group,UNISIM_IV_P15_Seq2Trend,UNISIM_IV,Seq2Trend,0.3413888888888889,0.3413888888888889,1.3655555555555556
UNISIM_IV_P15_Seq2Trend_trial_211,P15,e8ca7cd5c9f66a34afddf6252b3280f1,211,5.857013915230552,0.4371268250776463,Seq2Trend,Normal,False,0.5,300,300,20,20,8,0.001,0.6,0.1,median,True,"[0.25, 0.5, 0.75]",False,P50,,False,42,1,pressure_ensemble,5,,default_group,UNISIM_IV_P15_Seq2Trend,UNISIM_IV,Seq2Trend,0.3413888888888889,0.3413888888888889,1.3655555555555556
UNISIM_IV_P15_Seq2Trend_trial_207,P15,8b2b507ba24baed69810efb8b971920c,207,5.857013915230552,0.4371268250776463,Seq2Trend,Normal,False,0.5,300,300,20,20,8,0.001,0.6,0.1,median,True,"[0.25, 0.5, 0.75]",False,P50,,False,42,1,pressure_ensemble,5,,default_group,UNISIM_IV_P15_Seq2Trend,UNISIM_IV,Seq2Trend,0.3413888888888889,0.3413888888888889,1.3655555555555556
UNISIM_IV_P15_Seq2Trend_trial_191,P15,0d6092b1560576b7aafa2c221a687f5d,191,5.857013915230552,0.4371268250776463,Seq2Trend,Normal,False,0.5,300,300,20,20,8,0.001,0.6,0.1,median,True,"[0.25, 0.5, 0.75]",False,P50,,False,42,1,pressure_ensemble,5,,default_group,UNISIM_IV_P15_Seq2Trend,UNISIM_IV,Seq2Trend,0.3413888888888889,0.3413888888888889,1.3655555555555556
UNISIM_IV_P15_Seq2Trend_trial_177,P15,2b5f8272eadc5a6370b57980f5f63aa4,177,5.857013915230552,0.4371268250776463,Seq2Trend,Normal,False,0.5,300,300,20,20,8,0.001,0.6,0.1,median,True,"[0.25, 0.5, 0.75]",False,P50,,False,42,1,pressure_ensemble,5,,default_group,UNISIM_IV_P15_Seq2Trend,UNISIM_IV,Seq2Trend,0.3413888888888889,0.3413888888888889,1.3655555555555556
UNISIM_IV_P15_Seq2Trend_trial_209,P15,748c96b4917a8e9b375fe8ef6c073a51,209,5.857013915230552,0.4371268250776463,Seq2Trend,Normal,False,0.5,300,300,20,20,8,0.001,0.6,0.1,median,True,"[0.25, 0.5, 0.75]",False,P50,,False,42,1,pressure_ensemble,5,,default_group,UNISIM_IV_P15_Seq2Trend,UNISIM_IV,Seq2Trend,0.3413888888888889,0.3413888888888889,1.3655555555555556
UNISIM_IV_P15_Seq2Trend_trial_215,P15,3f8f41fff19336a2295b573c8f7a8044,215,5.857013915230552,0.4371268250776463,Seq2Trend,Normal,False,0.5,300,300,20,20,8,0.001,0.6,0.1,median,True,"[0.25, 0.5, 0.75]",False,P50,,False,42,1,pressure_ensemble,5,,default_group,UNISIM_IV_P15_Seq2Trend,UNISIM_IV,Seq2Trend,0.3413888888888889,0.3413888888888889,1.3655555555555556
UNISIM_IV_P15_Seq2Trend_trial_217,P15,0c79489e40271692e6a38997405f5b46,217,5.857013915230552,0.4371268250776463,Seq2Trend,Normal,False,0.5,300,300,20,20,8,0.001,0.6,0.1,median,True,"[0.25, 0.5, 0.75]",False,P50,,False,42,1,pressure_ensemble,5,,default_group,UNISIM_IV_P15_Seq2Trend,UNISIM_IV,Seq2Trend,0.3413888888888889,0.3413888888888889,1.3655555555555556
UNISIM_IV_P15_Seq2Trend_trial_169,P15,07cc2dcb81e2f85f60853c72f9a895cd,169,5.857013915230552,0.4371268250776463,Seq2Trend,Normal,False,0.5,300,300,20,20,8,0.001,0.6,0.1,median,True,"[0.25, 0.5, 0.75]",False,P50,,False,42,1,pressure_ensemble,5,,default_group,UNISIM_IV_P15_Seq2Trend,UNISIM_IV,Seq2Trend,0.3413888888888889,0.3413888888888889,1.3655555555555556
UNISIM_IV_P15_Seq2Trend_trial_151,P15,aff2ef77a58df251c1f3a6064561e392,151,5.857013915230552,0.4371268250776463,Seq2Trend,Normal,False,0.5,300,300,20,20,8,0.001,0.6,0.1,median,True,"[0.25, 0.5, 0.75]",False,P50,,False,42,1,pressure_ensemble,5,,default_group,UNISIM_IV_P15_Seq2Trend,UNISIM_IV,Seq2Trend,0.3413888888888889,0.3413888888888889,1.3655555555555556
UNISIM_IV_P15_Seq2Trend_trial_201,P15,0aa4de97bfec4d3fb1b29a1e53cc9693,201,5.857013915230552,0.4371268250776463,Seq2Trend,Normal,False,0.5,300,300,20,20,8,0.001,0.6,0.1,median,True,"[0.25, 0.5, 0.75]",False,P50,,False,42,1,pressure_ensemble,5,,default_group,UNISIM_IV_P15_Seq2Trend,UNISIM_IV,Seq2Trend,0.3413888888888889,0.3413888888888889,1.3655555555555556
UNISIM_IV_P15_Seq2Trend_trial_170,P15,a88f431993de592bec262bb23f607182,170,5.857013915230552,0.4371268250776463,Seq2Trend,Normal,False,0.5,300,300,20,20,8,0.001,0.6,0.1,median,True,"[0.25, 0.5, 0.75]",False,P50,,False,42,1,pressure_ensemble,5,,default_group,UNISIM_IV_P15_Seq2Trend,UNISIM_IV,Seq2Trend,0.3413888888888889,0.3413888888888889,1.3655555555555556
UNISIM_IV_P15_Seq2Trend_trial_158,P15,fb0404d700f26092b35b2a3ec8d52607,158,5.857013915230552,0.4371268250776463,Seq2Trend,Normal,False,0.5,300,300,20,20,8,0.001,0.6,0.1,median,True,"[0.25, 0.5, 0.75]",False,P50,,False,42,1,pressure_ensemble,5,,default_group,UNISIM_IV_P15_Seq2Trend,UNISIM_IV,Seq2Trend,0.3413888888888889,0.3413888888888889,1.3655555555555556
UNISIM_IV_P15_Seq2Trend_trial_180,P15,d4ae6eded77cf45e74e35c5ac95600ff,180,5.857013915230552,0.4371268250776463,Seq2Trend,Normal,False,0.5,300,300,20,20,8,0.001,0.6,0.1,median,True,"[0.25, 0.5, 0.75]",False,P50,,False,42,1,pressure_ensemble,5,,default_group,UNISIM_IV_P15_Seq2Trend,UNISIM_IV,Seq2Trend,0.3413888888888889,0.3413888888888889,1.3655555555555556
UNISIM_IV_P15_Seq2Trend_trial_199,P15,cedb6b151b5aef438420027c710cc889,199,5.857013915230552,0.4371268250776463,Seq2Trend,Normal,False,0.5,300,300,20,20,8,0.001,0.6,0.1,median,True,"[0.25, 0.5, 0.75]",False,P50,,False,42,1,pressure_ensemble,5,,default_group,UNISIM_IV_P15_Seq2Trend,UNISIM_IV,Seq2Trend,0.3413888888888889,0.3413888888888889,1.3655555555555556
UNISIM_IV_P15_Seq2Trend_trial_216,P15,63408e0d6878d4f50aa85fdd7a4fec93,216,5.857013915230552,0.4371268250776463,Seq2Trend,Normal,False,0.5,300,300,20,20,8,0.001,0.6,0.1,median,True,"[0.25, 0.5, 0.75]",False,P50,,False,42,1,pressure_ensemble,5,,default_group,UNISIM_IV_P15_Seq2Trend,UNISIM_IV,Seq2Trend,0.3413888888888889,0.3413888888888889,1.3655555555555556
UNISIM_IV_P15_Seq2Trend_trial_245,P15,634f4bf0bb6a17df7ac339265f4b7345,245,5.857013915230552,0.4371268250776463,Seq2Trend,Normal,False,0.5,300,300,20,20,8,0.001,0.6,0.1,median,True,"[0.25, 0.5, 0.75]",False,P50,,False,42,1,pressure_ensemble,5,,default_group,UNISIM_IV_P15_Seq2Trend,UNISIM_IV,Seq2Trend,0.3413888888888889,0.3413888888888889,1.3655555555555556
UNISIM_IV_P15_Seq2Trend_trial_175,P15,d96319c62bec9a6eca09d85abe076c1a,175,5.857013915230552,0.4371268250776463,Seq2Trend,Normal,False,0.5,300,300,20,20,8,0.001,0.6,0.1,median,True,"[0.25, 0.5, 0.75]",False,P50,,False,42,1,pressure_ensemble,5,,default_group,UNISIM_IV_P15_Seq2Trend,UNISIM_IV,Seq2Trend,0.3413888888888889,0.3413888888888889,1.3655555555555556
UNISIM_IV_P15_Seq2Trend_trial_244,P15,97687789a3f4a68030a5f4c47877d829,244,5.857013915230552,0.4371268250776463,Seq2Trend,Normal,False,0.5,300,300,20,20,8,0.001,0.6,0.1,median,True,"[0.25, 0.5, 0.75]",False,P50,,False,42,1,pressure_ensemble,5,,default_group,UNISIM_IV_P15_Seq2Trend,UNISIM_IV,Seq2Trend,0.3413888888888889,0.3413888888888889,1.3655555555555556
UNISIM_IV_P15_Seq2Trend_trial_239,P15,b5213f0a3c4fa9b68a7ddf5fc6349d7c,239,5.857013915230552,0.4371268250776463,Seq2Trend,Normal,False,0.5,300,300,20,20,8,0.001,0.6,0.1,median,True,"[0.25, 0.5, 0.75]",False,P50,,False,42,1,pressure_ensemble,5,,default_group,UNISIM_IV_P15_Seq2Trend,UNISIM_IV,Seq2Trend,0.3413888888888889,0.3413888888888889,1.3655555555555556
UNISIM_IV_P15_Seq2Trend_trial_221,P15,f3be9c677d12a38b10bc6e47751041f4,221,5.857013915230552,0.4371268250776463,Seq2Trend,Normal,False,0.5,300,300,20,20,8,0.001,0.6,0.1,median,True,"[0.25, 0.5, 0.75]",False,P50,,False,42,1,pressure_ensemble,5,,default_group,UNISIM_IV_P15_Seq2Trend,UNISIM_IV,Seq2Trend,0.3413888888888889,0.3413888888888889,1.3655555555555556
UNISIM_IV_P15_Seq2Trend_trial_208,P15,4f8cadf998ae403506289803a810c6df,208,5.857013915230552,0.4371268250776463,Seq2Trend,Normal,False,0.5,300,300,20,20,8,0.001,0.6,0.1,median,True,"[0.25, 0.5, 0.75]",False,P50,,False,42,1,pressure_ensemble,5,,default_group,UNISIM_IV_P15_Seq2Trend,UNISIM_IV,Seq2Trend,0.3413888888888889,0.3413888888888889,1.3655555555555556
UNISIM_IV_P15_Seq2Trend_trial_182,P15,28b501511a54e01780ea4a04d542a38f,182,5.857013915230552,0.4371268250776463,Seq2Trend,Normal,False,0.5,300,300,20,20,8,0.001,0.6,0.1,median,True,"[0.25, 0.5, 0.75]",False,P50,,False,42,1,pressure_ensemble,5,,default_group,UNISIM_IV_P15_Seq2Trend,UNISIM_IV,Seq2Trend,0.3413888888888889,0.3413888888888889,1.3655555555555556
UNISIM_IV_P15_Seq2Trend_trial_171,P15,551eff948e8db2ac80f50547ab061f4b,171,5.857013915230552,0.4371268250776463,Seq2Trend,Normal,False,0.5,300,300,20,20,8,0.001,0.6,0.1,median,True,"[0.25, 0.5, 0.75]",False,P50,,False,42,1,pressure_ensemble,5,,default_group,UNISIM_IV_P15_Seq2Trend,UNISIM_IV,Seq2Trend,0.3413888888888889,0.3413888888888889,1.3655555555555556
UNISIM_IV_P15_Seq2Trend_trial_179,P15,14789a6911c9bb0728f3fae61fde1631,179,5.857013915230552,0.4371268250776463,Seq2Trend,Normal,False,0.5,300,300,20,20,8,0.001,0.6,0.1,median,True,"[0.25, 0.5, 0.75]",False,P50,,False,42,1,pressure_ensemble,5,,default_group,UNISIM_IV_P15_Seq2Trend,UNISIM_IV,Seq2Trend,0.3413888888888889,0.3413888888888889,1.3655555555555556
UNISIM_IV_P15_Seq2Trend_trial_218,P15,435afaec13a5a30cb55435901c0a8a1b,218,5.857013915230552,0.4371268250776463,Seq2Trend,Normal,False,0.5,300,300,20,20,8,0.001,0.6,0.1,median,True,"[0.25, 0.5, 0.75]",False,P50,,False,42,1,pressure_ensemble,5,,default_group,UNISIM_IV_P15_Seq2Trend,UNISIM_IV,Seq2Trend,0.3413888888888889,0.3413888888888889,1.3655555555555556
UNISIM_IV_P15_Seq2Trend_trial_202,P15,a364805537d16e3dcd1d36b036b64e15,202,5.857013915230552,0.4371268250776463,Seq2Trend,Normal,False,0.5,300,300,20,20,8,0.001,0.6,0.1,median,True,"[0.25, 0.5, 0.75]",False,P50,,False,42,1,pressure_ensemble,5,,default_group,UNISIM_IV_P15_Seq2Trend,UNISIM_IV,Seq2Trend,0.3413888888888889,0.3413888888888889,1.3655555555555556
UNISIM_IV_P15_Seq2Trend_trial_234,P15,cdea708393f088b5a49667575721e751,234,5.857013915230552,0.4371268250776463,Seq2Trend,Normal,False,0.5,300,300,20,20,8,0.001,0.6,0.1,median,True,"[0.25, 0.5, 0.75]",False,P50,,False,42,1,pressure_ensemble,5,,default_group,UNISIM_IV_P15_Seq2Trend,UNISIM_IV,Seq2Trend,0.3413888888888889,0.3413888888888889,1.3655555555555556
UNISIM_IV_P15_Seq2Trend_trial_166,P15,8de329b104b16fc8aa195f53d94f5964,166,5.857013915230552,0.4371268250776463,Seq2Trend,Normal,False,0.5,300,300,20,20,8,0.001,0.6,0.1,median,True,"[0.25, 0.5, 0.75]",False,P50,,False,42,1,pressure_ensemble,5,,default_group,UNISIM_IV_P15_Seq2Trend,UNISIM_IV,Seq2Trend,0.3413888888888889,0.3413888888888889,1.3655555555555556
UNISIM_IV_P15_Seq2Trend_trial_163,P15,4ef9595fdbe68b841775c6de7b8af17c,163,5.857013915230552,0.4371268250776463,Seq2Trend,Normal,False,0.5,300,300,20,20,8,0.001,0.6,0.1,median,True,"[0.25, 0.5, 0.75]",False,P50,,False,42,1,pressure_ensemble,5,,default_group,UNISIM_IV_P15_Seq2Trend,UNISIM_IV,Seq2Trend,0.3413888888888889,0.3413888888888889,1.3655555555555556
UNISIM_IV_P15_Seq2Trend_trial_172,P15,715adcb8680a701ecf69a7d10f2a7495,172,5.857013915230552,0.4371268250776463,Seq2Trend,Normal,False,0.5,300,300,20,20,8,0.001,0.6,0.1,median,True,"[0.25, 0.5, 0.75]",False,P50,,False,42,1,pressure_ensemble,5,,default_group,UNISIM_IV_P15_Seq2Trend,UNISIM_IV,Seq2Trend,0.3413888888888889,0.3413888888888889,1.3655555555555556
UNISIM_IV_P15_Seq2Trend_trial_210,P15,9580f970f897145b5d25870cc64f12d7,210,5.857013915230552,0.4371268250776463,Seq2Trend,Normal,False,0.5,300,300,20,20,8,0.001,0.6,0.1,median,True,"[0.25, 0.5, 0.75]",False,P50,,False,42,1,pressure_ensemble,5,,default_group,UNISIM_IV_P15_Seq2Trend,UNISIM_IV,Seq2Trend,0.3413888888888889,0.3413888888888889,1.3655555555555556
UNISIM_IV_P15_Seq2Trend_trial_197,P15,50a63c333b957419faf2bb1fd235aece,197,5.857013915230552,0.4371268250776463,Seq2Trend,Normal,False,0.5,300,300,20,20,8,0.001,0.6,0.1,median,True,"[0.25, 0.5, 0.75]",False,P50,,False,42,1,pressure_ensemble,5,,default_group,UNISIM_IV_P15_Seq2Trend,UNISIM_IV,Seq2Trend,0.3413888888888889,0.3413888888888889,1.3655555555555556
UNISIM_IV_P15_Seq2Trend_trial_150,P15,f05a4a9112868e4cc264548401be59c0,150,5.857013915230552,0.4371268250776463,Seq2Trend,Normal,False,0.5,300,300,20,20,8,0.001,0.6,0.1,median,True,"[0.25, 0.5, 0.75]",False,P50,,False,42,1,pressure_ensemble,5,,default_group,UNISIM_IV_P15_Seq2Trend,UNISIM_IV,Seq2Trend,0.3413888888888889,0.3413888888888889,1.3655555555555556
UNISIM_IV_P15_Seq2Trend_trial_183,P15,83c88fe3aa7f716bb3676586944c419f,183,5.857013915230552,0.4371268250776463,Seq2Trend,Normal,False,0.5,300,300,20,20,8,0.001,0.6,0.1,median,True,"[0.25, 0.5, 0.75]",False,P50,,False,42,1,pressure_ensemble,5,,default_group,UNISIM_IV_P15_Seq2Trend,UNISIM_IV,Seq2Trend,0.3413888888888889,0.3413888888888889,1.3655555555555556
UNISIM_IV_P15_Seq2Trend_trial_156,P15,f836b97ec04331cf6158eb883859168a,156,5.857013915230552,0.4371268250776463,Seq2Trend,Normal,False,0.5,300,300,20,20,8,0.001,0.6,0.1,median,True,"[0.25, 0.5, 0.75]",False,P50,,False,42,1,pressure_ensemble,5,,default_group,UNISIM_IV_P15_Seq2Trend,UNISIM_IV,Seq2Trend,0.3413888888888889,0.3413888888888889,1.3655555555555556
UNISIM_IV_P15_Seq2Trend_trial_247,P15,cb36636d2c32295d3cd43332a51245ef,247,5.857013915230552,0.4371268250776463,Seq2Trend,Normal,False,0.5,300,300,20,20,8,0.001,0.6,0.1,median,True,"[0.25, 0.5, 0.75]",False,P50,,False,42,1,pressure_ensemble,5,,default_group,UNISIM_IV_P15_Seq2Trend,UNISIM_IV,Seq2Trend,0.3413888888888889,0.3413888888888889,1.3655555555555556
UNISIM_IV_P15_Seq2Trend_trial_231,P15,7aeed4d7ab00c1d9e4af1d21010fa390,231,5.857013915230552,0.4371268250776463,Seq2Trend,Normal,False,0.5,300,300,20,20,8,0.001,0.6,0.1,median,True,"[0.25, 0.5, 0.75]",False,P50,,False,42,1,pressure_ensemble,5,,default_group,UNISIM_IV_P15_Seq2Trend,UNISIM_IV,Seq2Trend,0.3413888888888889,0.3413888888888889,1.3655555555555556
UNISIM_IV_P15_Seq2Trend_trial_225,P15,d52e5979fc4ec56d00bb8977b8280ce9,225,5.857013915230552,0.4371268250776463,Seq2Trend,Normal,False,0.5,300,300,20,20,8,0.001,0.6,0.1,median,True,"[0.25, 0.5, 0.75]",False,P50,,False,42,1,pressure_ensemble,5,,default_group,UNISIM_IV_P15_Seq2Trend,UNISIM_IV,Seq2Trend,0.3413888888888889,0.3413888888888889,1.3655555555555556
UNISIM_IV_P15_Seq2Trend_trial_223,P15,dae53eaf0b552e029dd012cb4c59bd58,223,5.857013915230552,0.4371268250776463,Seq2Trend,Normal,False,0.5,300,300,20,20,8,0.001,0.6,0.1,median,True,"[0.25, 0.5, 0.75]",False,P50,,False,42,1,pressure_ensemble,5,,default_group,UNISIM_IV_P15_Seq2Trend,UNISIM_IV,Seq2Trend,0.3413888888888889,0.3413888888888889,1.3655555555555556
UNISIM_IV_P15_Seq2Trend_trial_232,P15,7d827eb6bb5d097c116a29de2a60c636,232,5.857013915230552,0.4371268250776463,Seq2Trend,Normal,False,0.5,300,300,20,20,8,0.001,0.6,0.1,median,True,"[0.25, 0.5, 0.75]",False,P50,,False,42,1,pressure_ensemble,5,,default_group,UNISIM_IV_P15_Seq2Trend,UNISIM_IV,Seq2Trend,0.3413888888888889,0.3413888888888889,1.3655555555555556
UNISIM_IV_P15_Seq2Trend_trial_186,P15,8260c733672ca1cc0adcd03cea136dc4,186,5.857013915230552,0.4371268250776463,Seq2Trend,Normal,False,0.5,300,300,20,20,8,0.001,0.6,0.1,median,True,"[0.25, 0.5, 0.75]",False,P50,,False,42,1,pressure_ensemble,5,,default_group,UNISIM_IV_P15_Seq2Trend,UNISIM_IV,Seq2Trend,0.3413888888888889,0.3413888888888889,1.3655555555555556
UNISIM_IV_P15_Seq2Trend_trial_241,P15,ac841689765ef4a125735912cb9b0ef2,241,5.857013915230552,0.4371268250776463,Seq2Trend,Normal,False,0.5,300,300,20,20,8,0.001,0.6,0.1,median,True,"[0.25, 0.5, 0.75]",False,P50,,False,42,1,pressure_ensemble,5,,default_group,UNISIM_IV_P15_Seq2Trend,UNISIM_IV,Seq2Trend,0.3413888888888889,0.3413888888888889,1.3655555555555556
UNISIM_IV_P15_Seq2Trend_trial_152,P15,c44a1496821e25b09fa70ed9fbcabb8c,152,5.857013915230552,0.4371268250776463,Seq2Trend,Normal,False,0.5,300,300,20,20,8,0.001,0.6,0.1,median,True,"[0.25, 0.5, 0.75]",False,P50,,False,42,1,pressure_ensemble,5,,default_group,UNISIM_IV_P15_Seq2Trend,UNISIM_IV,Seq2Trend,0.3413888888888889,0.3413888888888889,1.3655555555555556
UNISIM_IV_P15_Seq2Trend_trial_206,P15,cc1bad0e8fbedddcdffa765788114ced,206,5.857013915230552,0.4371268250776463,Seq2Trend,Normal,False,0.5,300,300,20,20,8,0.001,0.6,0.1,median,True,"[0.25, 0.5, 0.75]",False,P50,,False,42,1,pressure_ensemble,5,,default_group,UNISIM_IV_P15_Seq2Trend,UNISIM_IV,Seq2Trend,0.3413888888888889,0.3413888888888889,1.3655555555555556
UNISIM_IV_P15_Seq2Trend_trial_230,P15,262ff22a5fefea7f16740c693c17c67d,230,5.857013915230552,0.4371268250776463,Seq2Trend,Normal,False,0.5,300,300,20,20,8,0.001,0.6,0.1,median,True,"[0.25, 0.5, 0.75]",False,P50,,False,42,1,pressure_ensemble,5,,default_group,UNISIM_IV_P15_Seq2Trend,UNISIM_IV,Seq2Trend,0.3413888888888889,0.3413888888888889,1.3655555555555556
UNISIM_IV_P15_Seq2Trend_trial_155,P15,67ad6c290c386bb7d25dfefe3b4f6106,155,5.857013915230552,0.4371268250776463,Seq2Trend,Normal,False,0.5,300,300,20,20,8,0.001,0.6,0.1,median,True,"[0.25, 0.5, 0.75]",False,P50,,False,42,1,pressure_ensemble,5,,default_group,UNISIM_IV_P15_Seq2Trend,UNISIM_IV,Seq2Trend,0.3413888888888889,0.3413888888888889,1.3655555555555556
UNISIM_IV_P15_Seq2Trend_trial_185,P15,8192618aa56710396faf48c5c8d0bdb0,185,5.857013915230552,0.4371268250776463,Seq2Trend,Normal,False,0.5,300,300,20,20,8,0.001,0.6,0.1,median,True,"[0.25, 0.5, 0.75]",False,P50,,False,42,1,pressure_ensemble,5,,default_group,UNISIM_IV_P15_Seq2Trend,UNISIM_IV,Seq2Trend,0.3413888888888889,0.3413888888888889,1.3655555555555556
UNISIM_IV_P15_Seq2Trend_trial_226,P15,0191b93d7022a316387fb86b1183d2b6,226,5.857013915230552,0.4371268250776463,Seq2Trend,Normal,False,0.5,300,300,20,20,8,0.001,0.6,0.1,median,True,"[0.25, 0.5, 0.75]",False,P50,,False,42,1,pressure_ensemble,5,,default_group,UNISIM_IV_P15_Seq2Trend,UNISIM_IV,Seq2Trend,0.3413888888888889,0.3413888888888889,1.3655555555555556
UNISIM_IV_P15_Seq2Trend_trial_190,P15,00f3abf0e27ee2ddd7317344b9fca71a,190,5.857013915230552,0.4371268250776463,Seq2Trend,Normal,False,0.5,300,300,20,20,8,0.001,0.6,0.1,median,True,"[0.25, 0.5, 0.75]",False,P50,,False,42,1,pressure_ensemble,5,,default_group,UNISIM_IV_P15_Seq2Trend,UNISIM_IV,Seq2Trend,0.3413888888888889,0.3413888888888889,1.3655555555555556
UNISIM_IV_P15_Seq2Trend_trial_213,P15,f03f26bb62502a1cb673a19958d06de1,213,5.857013915230552,0.4371268250776463,Seq2Trend,Normal,False,0.5,300,300,20,20,8,0.001,0.6,0.1,median,True,"[0.25, 0.5, 0.75]",False,P50,,False,42,1,pressure_ensemble,5,,default_group,UNISIM_IV_P15_Seq2Trend,UNISIM_IV,Seq2Trend,0.3413888888888889,0.3413888888888889,1.3655555555555556
UNISIM_IV_P15_Seq2Trend_trial_246,P15,bfa1d84a3f03be5779c8c42f6c5f1fd2,246,5.857013915230552,0.4371268250776463,Seq2Trend,Normal,False,0.5,300,300,20,20,8,0.001,0.6,0.1,median,True,"[0.25, 0.5, 0.75]",False,P50,,False,42,1,pressure_ensemble,5,,default_group,UNISIM_IV_P15_Seq2Trend,UNISIM_IV,Seq2Trend,0.3413888888888889,0.3413888888888889,1.3655555555555556
UNISIM_IV_P15_Seq2Trend_trial_167,P15,03eb1dde38371082db1bf74b2fa55253,167,5.857013915230552,0.4371268250776463,Seq2Trend,Normal,False,0.5,300,300,20,20,8,0.001,0.6,0.1,median,True,"[0.25, 0.5, 0.75]",False,P50,,False,42,1,pressure_ensemble,5,,default_group,UNISIM_IV_P15_Seq2Trend,UNISIM_IV,Seq2Trend,0.3413888888888889,0.3413888888888889,1.3655555555555556
UNISIM_IV_P15_Seq2Trend_trial_168,P15,30c1d865b869cc77674a6e76993e1c3f,168,5.857013915230552,0.4371268250776463,Seq2Trend,Normal,False,0.5,300,300,20,20,8,0.001,0.6,0.1,median,True,"[0.25, 0.5, 0.75]",False,P50,,False,42,1,pressure_ensemble,5,,default_group,UNISIM_IV_P15_Seq2Trend,UNISIM_IV,Seq2Trend,0.3413888888888889,0.3413888888888889,1.3655555555555556
UNISIM_IV_P15_Seq2Trend_trial_219,P15,b53386f04ec8a6795094c63a6b9f40e0,219,5.857013915230552,0.4371268250776463,Seq2Trend,Normal,False,0.5,300,300,20,20,8,0.001,0.6,0.1,median,True,"[0.25, 0.5, 0.75]",False,P50,,False,42,1,pressure_ensemble,5,,default_group,UNISIM_IV_P15_Seq2Trend,UNISIM_IV,Seq2Trend,0.3413888888888889,0.3413888888888889,1.3655555555555556
UNISIM_IV_P15_Seq2Trend_trial_236,P15,8fae3911a348ca471009736405135371,236,5.857013915230552,0.4371268250776463,Seq2Trend,Normal,False,0.5,300,300,20,20,8,0.001,0.6,0.1,median,True,"[0.25, 0.5, 0.75]",False,P50,,False,42,1,pressure_ensemble,5,,default_group,UNISIM_IV_P15_Seq2Trend,UNISIM_IV,Seq2Trend,0.3413888888888889,0.3413888888888889,1.3655555555555556
UNISIM_IV_P15_Seq2Trend_trial_212,P15,5f0a14bf724709d4b6a8d413006f9013,212,5.857013915230552,0.4371268250776463,Seq2Trend,Normal,False,0.5,300,300,20,20,8,0.001,0.6,0.1,median,True,"[0.25, 0.5, 0.75]",False,P50,,False,42,1,pressure_ensemble,5,,default_group,UNISIM_IV_P15_Seq2Trend,UNISIM_IV,Seq2Trend,0.3413888888888889,0.3413888888888889,1.3655555555555556
UNISIM_IV_P15_Seq2Trend_trial_248,P15,71136088caf9fd1266113a270c893bd2,248,5.857013915230552,0.4371268250776463,Seq2Trend,Normal,False,0.5,300,300,20,20,8,0.001,0.6,0.1,median,True,"[0.25, 0.5, 0.75]",False,P50,,False,42,1,pressure_ensemble,5,,default_group,UNISIM_IV_P15_Seq2Trend,UNISIM_IV,Seq2Trend,0.3413888888888889,0.3413888888888889,1.3655555555555556
UNISIM_IV_P15_Seq2Trend_trial_181,P15,e6ad5edf9c7a24b1f93fe014ea6ff363,181,5.857013915230552,0.4371268250776463,Seq2Trend,Normal,False,0.5,300,300,20,20,8,0.001,0.6,0.1,median,True,"[0.25, 0.5, 0.75]",False,P50,,False,42,1,pressure_ensemble,5,,default_group,UNISIM_IV_P15_Seq2Trend,UNISIM_IV,Seq2Trend,0.3413888888888889,0.3413888888888889,1.3655555555555556
UNISIM_IV_P15_Seq2Trend_trial_228,P15,3c62b06fad9a9f03130c42bf3c6a1775,228,5.857013915230552,0.4371268250776463,Seq2Trend,Normal,False,0.5,300,300,20,20,8,0.001,0.6,0.1,median,True,"[0.25, 0.5, 0.75]",False,P50,,False,42,1,pressure_ensemble,5,,default_group,UNISIM_IV_P15_Seq2Trend,UNISIM_IV,Seq2Trend,0.3413888888888889,0.3413888888888889,1.3655555555555556
UNISIM_IV_P15_Seq2Trend_trial_157,P15,8c0b415004af4f99f53d30ac4485a756,157,5.857013915230552,0.4371268250776463,Seq2Trend,Normal,False,0.5,300,300,20,20,8,0.001,0.6,0.1,median,True,"[0.25, 0.5, 0.75]",False,P50,,False,42,1,pressure_ensemble,5,,default_group,UNISIM_IV_P15_Seq2Trend,UNISIM_IV,Seq2Trend,0.3413888888888889,0.3413888888888889,1.3655555555555556
UNISIM_IV_P15_Seq2Trend_trial_154,P15,9284232a83f05f0ad2b94803fc31746a,154,5.857013915230552,0.4371268250776463,Seq2Trend,Normal,False,0.5,300,300,20,20,8,0.001,0.6,0.1,median,True,"[0.25, 0.5, 0.75]",False,P50,,False,42,1,pressure_ensemble,5,,default_group,UNISIM_IV_P15_Seq2Trend,UNISIM_IV,Seq2Trend,0.3413888888888889,0.3413888888888889,1.3655555555555556
UNISIM_IV_P15_Seq2Trend_trial_276,P15,d731961bee8fff29573d1f2af35d1159,276,5.892409016798985,0.3389672771266092,Seq2Trend,Normal,False,0.25,300,300,50,20,16,0.005,0.6,0.1,median,True,"[0.25, 0.5, 0.75]",False,P50,,False,42,1,exponential,6,,default_group,UNISIM_IV_P15_Seq2Trend,UNISIM_IV,Seq2Trend,0.22083333333333333,0.38972222222222225,1.221111111111111
UNISIM_IV_P15_Seq2Trend_trial_255,P15,072a29c537eb516f9f32563b3098e33a,255,5.892409016798985,0.3389672771266092,Seq2Trend,Normal,False,0.25,300,300,50,20,16,0.005,0.6,0.1,median,True,"[0.25, 0.5, 0.75]",False,P50,,False,42,1,exponential,6,,default_group,UNISIM_IV_P15_Seq2Trend,UNISIM_IV,Seq2Trend,0.22083333333333333,0.38972222222222225,1.221111111111111
UNISIM_IV_P15_Seq2Trend_trial_284,P15,a8d5818d3fbb26f186c2f60b5b8acd7d,284,5.892409016798985,0.3389672771266092,Seq2Trend,Normal,False,0.25,300,300,50,20,16,0.005,0.6,0.1,median,True,"[0.25, 0.5, 0.75]",False,P50,,False,42,1,exponential,6,,default_group,UNISIM_IV_P15_Seq2Trend,UNISIM_IV,Seq2Trend,0.22083333333333333,0.38972222222222225,1.221111111111111
UNISIM_IV_P15_Seq2Trend_trial_295,P15,630e2756628ea57ad14a8ec29e491313,295,5.892409016798985,0.3389672771266092,Seq2Trend,Normal,False,0.25,300,300,50,20,16,0.005,0.6,0.1,median,True,"[0.25, 0.5, 0.75]",False,P50,,False,42,1,exponential,6,,default_group,UNISIM_IV_P15_Seq2Trend,UNISIM_IV,Seq2Trend,0.22083333333333333,0.38972222222222225,1.221111111111111
UNISIM_IV_P15_Seq2Trend_trial_269,P15,4fd39975ab3b9755e023e754141aaa9b,269,5.892409016798985,0.3389672771266092,Seq2Trend,Normal,False,0.25,300,300,50,20,16,0.005,0.6,0.1,median,True,"[0.25, 0.5, 0.75]",False,P50,,False,42,1,exponential,6,,default_group,UNISIM_IV_P15_Seq2Trend,UNISIM_IV,Seq2Trend,0.22083333333333333,0.38972222222222225,1.221111111111111
UNISIM_IV_P15_Seq2Trend_trial_267,P15,cd23b21cc2123a55f7895ed857cb9fe2,267,5.892409016798985,0.3389672771266092,Seq2Trend,Normal,False,0.25,300,300,50,20,16,0.005,0.6,0.1,median,True,"[0.25, 0.5, 0.75]",False,P50,,False,42,1,exponential,6,,default_group,UNISIM_IV_P15_Seq2Trend,UNISIM_IV,Seq2Trend,0.22083333333333333,0.38972222222222225,1.221111111111111
UNISIM_IV_P15_Seq2Trend_trial_288,P15,55b3b36c8ea86453f7e448f644b48071,288,5.892409016798985,0.3389672771266092,Seq2Trend,Normal,False,0.25,300,300,50,20,16,0.005,0.6,0.1,median,True,"[0.25, 0.5, 0.75]",False,P50,,False,42,1,exponential,6,,default_group,UNISIM_IV_P15_Seq2Trend,UNISIM_IV,Seq2Trend,0.22083333333333333,0.38972222222222225,1.221111111111111
UNISIM_IV_P15_Seq2Trend_trial_294,P15,93650bbeaaea708bd42fc45414f164ed,294,5.892409016798985,0.3389672771266092,Seq2Trend,Normal,False,0.25,300,300,50,20,16,0.005,0.6,0.1,median,True,"[0.25, 0.5, 0.75]",False,P50,,False,42,1,exponential,6,,default_group,UNISIM_IV_P15_Seq2Trend,UNISIM_IV,Seq2Trend,0.22083333333333333,0.38972222222222225,1.221111111111111
UNISIM_IV_P15_Seq2Trend_trial_285,P15,582c5b4a2c491e3139675376e3c82a09,285,5.892409016798985,0.3389672771266092,Seq2Trend,Normal,False,0.25,300,300,50,20,16,0.005,0.6,0.1,median,True,"[0.25, 0.5, 0.75]",False,P50,,False,42,1,exponential,6,,default_group,UNISIM_IV_P15_Seq2Trend,UNISIM_IV,Seq2Trend,0.22083333333333333,0.38972222222222225,1.221111111111111
UNISIM_IV_P15_Seq2Trend_trial_252,P15,f813d0d3bafb81909a1f60a3b3b82064,252,5.892409016798985,0.3389672771266092,Seq2Trend,Normal,False,0.25,300,300,50,20,16,0.005,0.6,0.1,median,True,"[0.25, 0.5, 0.75]",False,P50,,False,42,1,exponential,6,,default_group,UNISIM_IV_P15_Seq2Trend,UNISIM_IV,Seq2Trend,0.22083333333333333,0.38972222222222225,1.221111111111111
UNISIM_IV_P15_Seq2Trend_trial_287,P15,7ba7f13c5a040b3cc6a0e757369830ba,287,5.892409016798985,0.3389672771266092,Seq2Trend,Normal,False,0.25,300,300,50,20,16,0.005,0.6,0.1,median,True,"[0.25, 0.5, 0.75]",False,P50,,False,42,1,exponential,6,,default_group,UNISIM_IV_P15_Seq2Trend,UNISIM_IV,Seq2Trend,0.22083333333333333,0.38972222222222225,1.221111111111111
UNISIM_IV_P15_Seq2Trend_trial_299,P15,431435a9e2117f8cc05983a9a7219212,299,5.892409016798985,0.3389672771266092,Seq2Trend,Normal,False,0.25,300,300,50,20,16,0.005,0.6,0.1,median,True,"[0.25, 0.5, 0.75]",False,P50,,False,42,1,exponential,6,,default_group,UNISIM_IV_P15_Seq2Trend,UNISIM_IV,Seq2Trend,0.22083333333333333,0.38972222222222225,1.221111111111111
UNISIM_IV_P15_Seq2Trend_trial_268,P15,50cf4cc7b664f64358ded0ebb7ec50fc,268,5.892409016798985,0.3389672771266092,Seq2Trend,Normal,False,0.25,300,300,50,20,16,0.005,0.6,0.1,median,True,"[0.25, 0.5, 0.75]",False,P50,,False,42,1,exponential,6,,default_group,UNISIM_IV_P15_Seq2Trend,UNISIM_IV,Seq2Trend,0.22083333333333333,0.38972222222222225,1.221111111111111
UNISIM_IV_P15_Seq2Trend_trial_262,P15,53c6bef892121b8ad50e1f1577b4465b,262,5.892409016798985,0.3389672771266092,Seq2Trend,Normal,False,0.25,300,300,50,20,16,0.005,0.6,0.1,median,True,"[0.25, 0.5, 0.75]",False,P50,,False,42,1,exponential,6,,default_group,UNISIM_IV_P15_Seq2Trend,UNISIM_IV,Seq2Trend,0.22083333333333333,0.38972222222222225,1.221111111111111
UNISIM_IV_P15_Seq2Trend_trial_261,P15,cebc4d28750887b541b20569267f6bb7,261,5.892409016798985,0.3389672771266092,Seq2Trend,Normal,False,0.25,300,300,50,20,16,0.005,0.6,0.1,median,True,"[0.25, 0.5, 0.75]",False,P50,,False,42,1,exponential,6,,default_group,UNISIM_IV_P15_Seq2Trend,UNISIM_IV,Seq2Trend,0.22083333333333333,0.38972222222222225,1.221111111111111
UNISIM_IV_P15_Seq2Trend_trial_273,P15,24ef9b1ee12f6863dc0198be49abda3a,273,5.892409016798985,0.3389672771266092,Seq2Trend,Normal,False,0.25,300,300,50,20,16,0.005,0.6,0.1,median,True,"[0.25, 0.5, 0.75]",False,P50,,False,42,1,exponential,6,,default_group,UNISIM_IV_P15_Seq2Trend,UNISIM_IV,Seq2Trend,0.22083333333333333,0.38972222222222225,1.221111111111111
UNISIM_IV_P15_Seq2Trend_trial_281,P15,b0ad712acb7b6a9aa2da2df9f77aebb2,281,5.892409016798985,0.3389672771266092,Seq2Trend,Normal,False,0.25,300,300,50,20,16,0.005,0.6,0.1,median,True,"[0.25, 0.5, 0.75]",False,P50,,False,42,1,exponential,6,,default_group,UNISIM_IV_P15_Seq2Trend,UNISIM_IV,Seq2Trend,0.22083333333333333,0.38972222222222225,1.221111111111111
UNISIM_IV_P15_Seq2Trend_trial_266,P15,4165ff6bda785edaf5fd5dfcc722fd70,266,5.892409016798985,0.3389672771266092,Seq2Trend,Normal,False,0.25,300,300,50,20,16,0.005,0.6,0.1,median,True,"[0.25, 0.5, 0.75]",False,P50,,False,42,1,exponential,7,,default_group,UNISIM_IV_P15_Seq2Trend,UNISIM_IV,Seq2Trend,0.22083333333333333,0.38972222222222225,1.221111111111111
UNISIM_IV_P15_Seq2Trend_trial_253,P15,482a62e4ce376ca84bcd97d7d56a5d73,253,5.892409016798985,0.3389672771266092,Seq2Trend,Normal,False,0.25,300,300,50,20,16,0.005,0.6,0.1,median,True,"[0.25, 0.5, 0.75]",False,P50,,False,42,1,exponential,6,,default_group,UNISIM_IV_P15_Seq2Trend,UNISIM_IV,Seq2Trend,0.22083333333333333,0.38972222222222225,1.221111111111111
UNISIM_IV_P15_Seq2Trend_trial_291,P15,a961a0d971ef47ec781655ef266a4c86,291,5.892409016798985,0.3389672771266092,Seq2Trend,Normal,False,0.25,300,300,50,20,16,0.005,0.6,0.1,median,True,"[0.25, 0.5, 0.75]",False,P50,,False,42,1,exponential,6,,default_group,UNISIM_IV_P15_Seq2Trend,UNISIM_IV,Seq2Trend,0.22083333333333333,0.38972222222222225,1.221111111111111
UNISIM_IV_P15_Seq2Trend_trial_289,P15,1338c272d147cc2b969949f8df68b06f,289,5.892409016798985,0.3389672771266092,Seq2Trend,Normal,False,0.25,300,300,50,20,16,0.005,0.6,0.1,median,True,"[0.25, 0.5, 0.75]",False,P50,,False,42,1,exponential,6,,default_group,UNISIM_IV_P15_Seq2Trend,UNISIM_IV,Seq2Trend,0.22083333333333333,0.38972222222222225,1.221111111111111
UNISIM_IV_P15_Seq2Trend_trial_277,P15,d962aae119b15152500901946ebab5bf,277,5.892409016798985,0.3389672771266092,Seq2Trend,Normal,False,0.25,300,300,50,20,16,0.005,0.6,0.1,median,True,"[0.25, 0.5, 0.75]",False,P50,,False,42,1,exponential,6,,default_group,UNISIM_IV_P15_Seq2Trend,UNISIM_IV,Seq2Trend,0.22083333333333333,0.38972222222222225,1.221111111111111
UNISIM_IV_P15_Seq2Trend_trial_260,P15,fb077337b7a4a76d414746c95915c4b8,260,5.892409016798985,0.3389672771266092,Seq2Trend,Normal,False,0.25,300,300,50,20,16,0.005,0.6,0.1,median,True,"[0.25, 0.5, 0.75]",False,P50,,False,42,1,exponential,6,,default_group,UNISIM_IV_P15_Seq2Trend,UNISIM_IV,Seq2Trend,0.22083333333333333,0.38972222222222225,1.221111111111111
UNISIM_IV_P15_Seq2Trend_trial_270,P15,f843d3097382a2d7e56aeb1b3fc6f13c,270,5.892409016798985,0.3389672771266092,Seq2Trend,Normal,False,0.25,300,300,50,20,16,0.005,0.6,0.1,median,True,"[0.25, 0.5, 0.75]",False,P50,,False,42,1,exponential,6,,default_group,UNISIM_IV_P15_Seq2Trend,UNISIM_IV,Seq2Trend,0.22083333333333333,0.38972222222222225,1.221111111111111
UNISIM_IV_P15_Seq2Trend_trial_298,P15,88ed9affe2b33a149bfa1db5c71adaa4,298,5.892409016798985,0.3389672771266092,Seq2Trend,Normal,False,0.25,300,300,50,20,16,0.005,0.6,0.1,median,True,"[0.25, 0.5, 0.75]",False,P50,,False,42,1,exponential,6,,default_group,UNISIM_IV_P15_Seq2Trend,UNISIM_IV,Seq2Trend,0.22083333333333333,0.38972222222222225,1.221111111111111
UNISIM_IV_P15_Seq2Trend_trial_283,P15,f8faf1c85bf8083a7ac181e76a698176,283,5.892409016798985,0.3389672771266092,Seq2Trend,Normal,False,0.25,300,300,50,20,16,0.005,0.6,0.1,median,True,"[0.25, 0.5, 0.75]",False,P50,,False,42,1,exponential,6,,default_group,UNISIM_IV_P15_Seq2Trend,UNISIM_IV,Seq2Trend,0.22083333333333333,0.38972222222222225,1.221111111111111
UNISIM_IV_P15_Seq2Trend_trial_279,P15,ff8067e6dcdc048a25a0954cd5bd12f0,279,5.892409016798985,0.3389672771266092,Seq2Trend,Normal,False,0.25,300,300,50,20,16,0.005,0.6,0.1,median,True,"[0.25, 0.5, 0.75]",False,P50,,False,42,1,exponential,6,,default_group,UNISIM_IV_P15_Seq2Trend,UNISIM_IV,Seq2Trend,0.22083333333333333,0.38972222222222225,1.221111111111111
UNISIM_IV_P15_Seq2Trend_trial_292,P15,63e5875f660b928b7271b509ad677c2f,292,5.892409016798985,0.3389672771266092,Seq2Trend,Normal,False,0.25,300,300,50,20,16,0.005,0.6,0.1,median,True,"[0.25, 0.5, 0.75]",False,P50,,False,42,1,exponential,6,,default_group,UNISIM_IV_P15_Seq2Trend,UNISIM_IV,Seq2Trend,0.22083333333333333,0.38972222222222225,1.221111111111111
UNISIM_IV_P15_Seq2Trend_trial_256,P15,7e7bb0e9d7e8a9505d0e6e5f22c11d84,256,5.892409016798985,0.3389672771266092,Seq2Trend,Normal,False,0.25,300,300,50,20,16,0.005,0.6,0.1,median,True,"[0.25, 0.5, 0.75]",False,P50,,False,42,1,exponential,6,,default_group,UNISIM_IV_P15_Seq2Trend,UNISIM_IV,Seq2Trend,0.22083333333333333,0.38972222222222225,1.221111111111111
UNISIM_IV_P15_Seq2Trend_trial_293,P15,458f2fe584f48269e1c24d9e4c0f23d7,293,5.892409016798985,0.3389672771266092,Seq2Trend,Normal,False,0.25,300,300,50,20,16,0.005,0.6,0.1,median,True,"[0.25, 0.5, 0.75]",False,P50,,False,42,1,exponential,6,,default_group,UNISIM_IV_P15_Seq2Trend,UNISIM_IV,Seq2Trend,0.22083333333333333,0.38972222222222225,1.221111111111111
UNISIM_IV_P15_Seq2Trend_trial_278,P15,6ef38e4aefb2817fddaa43e3793ecdc3,278,5.892409016798985,0.3389672771266092,Seq2Trend,Normal,False,0.25,300,300,50,20,16,0.005,0.6,0.1,median,True,"[0.25, 0.5, 0.75]",False,P50,,False,42,1,exponential,6,,default_group,UNISIM_IV_P15_Seq2Trend,UNISIM_IV,Seq2Trend,0.22083333333333333,0.38972222222222225,1.221111111111111
UNISIM_IV_P15_Seq2Trend_trial_290,P15,fcab2c5e308ba6ca48424ffb8c4a2885,290,5.892409016798985,0.3389672771266092,Seq2Trend,Normal,False,0.25,300,300,50,20,16,0.005,0.6,0.1,median,True,"[0.25, 0.5, 0.75]",False,P50,,False,42,1,exponential,6,,default_group,UNISIM_IV_P15_Seq2Trend,UNISIM_IV,Seq2Trend,0.22083333333333333,0.38972222222222225,1.221111111111111
UNISIM_IV_P15_Seq2Trend_trial_280,P15,a4dfba98589d242b0d78f63f8824bbc3,280,5.892409016798985,0.3389672771266092,Seq2Trend,Normal,False,0.25,300,300,50,20,16,0.005,0.6,0.1,median,True,"[0.25, 0.5, 0.75]",False,P50,,False,42,1,exponential,6,,default_group,UNISIM_IV_P15_Seq2Trend,UNISIM_IV,Seq2Trend,0.22083333333333333,0.38972222222222225,1.221111111111111
UNISIM_IV_P15_Seq2Trend_trial_271,P15,1ecd1955f32ec3b372da1324d0b5350e,271,5.892409016798985,0.3389672771266092,Seq2Trend,Normal,False,0.25,300,300,50,20,16,0.005,0.6,0.1,median,True,"[0.25, 0.5, 0.75]",False,P50,,False,42,1,exponential,6,,default_group,UNISIM_IV_P15_Seq2Trend,UNISIM_IV,Seq2Trend,0.22083333333333333,0.38972222222222225,1.221111111111111
UNISIM_IV_P15_Seq2Trend_trial_297,P15,3bbcb52be73628ad0f920c67be6cf38f,297,5.892409016798985,0.3389672771266092,Seq2Trend,Normal,False,0.25,300,300,50,20,16,0.005,0.6,0.1,median,True,"[0.25, 0.5, 0.75]",False,P50,,False,42,1,exponential,6,,default_group,UNISIM_IV_P15_Seq2Trend,UNISIM_IV,Seq2Trend,0.22083333333333333,0.38972222222222225,1.221111111111111
UNISIM_IV_P15_Seq2Trend_trial_251,P15,fce5247a9564cbd647d34cb36ea62b5c,251,5.892409016798985,0.3389672771266092,Seq2Trend,Normal,False,0.25,300,300,50,20,16,0.005,0.6,0.1,median,True,"[0.25, 0.5, 0.75]",False,P50,,False,42,1,exponential,6,,default_group,UNISIM_IV_P15_Seq2Trend,UNISIM_IV,Seq2Trend,0.22083333333333333,0.38972222222222225,1.221111111111111
UNISIM_IV_P15_Seq2Trend_trial_259,P15,5fe86a903a5d16bebb07330f6aaeed77,259,5.892409016798985,0.3389672771266092,Seq2Trend,Normal,False,0.25,300,300,50,20,16,0.005,0.6,0.1,median,True,"[0.25, 0.5, 0.75]",False,P50,,False,42,1,exponential,6,,default_group,UNISIM_IV_P15_Seq2Trend,UNISIM_IV,Seq2Trend,0.22083333333333333,0.38972222222222225,1.221111111111111
UNISIM_IV_P15_Seq2Trend_trial_263,P15,70f12f32bda07e0122d21c81d7e1dd1a,263,5.892409016798985,0.3389672771266092,Seq2Trend,Normal,False,0.25,300,300,50,20,16,0.005,0.6,0.1,median,True,"[0.25, 0.5, 0.75]",False,P50,,False,42,1,exponential,6,,default_group,UNISIM_IV_P15_Seq2Trend,UNISIM_IV,Seq2Trend,0.22083333333333333,0.38972222222222225,1.221111111111111
UNISIM_IV_P15_Seq2Trend_trial_274,P15,331e3da8775b8a2ac476120a1f27c521,274,5.892409016798985,0.3389672771266092,Seq2Trend,Normal,False,0.25,300,300,50,20,16,0.005,0.6,0.1,median,True,"[0.25, 0.5, 0.75]",False,P50,,False,42,1,exponential,6,,default_group,UNISIM_IV_P15_Seq2Trend,UNISIM_IV,Seq2Trend,0.22083333333333333,0.38972222222222225,1.221111111111111
UNISIM_IV_P15_Seq2Trend_trial_257,P15,8637352ed4468439ab1c22be6ca62d8d,257,5.892409016798985,0.3389672771266092,Seq2Trend,Normal,False,0.25,300,300,50,20,16,0.005,0.6,0.1,median,True,"[0.25, 0.5, 0.75]",False,P50,,False,42,1,exponential,6,,default_group,UNISIM_IV_P15_Seq2Trend,UNISIM_IV,Seq2Trend,0.22083333333333333,0.38972222222222225,1.221111111111111
UNISIM_IV_P15_Seq2Trend_trial_265,P15,4f40d311162fe8c8414e610cbe2f28d5,265,5.892409016798985,0.3389672771266092,Seq2Trend,Normal,False,0.25,300,300,50,20,16,0.005,0.6,0.1,median,True,"[0.25, 0.5, 0.75]",False,P50,,False,42,1,exponential,6,,default_group,UNISIM_IV_P15_Seq2Trend,UNISIM_IV,Seq2Trend,0.22083333333333333,0.38972222222222225,1.221111111111111
UNISIM_IV_P15_Seq2Trend_trial_296,P15,0f956b2dad47266b906a15178ddf6548,296,5.892409016798985,0.3389672771266092,Seq2Trend,Normal,False,0.25,300,300,50,20,16,0.005,0.6,0.1,median,True,"[0.25, 0.5, 0.75]",False,P50,,False,42,1,exponential,6,,default_group,UNISIM_IV_P15_Seq2Trend,UNISIM_IV,Seq2Trend,0.22083333333333333,0.38972222222222225,1.221111111111111
UNISIM_IV_P15_Seq2Trend_trial_282,P15,39d74f9efba3d19a5e1c99ab029c621b,282,5.892409016798985,0.3389672771266092,Seq2Trend,Normal,False,0.25,300,300,50,20,16,0.005,0.6,0.1,median,True,"[0.25, 0.5, 0.75]",False,P50,,False,42,1,exponential,6,,default_group,UNISIM_IV_P15_Seq2Trend,UNISIM_IV,Seq2Trend,0.22083333333333333,0.38972222222222225,1.221111111111111
UNISIM_IV_P15_Seq2Trend_trial_286,P15,5e7d92ffe025fd0e941b788ec4ba0bab,286,5.892409016798985,0.3389672771266092,Seq2Trend,Normal,False,0.25,300,300,50,20,16,0.005,0.6,0.1,median,True,"[0.25, 0.5, 0.75]",False,P50,,False,42,1,exponential,6,,default_group,UNISIM_IV_P15_Seq2Trend,UNISIM_IV,Seq2Trend,0.22083333333333333,0.38972222222222225,1.221111111111111
UNISIM_IV_P15_Seq2Trend_trial_250,P15,15c53913f4e1312f8284cb4492be2c72,250,5.892409016798985,0.3389672771266092,Seq2Trend,Normal,False,0.25,300,300,50,20,16,0.005,0.6,0.1,median,True,"[0.25, 0.5, 0.75]",False,P50,,False,42,1,exponential,6,,default_group,UNISIM_IV_P15_Seq2Trend,UNISIM_IV,Seq2Trend,0.22083333333333333,0.38972222222222225,1.221111111111111
UNISIM_IV_P15_Seq2Trend_trial_272,P15,b24b9718775b613cbaee59180e2cdbca,272,5.892409016798985,0.3389672771266092,Seq2Trend,Normal,False,0.25,300,300,50,20,16,0.005,0.6,0.1,median,True,"[0.25, 0.5, 0.75]",False,P50,,False,42,1,exponential,6,,default_group,UNISIM_IV_P15_Seq2Trend,UNISIM_IV,Seq2Trend,0.22083333333333333,0.38972222222222225,1.221111111111111
UNISIM_IV_P15_Seq2Trend_trial_258,P15,41f3a269ea1c361f0fe0ae78caf78115,258,5.892409016798985,0.3389672771266092,Seq2Trend,Normal,False,0.25,300,300,50,20,16,0.005,0.6,0.1,median,True,"[0.25, 0.5, 0.75]",False,P50,,False,42,1,exponential,6,,default_group,UNISIM_IV_P15_Seq2Trend,UNISIM_IV,Seq2Trend,0.22083333333333333,0.38972222222222225,1.221111111111111
UNISIM_IV_P15_Seq2Trend_trial_275,P15,27f7338cec330494d2662068c6fd23de,275,5.892409016798985,0.3389672771266092,Seq2Trend,Normal,False,0.25,300,300,50,20,16,0.005,0.6,0.1,median,True,"[0.25, 0.5, 0.75]",False,P50,,False,42,1,exponential,6,,default_group,UNISIM_IV_P15_Seq2Trend,UNISIM_IV,Seq2Trend,0.22083333333333333,0.38972222222222225,1.221111111111111
UNISIM_IV_P15_Seq2Trend_trial_264,P15,28f0b14b1d746596a79958d836b05270,264,5.892409016798985,0.3389672771266092,Seq2Trend,Normal,False,0.25,300,300,50,20,16,0.005,0.6,0.1,median,True,"[0.25, 0.5, 0.75]",False,P50,,False,42,1,exponential,6,,default_group,UNISIM_IV_P15_Seq2Trend,UNISIM_IV,Seq2Trend,0.22083333333333333,0.38972222222222225,1.221111111111111
UNISIM_IV_P15_Seq2Trend_trial_254,P15,e182cac5fe69867dbfeda075f382392e,254,5.892409016798985,0.3389672771266092,Seq2Trend,Normal,False,0.25,300,300,50,20,16,0.005,0.6,0.1,median,True,"[0.25, 0.5, 0.75]",False,P50,,False,42,1,exponential,6,,default_group,UNISIM_IV_P15_Seq2Trend,UNISIM_IV,Seq2Trend,0.22083333333333333,0.38972222222222225,1.221111111111111
UNISIM_IV_P16_Seq2Trend_trial_101,P16,9ae541dc69217e9e091d226f1f5baa04,101,6.371671324628754,0.5742180145003716,Seq2Trend,Normal,False,0.5,300,300,100,20,8,0.01,0.6,0.1,median,True,"[0.25, 0.5, 0.75]",False,P50,,False,42,1,arps,5,,default_group,UNISIM_IV_P16_Seq2Trend,UNISIM_IV,Seq2Trend,0.4280555555555556,0.5836111111111111,2.0233333333333334
UNISIM_IV_P16_Seq2Trend_trial_57,P16,9e50ac28572ec37380be41211d610ccf,57,6.163895038063661,1.0192313127776629,Seq2Trend,Normal,False,0.25,300,300,50,20,16,0.05,0.6,0.1,median,True,"[0.25, 0.5, 0.75]",False,P50,,False,42,1,exponential,6,,default_group,UNISIM_IV_P16_Seq2Trend,UNISIM_IV,Seq2Trend,0.7111111111111111,0.5361111111111111,2.4944444444444445
UNISIM_IV_P16_Seq2Trend_trial_105,P16,282d846bceac9f8153fc38d91619cf6d,105,6.8361789879287205,0.4932212224620685,Seq2Trend,Normal,False,0.01,300,300,100,20,8,0.005,0.6,0.1,median,True,"[0.25, 0.5, 0.75]",False,P50,,False,42,1,pressure_ensemble,8,,default_group,UNISIM_IV_P16_Seq2Trend,UNISIM_IV,Seq2Trend,0.3788888888888889,0.6355555555555555,2.028888888888889
UNISIM_IV_P16_Seq2Trend_trial_68,P16,848287c9c4efa304736189a8cc951081,68,6.9332917480516025,0.90324954014918,Seq2Trend,Normal,False,0.25,300,300,20,20,16,0.001,0.6,0.1,median,True,"[0.25, 0.5, 0.75]",False,P50,,False,42,1,pressure_ensemble,5,,default_group,UNISIM_IV_P16_Seq2Trend,UNISIM_IV,Seq2Trend,0.6102777777777778,0.6697222222222222,2.56
UNISIM_IV_P16_Seq2Trend_trial_22,P16,07f92f0090c8df3a2b9d33f077552e5d,22,11.200824185934511,1.6798494804475932,Seq2Trend,Normal,False,0.01,300,300,20,20,8,0.001,0.6,0.1,median,True,"[0.25, 0.5, 0.75]",False,P50,,False,42,1,static,5,,default_group,UNISIM_IV_P16_Seq2Trend,UNISIM_IV,Seq2Trend,0.7688888888888888,0.8155555555555556,3.1688888888888886
UNISIM_IV_P16_Seq2Trend_trial_41,P16,d0d3efca0eea71a90481c9abe14eeba6,41,13.323255422225284,3.7076122781675167,Seq2Trend,Normal,False,0.25,300,300,200,20,8,0.05,0.6,0.1,median,True,"[0.25, 0.5, 0.75]",False,P50,,False,42,1,exponential,4,,default_group,UNISIM_IV_P16_Seq2Trend,UNISIM_IV,Seq2Trend,0.88,0.8394444444444444,3.438888888888889
UNISIM_IV_P16_Seq2Trend_trial_49,P16,73898a4de03bbf24fc2bf1ed413a37ee,49,6.784455214232539,0.1861505433906058,Seq2Trend,Normal,False,0.5,300,300,20,20,8,0.05,0.6,0.1,median,True,"[0.25, 0.5, 0.75]",False,P50,,False,42,1,static,3,,default_group,UNISIM_IV_P16_Seq2Trend,UNISIM_IV,Seq2Trend,0.1363888888888889,0.6319444444444444,1.5366666666666666
UNISIM_IV_P16_Seq2Trend_trial_15,P16,89225b557980faa6a3c1bea5898800e4,15,6.347776714189771,0.7371945513442932,Seq2Trend,Normal,False,0.99,300,300,100,20,8,0.005,0.6,0.1,median,True,"[0.25, 0.5, 0.75]",False,P50,,False,42,1,exponential,8,,default_group,UNISIM_IV_P16_Seq2Trend,UNISIM_IV,Seq2Trend,0.5602777777777778,0.5752777777777778,2.271111111111111
UNISIM_IV_P16_Seq2Trend_trial_141,P16,7c8b357273d325efd9637d08174669ae,141,6.0336951173531865,0.9126916015191776,Seq2Trend,Normal,False,0.99,300,300,200,20,8,0.005,0.6,0.1,median,True,"[0.25, 0.5, 0.75]",False,P50,,False,42,1,pressure_ensemble,8,,default_group,UNISIM_IV_P16_Seq2Trend,UNISIM_IV,Seq2Trend,0.6116666666666667,0.42055555555555557,2.0644444444444447
UNISIM_IV_P16_Seq2Trend_trial_96,P16,a79aa45452f04346a11c1a707fbd4590,96,6.2722726766181225,0.6086233800969317,Seq2Trend,Normal,False,0.99,300,300,50,20,8,0.01,0.6,0.1,median,True,"[0.25, 0.5, 0.75]",False,P50,,False,42,1,exponential,2,,default_group,UNISIM_IV_P16_Seq2Trend,UNISIM_IV,Seq2Trend,0.43444444444444447,0.5611111111111111,1.991111111111111
UNISIM_IV_P16_Seq2Trend_trial_26,P16,d55e1b2c7eec249a898ab851bf965648,26,6.682962082373455,1.359169506368924,Seq2Trend,Normal,False,0.25,300,300,20,20,8,0.001,0.6,0.1,median,True,"[0.25, 0.5, 0.75]",False,P50,,False,42,1,pressure_ensemble,4,,default_group,UNISIM_IV_P16_Seq2Trend,UNISIM_IV,Seq2Trend,0.7388888888888889,0.6272222222222222,2.732222222222222
UNISIM_IV_P16_Seq2Trend_trial_104,P16,900986907140595c89a167ed76b11a8e,104,6.320493856779204,0.7251057309352947,Seq2Trend,Normal,False,0.25,300,300,200,20,16,0.01,0.6,0.1,median,True,"[0.25, 0.5, 0.75]",False,P50,,False,42,1,exponential,6,,default_group,UNISIM_IV_P16_Seq2Trend,UNISIM_IV,Seq2Trend,0.5580555555555555,0.5708333333333333,2.2577777777777777
UNISIM_IV_P16_Seq2Trend_trial_66,P16,40bde5330cce0eb3ecbd93b91b55c49f,66,6.278117995327821,0.866504052563908,Seq2Trend,Normal,False,0.99,300,300,100,20,8,0.001,0.6,0.1,median,True,"[0.25, 0.5, 0.75]",False,P50,,False,42,1,pressure_ensemble,2,,default_group,UNISIM_IV_P16_Seq2Trend,UNISIM_IV,Seq2Trend,0.5994444444444444,0.5627777777777778,2.3244444444444445
UNISIM_IV_P16_Seq2Trend_trial_56,P16,8cbde99011a9f581018b03589cdbc8c7,56,6.006759036313081,0.7170711310431882,Seq2Trend,Normal,False,0.25,300,300,100,20,8,0.005,0.6,0.1,median,True,"[0.25, 0.5, 0.75]",False,P50,,False,42,1,arps,8,,default_group,UNISIM_IV_P16_Seq2Trend,UNISIM_IV,Seq2Trend,0.5538888888888889,0.4161111111111111,1.94
UNISIM_IV_P16_Seq2Trend_trial_103,P16,ad81870af1897bc86a24ef75ee9514c0,103,7.34408411567558,0.3655950466314155,Seq2Trend,Normal,False,0.01,300,300,200,20,16,0.001,0.6,0.1,median,True,"[0.25, 0.5, 0.75]",False,P50,,False,42,1,static,6,,default_group,UNISIM_IV_P16_Seq2Trend,UNISIM_IV,Seq2Trend,0.29888888888888887,0.6938888888888889,1.9855555555555555
UNISIM_IV_P16_Seq2Trend_trial_84,P16,ebde0821ce089443bfb96aba9c94b6ae,84,6.363396172975233,0.6342092348383325,Seq2Trend,Normal,False,0.99,300,300,100,20,16,0.05,0.6,0.1,median,True,"[0.25, 0.5, 0.75]",False,P50,,False,42,1,static,5,,default_group,UNISIM_IV_P16_Seq2Trend,UNISIM_IV,Seq2Trend,0.4411111111111111,0.5805555555555556,2.0433333333333334
UNISIM_IV_P16_Seq2Trend_trial_121,P16,ab14c4b6640f63defe20c2eb829aa4a0,121,6.173131928350582,0.9965215965964004,Seq2Trend,Normal,False,0.25,300,300,20,20,8,0.01,0.6,0.1,median,True,"[0.25, 0.5, 0.75]",False,P50,,False,42,1,arps,6,,default_group,UNISIM_IV_P16_Seq2Trend,UNISIM_IV,Seq2Trend,0.68,0.5383333333333333,2.4366666666666665
UNISIM_IV_P16_Seq2Trend_trial_14,P16,4e26388d0ae31581ffd9410ad710a82c,14,6.5403382604569575,0.5920421466946408,Seq2Trend,Normal,False,0.25,300,300,200,20,16,0.05,0.6,0.1,median,True,"[0.25, 0.5, 0.75]",False,P50,,False,42,1,static,3,,default_group,UNISIM_IV_P16_Seq2Trend,UNISIM_IV,Seq2Trend,0.4297222222222222,0.6063888888888889,2.072222222222222
UNISIM_IV_P16_Seq2Trend_trial_78,P16,526f3ddf6244f54bb954c0019b6f3424,78,6.365952163580705,0.6068361757707119,Seq2Trend,Normal,False,0.5,300,300,100,20,16,0.01,0.6,0.1,median,True,"[0.25, 0.5, 0.75]",False,P50,,False,42,1,pressure_ensemble,8,,default_group,UNISIM_IV_P16_Seq2Trend,UNISIM_IV,Seq2Trend,0.43333333333333335,0.5822222222222222,2.031111111111111
UNISIM_IV_P16_Seq2Trend_trial_81,P16,2abee0aec74c1a842ee997d887723a0d,81,6.19750940476259,0.698215065986738,Seq2Trend,Normal,False,0.5,300,300,50,20,16,0.005,0.6,0.1,median,True,"[0.25, 0.5, 0.75]",False,P50,,False,42,1,exponential,3,,default_group,UNISIM_IV_P16_Seq2Trend,UNISIM_IV,Seq2Trend,0.545,0.5433333333333333,2.1766666666666667
UNISIM_IV_P16_Seq2Trend_trial_107,P16,4ff1e10e01c86e82be1456c4b0e2d6f0,107,6.344168420901047,0.6896337414799127,Seq2Trend,Normal,False,0.5,300,300,100,20,8,0.05,0.6,0.1,median,True,"[0.25, 0.5, 0.75]",False,P50,,False,42,1,exponential,4,,default_group,UNISIM_IV_P16_Seq2Trend,UNISIM_IV,Seq2Trend,0.5427777777777778,0.5738888888888889,2.2333333333333334
UNISIM_IV_P16_Seq2Trend_trial_95,P16,0053217e2816695b8aee54dd72fad345,95,34.33819793112784,8.001664625479135,Seq2Trend,Normal,False,0.5,300,300,50,20,16,0.05,0.6,0.1,median,True,"[0.25, 0.5, 0.75]",False,P50,,False,42,1,pressure_ensemble,4,,default_group,UNISIM_IV_P16_Seq2Trend,UNISIM_IV,Seq2Trend,0.9638888888888889,0.9594444444444444,3.8466666666666667
UNISIM_IV_P16_Seq2Trend_trial_112,P16,6fc283647937ebe548199e8c4b02df37,112,6.930039712715367,0.8613821989870932,Seq2Trend,Normal,False,0.25,300,300,20,20,16,0.001,0.6,0.1,median,True,"[0.25, 0.5, 0.75]",False,P50,,False,42,1,combined_exp_arps,7,,default_group,UNISIM_IV_P16_Seq2Trend,UNISIM_IV,Seq2Trend,0.5972222222222222,0.6688888888888889,2.532222222222222
UNISIM_IV_P16_Seq2Trend_trial_119,P16,fdb33e6e9da4e0836a90ce123cfab9bf,119,6.784455214232539,0.1861505433906058,Seq2Trend,Normal,False,0.5,300,300,20,20,8,0.05,0.6,0.1,median,True,"[0.25, 0.5, 0.75]",False,P50,,False,42,1,static,2,,default_group,UNISIM_IV_P16_Seq2Trend,UNISIM_IV,Seq2Trend,0.1363888888888889,0.6319444444444444,1.5366666666666666
UNISIM_IV_P16_Seq2Trend_trial_82,P16,5101a1d98f6247211ec9510644dad4db,82,7.051153912202395,0.1357140058693942,Seq2Trend,Normal,False,0.25,300,300,200,20,8,0.05,0.6,0.1,median,True,"[0.25, 0.5, 0.75]",False,P50,,False,42,1,combined_exp_arps,5,,default_group,UNISIM_IV_P16_Seq2Trend,UNISIM_IV,Seq2Trend,0.07277777777777777,0.6766666666666666,1.4988888888888887
UNISIM_IV_P16_Seq2Trend_trial_5,P16,2a24d4a540d588339ef1a0cd09c7e62e,5,6.874098801670324,1.634479747269408,Seq2Trend,Normal,False,0.99,300,300,200,20,8,0.01,0.6,0.1,median,True,"[0.25, 0.5, 0.75]",False,P50,,False,42,1,combined_exp_arps,2,,default_group,UNISIM_IV_P16_Seq2Trend,UNISIM_IV,Seq2Trend,0.7611111111111111,0.6388888888888888,2.8
UNISIM_IV_P16_Seq2Trend_trial_11,P16,ef7b39d904714f54d74308f867bc131c,11,6.371671324628754,0.5742180145003716,Seq2Trend,Normal,False,0.5,300,300,100,20,8,0.01,0.6,0.1,median,True,"[0.25, 0.5, 0.75]",False,P50,,False,42,1,arps,8,,default_group,UNISIM_IV_P16_Seq2Trend,UNISIM_IV,Seq2Trend,0.4280555555555556,0.5836111111111111,2.0233333333333334
UNISIM_IV_P16_Seq2Trend_trial_130,P16,a009659d56854dbd6f65434c8e3d76f4,130,63.64502460915145,14.03436765939799,Seq2Trend,Normal,False,0.01,300,300,100,20,8,0.05,0.6,0.1,median,True,"[0.25, 0.5, 0.75]",False,P50,,False,42,1,pressure_ensemble,2,,default_group,UNISIM_IV_P16_Seq2Trend,UNISIM_IV,Seq2Trend,0.9713888888888889,0.9702777777777778,3.8833333333333333
UNISIM_IV_P16_Seq2Trend_trial_94,P16,c8d8ae531993e0655306a7b8de405063,94,6.024853064897799,0.8545895689191779,Seq2Trend,Normal,False,0.25,300,300,200,20,16,0.05,0.6,0.1,median,True,"[0.25, 0.5, 0.75]",False,P50,,False,42,1,pressure_ensemble,4,,default_group,UNISIM_IV_P16_Seq2Trend,UNISIM_IV,Seq2Trend,0.5958333333333333,0.4197222222222222,2.031111111111111
UNISIM_IV_P16_Seq2Trend_trial_114,P16,524b5d0b297827e5a37ec5a7af8d9960,114,6.105302438329919,0.7851816303970279,Seq2Trend,Normal,False,0.99,300,300,200,20,8,0.005,0.6,0.1,median,True,"[0.25, 0.5, 0.75]",False,P50,,False,42,1,exponential,7,,default_group,UNISIM_IV_P16_Seq2Trend,UNISIM_IV,Seq2Trend,0.5772222222222222,0.5177777777777778,2.19
UNISIM_IV_P16_Seq2Trend_trial_30,P16,202c1f34df50684371d46803223b25eb,30,6.356158705625337,0.6368117345733315,Seq2Trend,Normal,False,0.5,300,300,100,20,8,0.001,0.6,0.1,median,True,"[0.25, 0.5, 0.75]",False,P50,,False,42,1,static,7,,default_group,UNISIM_IV_P16_Seq2Trend,UNISIM_IV,Seq2Trend,0.4438888888888889,0.5794444444444444,2.046666666666667
UNISIM_IV_P16_Seq2Trend_trial_35,P16,f5915982e7d3b620b96460f6295be81d,35,6.203303358095448,0.5373461805156092,Seq2Trend,Normal,False,0.5,300,300,200,20,8,0.01,0.6,0.1,median,True,"[0.25, 0.5, 0.75]",False,P50,,False,42,1,combined_exp_arps,7,,default_group,UNISIM_IV_P16_Seq2Trend,UNISIM_IV,Seq2Trend,0.4177777777777778,0.5455555555555556,1.9266666666666667
UNISIM_IV_P16_Seq2Trend_trial_43,P16,be7779ac6e1c53e49b97447726136a55,43,7.060488896727037,0.3967226667654004,Seq2Trend,Normal,False,0.01,300,300,50,20,16,0.005,0.6,0.1,median,True,"[0.25, 0.5, 0.75]",False,P50,,False,42,1,static,2,,default_group,UNISIM_IV_P16_Seq2Trend,UNISIM_IV,Seq2Trend,0.30722222222222223,0.6772222222222222,1.968888888888889
UNISIM_IV_P16_Seq2Trend_trial_34,P16,00ff0fd886c343f002c643f39572ef4b,34,6.355744948914643,0.5554648552791508,Seq2Trend,Normal,False,0.5,300,300,200,20,8,0.005,0.6,0.1,median,True,"[0.25, 0.5, 0.75]",False,P50,,False,42,1,arps,3,,default_group,UNISIM_IV_P16_Seq2Trend,UNISIM_IV,Seq2Trend,0.4222222222222222,0.5788888888888889,2.002222222222222
UNISIM_IV_P16_Seq2Trend_trial_123,P16,354ce68da6825a8475124bfe728a7a25,123,6.456050936900248,0.4221599708148182,Seq2Trend,Normal,False,0.99,300,300,200,20,8,0.01,0.6,0.1,median,True,"[0.25, 0.5, 0.75]",False,P50,,False,42,1,static,5,,default_group,UNISIM_IV_P16_Seq2Trend,UNISIM_IV,Seq2Trend,0.31,0.5938888888888889,1.807777777777778
UNISIM_IV_P16_Seq2Trend_trial_71,P16,c6417734da69e0a82277eb99167821e5,71,6.189175008126404,0.9891776470390627,Seq2Trend,Normal,False,0.25,300,300,100,20,8,0.01,0.6,0.1,median,True,"[0.25, 0.5, 0.75]",False,P50,,False,42,1,pressure_ensemble,6,,default_group,UNISIM_IV_P16_Seq2Trend,UNISIM_IV,Seq2Trend,0.6777777777777778,0.5405555555555556,2.4366666666666665
UNISIM_IV_P16_Seq2Trend_trial_117,P16,3fc02f16eba0f916028bcc8b835b391a,117,6.104294700109356,0.7696025549651875,Seq2Trend,Normal,False,0.99,300,300,50,20,16,0.005,0.6,0.1,median,True,"[0.25, 0.5, 0.75]",False,P50,,False,42,1,arps,3,,default_group,UNISIM_IV_P16_Seq2Trend,UNISIM_IV,Seq2Trend,0.5705555555555556,0.5155555555555555,2.1722222222222225
UNISIM_IV_P16_Seq2Trend_trial_59,P16,e19542e19d1ba68376656596f34750b1,59,6.26330326316252,1.0312241110666955,Seq2Trend,Normal,False,0.25,300,300,20,20,16,0.005,0.6,0.1,median,True,"[0.25, 0.5, 0.75]",False,P50,,False,42,1,combined_exp_arps,5,,default_group,UNISIM_IV_P16_Seq2Trend,UNISIM_IV,Seq2Trend,0.7127777777777777,0.5594444444444444,2.5444444444444443
UNISIM_IV_P16_Seq2Trend_trial_55,P16,283c3145bc3c77690eb0c719cc032e85,55,6.159424834529449,0.5603551483600892,Seq2Trend,Normal,False,0.99,300,300,200,20,8,0.005,0.6,0.1,median,True,"[0.25, 0.5, 0.75]",False,P50,,False,42,1,static,5,,default_group,UNISIM_IV_P16_Seq2Trend,UNISIM_IV,Seq2Trend,0.42277777777777775,0.5338888888888889,1.913333333333333
UNISIM_IV_P16_Seq2Trend_trial_89,P16,355082211485ee080f3de24bb9f570f4,89,6.301754070070695,0.6073637085661655,Seq2Trend,Normal,False,0.99,300,300,20,20,8,0.01,0.6,0.1,median,True,"[0.25, 0.5, 0.75]",False,P50,,False,42,1,pressure_ensemble,5,,default_group,UNISIM_IV_P16_Seq2Trend,UNISIM_IV,Seq2Trend,0.4338888888888889,0.565,1.9977777777777777
UNISIM_IV_P16_Seq2Trend_trial_50,P16,d285294096d174363072989ab72f27e9,50,7.28668251245909,0.3385214216420461,Seq2Trend,Normal,False,0.01,300,300,200,20,16,0.005,0.6,0.1,median,True,"[0.25, 0.5, 0.75]",False,P50,,False,42,1,pressure_ensemble,8,,default_group,UNISIM_IV_P16_Seq2Trend,UNISIM_IV,Seq2Trend,0.20666666666666667,0.69,1.7933333333333332
UNISIM_IV_P16_Seq2Trend_trial_99,P16,ee76aca761f6377319b0980a20770926,99,6.291842669328132,0.699345208895034,Seq2Trend,Normal,False,0.99,300,300,100,20,16,0.005,0.6,0.1,median,True,"[0.25, 0.5, 0.75]",False,P50,,False,42,1,exponential,6,,default_group,UNISIM_IV_P16_Seq2Trend,UNISIM_IV,Seq2Trend,0.5461111111111111,0.5633333333333334,2.218888888888889
UNISIM_IV_P16_Seq2Trend_trial_67,P16,6ace564ba2e61fc8ce36e5510b76b63b,67,6.252755478400879,0.7085658041107412,Seq2Trend,Normal,False,0.5,300,300,20,20,8,0.005,0.6,0.1,median,True,"[0.25, 0.5, 0.75]",False,P50,,False,42,1,static,6,,default_group,UNISIM_IV_P16_Seq2Trend,UNISIM_IV,Seq2Trend,0.5511111111111111,0.5561111111111111,2.214444444444444
UNISIM_IV_P16_Seq2Trend_trial_29,P16,1aa425674aeb83a6dd4ef4ec997cf943,29,7.274111019772748,0.3399126051598367,Seq2Trend,Normal,False,0.01,300,300,200,20,16,0.005,0.6,0.1,median,True,"[0.25, 0.5, 0.75]",False,P50,,False,42,1,combined_exp_arps,3,,default_group,UNISIM_IV_P16_Seq2Trend,UNISIM_IV,Seq2Trend,0.235,0.6883333333333334,1.8466666666666667
UNISIM_IV_P16_Seq2Trend_trial_1,P16,dbf398ca6fcfa1407a69a9647a0ef9c1,1,6.993039215998229,0.3505785668825927,Seq2Trend,Normal,False,0.01,300,300,100,20,16,0.01,0.6,0.1,median,True,"[0.25, 0.5, 0.75]",False,P50,,False,42,1,arps,8,,default_group,UNISIM_IV_P16_Seq2Trend,UNISIM_IV,Seq2Trend,0.23805555555555555,0.6725,1.8211111111111111
UNISIM_IV_P16_Seq2Trend_trial_116,P16,68c0b67c1b7bbc45251d92d9ac3bfbf0,116,6.000764286471405,0.7491660958641759,Seq2Trend,Normal,False,0.99,300,300,50,20,8,0.005,0.6,0.1,median,True,"[0.25, 0.5, 0.75]",False,P50,,False,42,1,combined_exp_arps,2,,default_group,UNISIM_IV_P16_Seq2Trend,UNISIM_IV,Seq2Trend,0.5633333333333334,0.415,1.9566666666666666
UNISIM_IV_P16_Seq2Trend_trial_134,P16,be13c89f753a379517d7f468a9859e85,134,6.320493856779204,0.7251057309352947,Seq2Trend,Normal,False,0.25,300,300,200,20,16,0.01,0.6,0.1,median,True,"[0.25, 0.5, 0.75]",False,P50,,False,42,1,exponential,3,,default_group,UNISIM_IV_P16_Seq2Trend,UNISIM_IV,Seq2Trend,0.5580555555555555,0.5708333333333333,2.2577777777777777
UNISIM_IV_P16_Seq2Trend_trial_17,P16,d44c7ca7370ceae80ce932181fb47364,17,8.65107152078135,0.871234050667527,Seq2Trend,Normal,False,0.01,300,300,200,20,16,0.05,0.6,0.1,median,True,"[0.25, 0.5, 0.75]",False,P50,,False,42,1,exponential,8,,default_group,UNISIM_IV_P16_Seq2Trend,UNISIM_IV,Seq2Trend,0.6016666666666667,0.7788888888888889,2.761111111111111
UNISIM_IV_P16_Seq2Trend_trial_111,P16,3e4800119f93decfb5701c19563e4cc4,111,10.851285733728725,1.8173521599420903,Seq2Trend,Normal,False,0.5,300,300,20,20,8,0.05,0.6,0.1,median,True,"[0.25, 0.5, 0.75]",False,P50,,False,42,1,arps,5,,default_group,UNISIM_IV_P16_Seq2Trend,UNISIM_IV,Seq2Trend,0.7788888888888889,0.81,3.177777777777778
UNISIM_IV_P16_Seq2Trend_trial_133,P16,bfa90b53a7761553580ede6465fb0665,133,6.252761166012566,0.895032656142895,Seq2Trend,Normal,False,0.5,300,300,20,20,8,0.001,0.6,0.1,median,True,"[0.25, 0.5, 0.75]",False,P50,,False,42,1,pressure_ensemble,3,,default_group,UNISIM_IV_P16_Seq2Trend,UNISIM_IV,Seq2Trend,0.6083333333333333,0.5566666666666666,2.33
UNISIM_IV_P16_Seq2Trend_trial_10,P16,ade23d922f1248c0f529cd1deefc928e,10,6.363855256682369,0.6153620548426719,Seq2Trend,Normal,False,0.5,300,300,20,20,8,0.01,0.6,0.1,median,True,"[0.25, 0.5, 0.75]",False,P50,,False,42,1,arps,3,,default_group,UNISIM_IV_P16_Seq2Trend,UNISIM_IV,Seq2Trend,0.43666666666666665,0.5811111111111111,2.035555555555556
UNISIM_IV_P16_Seq2Trend_trial_74,P16,db8f16f940fd69f9b070c6c0665b89f4,74,7.148647493904734,0.3292674293193132,Seq2Trend,Normal,False,0.5,300,300,200,20,16,0.05,0.6,0.1,median,True,"[0.25, 0.5, 0.75]",False,P50,,False,42,1,static,2,,default_group,UNISIM_IV_P16_Seq2Trend,UNISIM_IV,Seq2Trend,0.2038888888888889,0.6822222222222222,1.7722222222222221
UNISIM_IV_P16_Seq2Trend_trial_108,P16,76eaa319300d7db6aba74b72190df647,108,6.14314035933867,0.776304373695953,Seq2Trend,Normal,False,0.5,300,300,20,20,16,0.01,0.6,0.1,median,True,"[0.25, 0.5, 0.75]",False,P50,,False,42,1,static,7,,default_group,UNISIM_IV_P16_Seq2Trend,UNISIM_IV,Seq2Trend,0.5716666666666667,0.53,2.203333333333333
UNISIM_IV_P16_Seq2Trend_trial_75,P16,cbe86a4ba998cd47572c18d61a961d5b,75,6.680974055683377,1.6678684771992571,Seq2Trend,Normal,False,0.25,300,300,20,20,16,0.05,0.6,0.1,median,True,"[0.25, 0.5, 0.75]",False,P50,,False,42,1,arps,7,,default_group,UNISIM_IV_P16_Seq2Trend,UNISIM_IV,Seq2Trend,0.7672222222222222,0.6261111111111111,2.7866666666666666
UNISIM_IV_P16_Seq2Trend_trial_77,P16,36b376fccdda1ed3daaa238a308889b6,77,6.50952262505589,0.3577309669374891,Seq2Trend,Normal,False,0.5,300,300,100,20,8,0.05,0.6,0.1,median,True,"[0.25, 0.5, 0.75]",False,P50,,False,42,1,combined_exp_arps,8,,default_group,UNISIM_IV_P16_Seq2Trend,UNISIM_IV,Seq2Trend,0.23944444444444443,0.6011111111111112,1.6811111111111112
UNISIM_IV_P16_Seq2Trend_trial_37,P16,6e51ca5052e5ec2ed14cffe199585ef4,37,6.224554121595931,0.555284054868965,Seq2Trend,Normal,False,0.5,300,300,200,20,8,0.005,0.6,0.1,median,True,"[0.25, 0.5, 0.75]",False,P50,,False,42,1,static,3,,default_group,UNISIM_IV_P16_Seq2Trend,UNISIM_IV,Seq2Trend,0.4216666666666667,0.5483333333333333,1.94
UNISIM_IV_P16_Seq2Trend_trial_131,P16,4858ea0634e7b8c804a99a4db9f8e64c,131,10.979626440395888,1.4953746659004248,Seq2Trend,Normal,False,0.01,300,300,50,20,16,0.001,0.6,0.1,median,True,"[0.25, 0.5, 0.75]",False,P50,,False,42,1,pressure_ensemble,8,,default_group,UNISIM_IV_P16_Seq2Trend,UNISIM_IV,Seq2Trend,0.7488888888888889,0.8105555555555556,3.118888888888889
UNISIM_IV_P16_Seq2Trend_trial_36,P16,74722b2645a7b414f82ce2287a63f82a,36,6.889150090988617,0.2322266844430977,Seq2Trend,Normal,False,0.99,300,300,100,20,16,0.01,0.6,0.1,median,True,"[0.25, 0.5, 0.75]",False,P50,,False,42,1,exponential,4,,default_group,UNISIM_IV_P16_Seq2Trend,UNISIM_IV,Seq2Trend,0.14833333333333334,0.6666666666666666,1.63
UNISIM_IV_P16_Seq2Trend_trial_47,P16,4e6be60ce6a3bb7ab081dc2b31712ed4,47,7.016645413248527,0.3320850782834294,Seq2Trend,Normal,False,0.01,300,300,200,20,16,0.01,0.6,0.1,median,True,"[0.25, 0.5, 0.75]",False,P50,,False,42,1,pressure_ensemble,5,,default_group,UNISIM_IV_P16_Seq2Trend,UNISIM_IV,Seq2Trend,0.205,0.6744444444444444,1.7588888888888887
UNISIM_IV_P16_Seq2Trend_trial_146,P16,0b8aa29913dd7ac7bd9bc744473069f3,146,6.201336912321223,0.8025922210867904,Seq2Trend,Normal,False,0.25,300,300,100,20,16,0.05,0.6,0.1,median,True,"[0.25, 0.5, 0.75]",False,P50,,False,42,1,exponential,3,,default_group,UNISIM_IV_P16_Seq2Trend,UNISIM_IV,Seq2Trend,0.58,0.5444444444444444,2.2488888888888887
UNISIM_IV_P16_Seq2Trend_trial_129,P16,638c9951a5d79467dec55b16deff4770,129,6.307595010542806,0.9256327169388168,Seq2Trend,Normal,False,0.25,300,300,20,20,8,0.01,0.6,0.1,median,True,"[0.25, 0.5, 0.75]",False,P50,,False,42,1,exponential,2,,default_group,UNISIM_IV_P16_Seq2Trend,UNISIM_IV,Seq2Trend,0.6127777777777778,0.5677777777777778,2.361111111111111
UNISIM_IV_P16_Seq2Trend_trial_91,P16,7f436eefb59da9076691dc05aa1f0a5b,91,6.316872893419421,0.7831247179911707,Seq2Trend,Normal,False,0.5,300,300,100,20,8,0.005,0.6,0.1,median,True,"[0.25, 0.5, 0.75]",False,P50,,False,42,1,pressure_ensemble,3,,default_group,UNISIM_IV_P16_Seq2Trend,UNISIM_IV,Seq2Trend,0.5761111111111111,0.5688888888888889,2.29
UNISIM_IV_P16_Seq2Trend_trial_39,P16,89efe38db962872fec7a2944f5d27c1f,39,6.353308486249716,0.3758160699985648,Seq2Trend,Normal,False,0.99,300,300,50,20,16,0.05,0.6,0.1,median,True,"[0.25, 0.5, 0.75]",False,P50,,False,42,1,static,4,,default_group,UNISIM_IV_P16_Seq2Trend,UNISIM_IV,Seq2Trend,0.3016666666666667,0.5766666666666667,1.7566666666666668
UNISIM_IV_P16_Seq2Trend_trial_128,P16,77716fd7b0d1f15c2ddc5d124a181c4d,128,6.143606847558647,0.7200824321437903,Seq2Trend,Normal,False,0.5,300,300,20,20,16,0.005,0.6,0.1,median,True,"[0.25, 0.5, 0.75]",False,P50,,False,42,1,arps,2,,default_group,UNISIM_IV_P16_Seq2Trend,UNISIM_IV,Seq2Trend,0.5555555555555556,0.5305555555555556,2.1722222222222225
UNISIM_IV_P16_Seq2Trend_trial_88,P16,72459a7708fee6ad588b4cca4d0f5ebd,88,6.296184601247869,0.885913748564011,Seq2Trend,Normal,False,0.5,300,300,100,20,8,0.001,0.6,0.1,median,True,"[0.25, 0.5, 0.75]",False,P50,,False,42,1,arps,5,,default_group,UNISIM_IV_P16_Seq2Trend,UNISIM_IV,Seq2Trend,0.6072222222222222,0.5638888888888889,2.3422222222222224
UNISIM_IV_P16_Seq2Trend_trial_33,P16,c222f0c5a18e3bdd7899835e2323586c,33,6.201780171007306,0.5634391748099256,Seq2Trend,Normal,False,0.99,300,300,100,20,8,0.001,0.6,0.1,median,True,"[0.25, 0.5, 0.75]",False,P50,,False,42,1,static,3,,default_group,UNISIM_IV_P16_Seq2Trend,UNISIM_IV,Seq2Trend,0.4255555555555556,0.545,1.9411111111111112
UNISIM_IV_P16_Seq2Trend_trial_4,P16,487f8580ffa68efe8c03b1f58e27b7f0,4,6.302766537074101,0.8677107352646414,Seq2Trend,Normal,False,0.99,300,300,100,20,8,0.001,0.6,0.1,median,True,"[0.25, 0.5, 0.75]",False,P50,,False,42,1,combined_exp_arps,4,,default_group,UNISIM_IV_P16_Seq2Trend,UNISIM_IV,Seq2Trend,0.6,0.5655555555555556,2.3311111111111114
UNISIM_IV_P16_Seq2Trend_trial_58,P16,1d0e7cad7edd2698bf46cc048198f805,58,8.668452766770823,0.8743802746382491,Seq2Trend,Normal,False,0.01,300,300,200,20,16,0.05,0.6,0.1,median,True,"[0.25, 0.5, 0.75]",False,P50,,False,42,1,pressure_ensemble,6,,default_group,UNISIM_IV_P16_Seq2Trend,UNISIM_IV,Seq2Trend,0.6038888888888889,0.7794444444444445,2.7666666666666666
UNISIM_IV_P16_Seq2Trend_trial_21,P16,48aaa68d6e52157d9906cf43b14d361d,21,6.9332917480516025,0.90324954014918,Seq2Trend,Normal,False,0.25,300,300,20,20,16,0.001,0.6,0.1,median,True,"[0.25, 0.5, 0.75]",False,P50,,False,42,1,pressure_ensemble,4,,default_group,UNISIM_IV_P16_Seq2Trend,UNISIM_IV,Seq2Trend,0.6102777777777778,0.6697222222222222,2.56
UNISIM_IV_P16_Seq2Trend_trial_32,P16,cf013a029523ac6cfae0d9dfa5dfaf4d,32,11.61049760017806,1.7748875691369004,Seq2Trend,Normal,False,0.01,300,300,20,20,16,0.001,0.6,0.1,median,True,"[0.25, 0.5, 0.75]",False,P50,,False,42,1,pressure_ensemble,4,,default_group,UNISIM_IV_P16_Seq2Trend,UNISIM_IV,Seq2Trend,0.7772222222222223,0.8194444444444444,3.1933333333333334
UNISIM_IV_P16_Seq2Trend_trial_19,P16,f77a876956c86909bcc433f64a434d13,19,7.148647493904734,0.3292674293193132,Seq2Trend,Normal,False,0.5,300,300,200,20,16,0.05,0.6,0.1,median,True,"[0.25, 0.5, 0.75]",False,P50,,False,42,1,static,5,,default_group,UNISIM_IV_P16_Seq2Trend,UNISIM_IV,Seq2Trend,0.2038888888888889,0.6822222222222222,1.7722222222222221
UNISIM_IV_P16_Seq2Trend_trial_149,P16,cf6f3eae9ec30413027e2aad6c151971,149,6.160259695137444,0.6998590579374125,Seq2Trend,Normal,False,0.5,300,300,200,20,8,0.01,0.6,0.1,median,True,"[0.25, 0.5, 0.75]",False,P50,,False,42,1,pressure_ensemble,6,,default_group,UNISIM_IV_P16_Seq2Trend,UNISIM_IV,Seq2Trend,0.5466666666666666,0.5344444444444445,2.1622222222222223
UNISIM_IV_P16_Seq2Trend_trial_90,P16,4e90224b40f477667ad4e1be639af773,90,6.16691779459164,0.6547341490789773,Seq2Trend,Normal,False,0.25,300,300,100,20,16,0.005,0.6,0.1,median,True,"[0.25, 0.5, 0.75]",False,P50,,False,42,1,arps,6,,default_group,UNISIM_IV_P16_Seq2Trend,UNISIM_IV,Seq2Trend,0.4486111111111111,0.5375,1.9722222222222223
UNISIM_IV_P16_Seq2Trend_trial_0,P16,8bb741309530fce4ba15534c24e9335d,0,6.296513886783592,0.5742034693826009,Seq2Trend,Normal,False,0.25,300,300,200,20,8,0.005,0.6,0.1,median,True,"[0.25, 0.5, 0.75]",False,P50,,False,42,1,arps,3,,default_group,UNISIM_IV_P16_Seq2Trend,UNISIM_IV,Seq2Trend,0.4272222222222222,0.5644444444444444,1.9833333333333334
UNISIM_IV_P16_Seq2Trend_trial_52,P16,7114987a844d1f63326d9294611db826,52,8.056992748935823,0.653023513897981,Seq2Trend,Normal,False,0.99,300,300,20,20,8,0.05,0.6,0.1,median,True,"[0.25, 0.5, 0.75]",False,P50,,False,42,1,exponential,6,,default_group,UNISIM_IV_P16_Seq2Trend,UNISIM_IV,Seq2Trend,0.44666666666666666,0.7666666666666667,2.4266666666666667
UNISIM_IV_P16_Seq2Trend_trial_70,P16,b8e3ee29807a2adc7f859ef38ecbf48c,70,6.344495206898563,0.7074131689137902,Seq2Trend,Normal,False,0.25,300,300,100,20,16,0.001,0.6,0.1,median,True,"[0.25, 0.5, 0.75]",False,P50,,False,42,1,exponential,6,,default_group,UNISIM_IV_P16_Seq2Trend,UNISIM_IV,Seq2Trend,0.5505555555555556,0.5744444444444444,2.25
UNISIM_IV_P16_Seq2Trend_trial_138,P16,be86a7db31e0118a7b9bd2613d38768d,138,8.698639487591445,1.016891140870077,Seq2Trend,Normal,False,0.99,300,300,50,20,8,0.05,0.6,0.1,median,True,"[0.25, 0.5, 0.75]",False,P50,,False,42,1,pressure_ensemble,5,,default_group,UNISIM_IV_P16_Seq2Trend,UNISIM_IV,Seq2Trend,0.7105555555555556,0.7811111111111111,2.9833333333333334
UNISIM_IV_P16_Seq2Trend_trial_62,P16,c126fa221a0339b54cc10111e5bd0914,62,6.266487783692567,0.561227756431808,Seq2Trend,Normal,False,0.99,300,300,20,20,16,0.005,0.6,0.1,median,True,"[0.25, 0.5, 0.75]",False,P50,,False,42,1,combined_exp_arps,8,,default_group,UNISIM_IV_P16_Seq2Trend,UNISIM_IV,Seq2Trend,0.4241666666666667,0.5602777777777778,1.968888888888889
UNISIM_IV_P16_Seq2Trend_trial_69,P16,bb75f0386b525ad9590e5bce02c3f924,69,6.162113475835644,0.8734179781093303,Seq2Trend,Normal,False,0.25,300,300,100,20,8,0.001,0.6,0.1,median,True,"[0.25, 0.5, 0.75]",False,P50,,False,42,1,exponential,3,,default_group,UNISIM_IV_P16_Seq2Trend,UNISIM_IV,Seq2Trend,0.6030555555555556,0.5352777777777777,2.2766666666666664
UNISIM_IV_P16_Seq2Trend_trial_7,P16,b3e858e173413db9220806361b0e60fa,7,6.03915969542347,0.8283910324402531,Seq2Trend,Normal,False,0.99,300,300,20,20,8,0.005,0.6,0.1,median,True,"[0.25, 0.5, 0.75]",False,P50,,False,42,1,combined_exp_arps,2,,default_group,UNISIM_IV_P16_Seq2Trend,UNISIM_IV,Seq2Trend,0.5872222222222222,0.4222222222222222,2.0188888888888887
UNISIM_IV_P16_Seq2Trend_trial_79,P16,2f123fcbc3bde8b538129d319c59bf04,79,6.339017704670271,0.6980284227848602,Seq2Trend,Normal,False,0.25,300,300,100,20,16,0.001,0.6,0.1,median,True,"[0.25, 0.5, 0.75]",False,P50,,False,42,1,pressure_ensemble,7,,default_group,UNISIM_IV_P16_Seq2Trend,UNISIM_IV,Seq2Trend,0.5438888888888889,0.5727777777777778,2.2333333333333334
UNISIM_IV_P16_Seq2Trend_trial_27,P16,b752e6caf23cd03a2280e28d24bdbdcc,27,6.118657684874769,0.991014222626916,Seq2Trend,Normal,False,0.25,300,300,50,20,8,0.01,0.6,0.1,median,True,"[0.25, 0.5, 0.75]",False,P50,,False,42,1,static,2,,default_group,UNISIM_IV_P16_Seq2Trend,UNISIM_IV,Seq2Trend,0.6783333333333333,0.5216666666666666,2.4
UNISIM_IV_P16_Seq2Trend_trial_65,P16,041f221df2a2b9e470d4f0cf41b7a496,65,6.226640120713025,0.6009436730901853,Seq2Trend,Normal,False,0.5,300,300,100,20,8,0.01,0.6,0.1,median,True,"[0.25, 0.5, 0.75]",False,P50,,False,42,1,exponential,8,,default_group,UNISIM_IV_P16_Seq2Trend,UNISIM_IV,Seq2Trend,0.43166666666666664,0.5488888888888889,1.961111111111111
UNISIM_IV_P16_Seq2Trend_trial_51,P16,8ce307b4b745270cca072ccadde46bd3,51,7.296562182795052,0.266700077703967,Seq2Trend,Normal,False,0.01,300,300,20,20,8,0.01,0.6,0.1,median,True,"[0.25, 0.5, 0.75]",False,P50,,False,42,1,pressure_ensemble,4,,default_group,UNISIM_IV_P16_Seq2Trend,UNISIM_IV,Seq2Trend,0.18166666666666667,0.6905555555555556,1.7444444444444445
UNISIM_IV_P16_Seq2Trend_trial_118,P16,73930b3573071297c1fbf7f385f249e5,118,6.1375348341482745,0.6830809151997842,Seq2Trend,Normal,False,0.99,300,300,50,20,16,0.005,0.6,0.1,median,True,"[0.25, 0.5, 0.75]",False,P50,,False,42,1,pressure_ensemble,3,,default_group,UNISIM_IV_P16_Seq2Trend,UNISIM_IV,Seq2Trend,0.5408333333333334,0.5286111111111111,2.1388888888888893
UNISIM_IV_P16_Seq2Trend_trial_102,P16,0844f1f8eb9d61481452d3dac3a73c7e,102,6.310460008349191,0.5137302589598086,Seq2Trend,Normal,False,0.99,300,300,200,20,16,0.005,0.6,0.1,median,True,"[0.25, 0.5, 0.75]",False,P50,,False,42,1,combined_exp_arps,7,,default_group,UNISIM_IV_P16_Seq2Trend,UNISIM_IV,Seq2Trend,0.38222222222222224,0.5683333333333334,1.9011111111111112
UNISIM_IV_P16_Seq2Trend_trial_9,P16,0f82957db9283c830ebc7f784774b4e4,9,6.060954017503725,0.6659804659905357,Seq2Trend,Normal,False,0.99,300,300,50,20,8,0.005,0.6,0.1,median,True,"[0.25, 0.5, 0.75]",False,P50,,False,42,1,static,2,,default_group,UNISIM_IV_P16_Seq2Trend,UNISIM_IV,Seq2Trend,0.48055555555555557,0.48444444444444446,1.9300000000000002
UNISIM_IV_P16_Seq2Trend_trial_16,P16,1066c87a9197b876792eacc604be4fc8,16,11.995036967549384,2.336106290359649,Seq2Trend,Normal,False,0.99,300,300,100,20,16,0.05,0.6,0.1,median,True,"[0.25, 0.5, 0.75]",False,P50,,False,42,1,exponential,3,,default_group,UNISIM_IV_P16_Seq2Trend,UNISIM_IV,Seq2Trend,0.8094444444444444,0.8244444444444444,3.267777777777778
UNISIM_IV_P16_Seq2Trend_trial_115,P16,4b4d4c01d0c5a683ac01a7dfd3a0916a,115,6.048443689223109,0.673300179551868,Seq2Trend,Normal,False,0.5,300,300,100,20,16,0.01,0.6,0.1,median,True,"[0.25, 0.5, 0.75]",False,P50,,False,42,1,combined_exp_arps,8,,default_group,UNISIM_IV_P16_Seq2Trend,UNISIM_IV,Seq2Trend,0.5227777777777778,0.43833333333333335,1.9222222222222223
UNISIM_IV_P16_Seq2Trend_trial_135,P16,f71b5a3f790e567761573ae41e41e62c,135,6.71907830024552,1.3144695584984096,Seq2Trend,Normal,False,0.5,300,300,20,20,16,0.001,0.6,0.1,median,True,"[0.25, 0.5, 0.75]",False,P50,,False,42,1,arps,6,,default_group,UNISIM_IV_P16_Seq2Trend,UNISIM_IV,Seq2Trend,0.7366666666666667,0.6294444444444445,2.732222222222222
UNISIM_IV_P16_Seq2Trend_trial_106,P16,777e71f0307cdf00fbc1098c16b2cfdb,106,7.094034459479478,0.3007864790711667,Seq2Trend,Normal,False,0.01,300,300,50,20,16,0.01,0.6,0.1,median,True,"[0.25, 0.5, 0.75]",False,P50,,False,42,1,static,5,,default_group,UNISIM_IV_P16_Seq2Trend,UNISIM_IV,Seq2Trend,0.195,0.6783333333333333,1.7466666666666666
UNISIM_IV_P16_Seq2Trend_trial_53,P16,98983baf1eae9b2f40e6bc967a2f2410,53,6.1375348341482745,0.6830809151997842,Seq2Trend,Normal,False,0.99,300,300,50,20,16,0.005,0.6,0.1,median,True,"[0.25, 0.5, 0.75]",False,P50,,False,42,1,pressure_ensemble,2,,default_group,UNISIM_IV_P16_Seq2Trend,UNISIM_IV,Seq2Trend,0.5408333333333334,0.5286111111111111,2.1388888888888893
UNISIM_IV_P16_Seq2Trend_trial_139,P16,793a79fe42dba6bad7c33bbf5d7168a4,139,7.196738123558756,0.3429093175217449,Seq2Trend,Normal,False,0.01,300,300,20,20,8,0.005,0.6,0.1,median,True,"[0.25, 0.5, 0.75]",False,P50,,False,42,1,pressure_ensemble,4,,default_group,UNISIM_IV_P16_Seq2Trend,UNISIM_IV,Seq2Trend,0.2361111111111111,0.6866666666666666,1.8455555555555554
UNISIM_IV_P16_Seq2Trend_trial_20,P16,9bca3f48f215838cb8155a895425a665,20,6.266487783692567,0.561227756431808,Seq2Trend,Normal,False,0.99,300,300,20,20,16,0.005,0.6,0.1,median,True,"[0.25, 0.5, 0.75]",False,P50,,False,42,1,combined_exp_arps,2,,default_group,UNISIM_IV_P16_Seq2Trend,UNISIM_IV,Seq2Trend,0.4241666666666667,0.5602777777777778,1.968888888888889
UNISIM_IV_P16_Seq2Trend_trial_38,P16,a13636e38820c45c3a936c6d2c0bb7f1,38,11.42452109393486,2.186937760409836,Seq2Trend,Normal,False,0.01,300,300,200,20,8,0.05,0.6,0.1,median,True,"[0.25, 0.5, 0.75]",False,P50,,False,42,1,arps,4,,default_group,UNISIM_IV_P16_Seq2Trend,UNISIM_IV,Seq2Trend,0.8033333333333333,0.8172222222222222,3.241111111111111
UNISIM_IV_P16_Seq2Trend_trial_97,P16,97a5ae93b3135b4355573d476df18b9a,97,63.64502460915145,14.03436765939799,Seq2Trend,Normal,False,0.01,300,300,100,20,8,0.05,0.6,0.1,median,True,"[0.25, 0.5, 0.75]",False,P50,,False,42,1,pressure_ensemble,7,,default_group,UNISIM_IV_P16_Seq2Trend,UNISIM_IV,Seq2Trend,0.9713888888888889,0.9702777777777778,3.8833333333333333
UNISIM_IV_P16_Seq2Trend_trial_6,P16,d9a1e0c8f122895474b39a5613a6c3a5,6,7.148647493904734,0.3292674293193132,Seq2Trend,Normal,False,0.5,300,300,200,20,16,0.05,0.6,0.1,median,True,"[0.25, 0.5, 0.75]",False,P50,,False,42,1,static,6,,default_group,UNISIM_IV_P16_Seq2Trend,UNISIM_IV,Seq2Trend,0.2038888888888889,0.6822222222222222,1.7722222222222221
UNISIM_IV_P16_Seq2Trend_trial_80,P16,a2de7d1526495254517c3ff31f7ab108,80,7.233001209861658,0.2561819092187932,Seq2Trend,Normal,False,0.5,300,300,200,20,16,0.05,0.6,0.1,median,True,"[0.25, 0.5, 0.75]",False,P50,,False,42,1,exponential,2,,default_group,UNISIM_IV_P16_Seq2Trend,UNISIM_IV,Seq2Trend,0.175,0.6877777777777778,1.7255555555555557
UNISIM_IV_P16_Seq2Trend_trial_25,P16,25918bb71d67231c543bd781665c6976,25,6.486499040852159,1.069970649293594,Seq2Trend,Normal,False,0.99,300,300,50,20,16,0.05,0.6,0.1,median,True,"[0.25, 0.5, 0.75]",False,P50,,False,42,1,pressure_ensemble,7,,default_group,UNISIM_IV_P16_Seq2Trend,UNISIM_IV,Seq2Trend,0.7177777777777777,0.5994444444444444,2.634444444444444
UNISIM_IV_P16_Seq2Trend_trial_54,P16,7dd6b90c31d774eabbddffb4e6bfbbbd,54,6.938878078891561,0.4737853398828563,Seq2Trend,Normal,False,0.01,300,300,100,20,16,0.005,0.6,0.1,median,True,"[0.25, 0.5, 0.75]",False,P50,,False,42,1,static,6,,default_group,UNISIM_IV_P16_Seq2Trend,UNISIM_IV,Seq2Trend,0.37666666666666665,0.6705555555555556,2.0944444444444446
UNISIM_IV_P16_Seq2Trend_trial_126,P16,4ba3b408cae988061a8c6a0ad5566b86,126,6.024853064897799,0.8545895689191779,Seq2Trend,Normal,False,0.25,300,300,200,20,16,0.05,0.6,0.1,median,True,"[0.25, 0.5, 0.75]",False,P50,,False,42,1,pressure_ensemble,7,,default_group,UNISIM_IV_P16_Seq2Trend,UNISIM_IV,Seq2Trend,0.5958333333333333,0.4197222222222222,2.031111111111111
UNISIM_IV_P16_Seq2Trend_trial_12,P16,93db7ed0b8e8fee698c4d6a779019856,12,6.179509357871453,0.7802543583431298,Seq2Trend,Normal,False,0.25,300,300,200,20,8,0.01,0.6,0.1,median,True,"[0.25, 0.5, 0.75]",False,P50,,False,42,1,exponential,7,,default_group,UNISIM_IV_P16_Seq2Trend,UNISIM_IV,Seq2Trend,0.5755555555555556,0.5394444444444444,2.23
UNISIM_IV_P16_Seq2Trend_trial_45,P16,e2b2c9daa8f04c1c17be12f7c6d33c40,45,6.244982523597527,0.7043547992294558,Seq2Trend,Normal,False,0.25,300,300,50,20,16,0.01,0.6,0.1,median,True,"[0.25, 0.5, 0.75]",False,P50,,False,42,1,pressure_ensemble,2,,default_group,UNISIM_IV_P16_Seq2Trend,UNISIM_IV,Seq2Trend,0.5494444444444444,0.5533333333333333,2.2055555555555557
UNISIM_IV_P16_Seq2Trend_trial_110,P16,0e60e16d6c79de71ce3abe437864087a,110,6.433491924845764,0.7579656226299311,Seq2Trend,Normal,False,0.25,300,300,20,20,16,0.005,0.6,0.1,median,True,"[0.25, 0.5, 0.75]",False,P50,,False,42,1,pressure_ensemble,3,,default_group,UNISIM_IV_P16_Seq2Trend,UNISIM_IV,Seq2Trend,0.5666666666666667,0.59,2.3133333333333335
UNISIM_IV_P16_Seq2Trend_trial_85,P16,cb088fa2c9f2a1531efe0ed275661361,85,6.173546389461579,0.9943608448531948,Seq2Trend,Normal,False,0.25,300,300,50,20,16,0.05,0.6,0.1,median,True,"[0.25, 0.5, 0.75]",False,P50,,False,42,1,pressure_ensemble,2,,default_group,UNISIM_IV_P16_Seq2Trend,UNISIM_IV,Seq2Trend,0.6794444444444444,0.5388888888888889,2.4366666666666665
UNISIM_IV_P16_Seq2Trend_trial_3,P16,1e11ec706c9a1c31e556c57a8844d47a,3,6.222758516341845,0.5953744801579688,Seq2Trend,Normal,False,0.99,300,300,100,20,16,0.005,0.6,0.1,median,True,"[0.25, 0.5, 0.75]",False,P50,,False,42,1,pressure_ensemble,2,,default_group,UNISIM_IV_P16_Seq2Trend,UNISIM_IV,Seq2Trend,0.4305555555555556,0.5477777777777778,1.9566666666666668
UNISIM_IV_P16_Seq2Trend_trial_60,P16,e0e6d4ca28dd387bb036ad4182bd50f9,60,11.157537562557197,2.982485990996776,Seq2Trend,Normal,False,0.99,300,300,50,20,8,0.05,0.6,0.1,median,True,"[0.25, 0.5, 0.75]",False,P50,,False,42,1,combined_exp_arps,3,,default_group,UNISIM_IV_P16_Seq2Trend,UNISIM_IV,Seq2Trend,0.8422222222222222,0.8138888888888889,3.312222222222222
UNISIM_IV_P16_Seq2Trend_trial_120,P16,b94f1089990e2f474937038c36b14d7a,120,6.165268998591896,0.720076721250971,Seq2Trend,Normal,False,0.5,300,300,20,20,16,0.005,0.6,0.1,median,True,"[0.25, 0.5, 0.75]",False,P50,,False,42,1,combined_exp_arps,5,,default_group,UNISIM_IV_P16_Seq2Trend,UNISIM_IV,Seq2Trend,0.555,0.5366666666666666,2.1833333333333336
UNISIM_IV_P16_Seq2Trend_trial_140,P16,90eb86e7abab8a43ae335f44fb8733d4,140,6.132318429721018,0.7643972716966374,Seq2Trend,Normal,False,0.25,300,300,50,20,16,0.005,0.6,0.1,median,True,"[0.25, 0.5, 0.75]",False,P50,,False,42,1,exponential,6,,default_group,UNISIM_IV_P16_Seq2Trend,UNISIM_IV,Seq2Trend,0.5694444444444444,0.5266666666666666,2.192222222222222
UNISIM_IV_P16_Seq2Trend_trial_72,P16,d835b03dbbb33853de0b423417fe3562,72,6.525827803996679,0.258974428658651,Seq2Trend,Normal,False,0.99,300,300,100,20,8,0.05,0.6,0.1,median,True,"[0.25, 0.5, 0.75]",False,P50,,False,42,1,arps,5,,default_group,UNISIM_IV_P16_Seq2Trend,UNISIM_IV,Seq2Trend,0.17666666666666667,0.6044444444444445,1.5622222222222222
UNISIM_IV_P16_Seq2Trend_trial_83,P16,550d4be3562bb48ada21c307fbceeb01,83,6.466429703807966,1.2309488498670131,Seq2Trend,Normal,False,0.99,300,300,50,20,16,0.001,0.6,0.1,median,True,"[0.25, 0.5, 0.75]",False,P50,,False,42,1,exponential,8,,default_group,UNISIM_IV_P16_Seq2Trend,UNISIM_IV,Seq2Trend,0.7288888888888889,0.5961111111111111,2.6500000000000004
UNISIM_IV_P16_Seq2Trend_trial_98,P16,51b302b185b62f2e7d2306d63f34e034,98,6.45732948313739,0.5357379579349739,Seq2Trend,Normal,False,0.5,300,300,100,20,8,0.01,0.6,0.1,median,True,"[0.25, 0.5, 0.75]",False,P50,,False,42,1,combined_exp_arps,6,,default_group,UNISIM_IV_P16_Seq2Trend,UNISIM_IV,Seq2Trend,0.41444444444444445,0.5944444444444444,2.017777777777778
UNISIM_IV_P16_Seq2Trend_trial_143,P16,049be2065c9374cb4314e94ddb9c4fe7,143,8.76745600621974,0.4652947407557029,Seq2Trend,Normal,False,0.01,300,300,50,20,8,0.001,0.6,0.1,median,True,"[0.25, 0.5, 0.75]",False,P50,,False,42,1,static,8,,default_group,UNISIM_IV_P16_Seq2Trend,UNISIM_IV,Seq2Trend,0.37444444444444447,0.7827777777777778,2.3144444444444447
UNISIM_IV_P16_Seq2Trend_trial_109,P16,b44113c8abab391a41d94668b29fe007,109,7.381011670641115,0.2546672528995544,Seq2Trend,Normal,False,0.01,300,300,200,20,8,0.01,0.6,0.1,median,True,"[0.25, 0.5, 0.75]",False,P50,,False,42,1,exponential,4,,default_group,UNISIM_IV_P16_Seq2Trend,UNISIM_IV,Seq2Trend,0.17277777777777778,0.6955555555555556,1.7366666666666668
UNISIM_IV_P16_Seq2Trend_trial_86,P16,3a5a57aeefa9cc38f2a730158e5e45a6,86,6.249065014231351,0.7900923567918376,Seq2Trend,Normal,False,0.5,300,300,20,20,16,0.01,0.6,0.1,median,True,"[0.25, 0.5, 0.75]",False,P50,,False,42,1,arps,8,,default_group,UNISIM_IV_P16_Seq2Trend,UNISIM_IV,Seq2Trend,0.5783333333333334,0.5538888888888889,2.2644444444444445
UNISIM_IV_P16_Seq2Trend_trial_8,P16,e3759cd55fc1e63adc15ff9b6cc23e43,8,7.970041833673269,0.3225350706590782,Seq2Trend,Normal,False,0.01,300,300,20,20,16,0.005,0.6,0.1,median,True,"[0.25, 0.5, 0.75]",False,P50,,False,42,1,static,8,,default_group,UNISIM_IV_P16_Seq2Trend,UNISIM_IV,Seq2Trend,0.20055555555555554,0.7638888888888888,1.9288888888888889
UNISIM_IV_P16_Seq2Trend_trial_42,P16,79a1d965a796551dd24acedd8b3864be,42,6.5403382604569575,0.5920421466946408,Seq2Trend,Normal,False,0.25,300,300,200,20,16,0.05,0.6,0.1,median,True,"[0.25, 0.5, 0.75]",False,P50,,False,42,1,static,5,,default_group,UNISIM_IV_P16_Seq2Trend,UNISIM_IV,Seq2Trend,0.4297222222222222,0.6063888888888889,2.072222222222222
UNISIM_IV_P16_Seq2Trend_trial_24,P16,42871dee1c8aa6545cb50fdc5787d1a8,24,6.347776714189771,0.7371945513442932,Seq2Trend,Normal,False,0.99,300,300,100,20,8,0.005,0.6,0.1,median,True,"[0.25, 0.5, 0.75]",False,P50,,False,42,1,exponential,8,,default_group,UNISIM_IV_P16_Seq2Trend,UNISIM_IV,Seq2Trend,0.5602777777777778,0.5752777777777778,2.271111111111111
UNISIM_IV_P16_Seq2Trend_trial_100,P16,6875a4549b19606c9d0d0f5cb6816c72,100,7.115047790042434,0.3699396506397727,Seq2Trend,Normal,False,0.01,300,300,50,20,16,0.01,0.6,0.1,median,True,"[0.25, 0.5, 0.75]",False,P50,,False,42,1,exponential,6,,default_group,UNISIM_IV_P16_Seq2Trend,UNISIM_IV,Seq2Trend,0.3005555555555556,0.6794444444444444,1.96
UNISIM_IV_P16_Seq2Trend_trial_136,P16,cc2e463e27b933cdec8ff560e56821a4,136,6.259851173455615,0.705689996014428,Seq2Trend,Normal,False,0.25,300,300,100,20,16,0.001,0.6,0.1,median,True,"[0.25, 0.5, 0.75]",False,P50,,False,42,1,static,6,,default_group,UNISIM_IV_P16_Seq2Trend,UNISIM_IV,Seq2Trend,0.55,0.5588888888888889,2.217777777777778
UNISIM_IV_P16_Seq2Trend_trial_122,P16,53a9702cf1f2edb255c53d154ef6f486,122,6.252856914505983,0.98024945834512,Seq2Trend,Normal,False,0.25,300,300,20,20,16,0.005,0.6,0.1,median,True,"[0.25, 0.5, 0.75]",False,P50,,False,42,1,arps,8,,default_group,UNISIM_IV_P16_Seq2Trend,UNISIM_IV,Seq2Trend,0.6761111111111111,0.5572222222222222,2.466666666666667
UNISIM_IV_P16_Seq2Trend_trial_73,P16,fcdb6fa2db698eaf32fdf3ac2bf458cc,73,6.158746568838504,0.681483038798469,Seq2Trend,Normal,False,0.99,300,300,50,20,16,0.01,0.6,0.1,median,True,"[0.25, 0.5, 0.75]",False,P50,,False,42,1,static,3,,default_group,UNISIM_IV_P16_Seq2Trend,UNISIM_IV,Seq2Trend,0.5394444444444444,0.5333333333333333,2.145555555555555
UNISIM_IV_P16_Seq2Trend_trial_87,P16,7d23cc1a77a44d6c08f0c35de389d88b,87,6.1987526077946375,0.8287456558909769,Seq2Trend,Normal,False,0.25,300,300,20,20,8,0.005,0.6,0.1,median,True,"[0.25, 0.5, 0.75]",False,P50,,False,42,1,pressure_ensemble,8,,default_group,UNISIM_IV_P16_Seq2Trend,UNISIM_IV,Seq2Trend,0.5883333333333334,0.5438888888888889,2.2644444444444445
UNISIM_IV_P16_Seq2Trend_trial_2,P16,fbf3584d8c669888b0ded2a33c497386,2,11.675863183294537,1.8416174093706357,Seq2Trend,Normal,False,0.01,300,300,20,20,16,0.001,0.6,0.1,median,True,"[0.25, 0.5, 0.75]",False,P50,,False,42,1,static,8,,default_group,UNISIM_IV_P16_Seq2Trend,UNISIM_IV,Seq2Trend,0.7816666666666666,0.8205555555555556,3.2044444444444444
UNISIM_IV_P16_Seq2Trend_trial_142,P16,d21e0cbe302ced86232613115ea2ddbf,142,6.348346951783511,0.5439016596726848,Seq2Trend,Normal,False,0.5,300,300,20,20,8,0.005,0.6,0.1,median,True,"[0.25, 0.5, 0.75]",False,P50,,False,42,1,combined_exp_arps,5,,default_group,UNISIM_IV_P16_Seq2Trend,UNISIM_IV,Seq2Trend,0.41944444444444445,0.5761111111111111,1.991111111111111
UNISIM_IV_P16_Seq2Trend_trial_44,P16,b13713bf2dd2d5737d490a858cceccfd,44,26.854584445365028,6.626045387458425,Seq2Trend,Normal,False,0.99,300,300,100,20,8,0.05,0.6,0.1,median,True,"[0.25, 0.5, 0.75]",False,P50,,False,42,1,exponential,5,,default_group,UNISIM_IV_P16_Seq2Trend,UNISIM_IV,Seq2Trend,0.955,0.9511111111111111,3.812222222222222
UNISIM_IV_P16_Seq2Trend_trial_145,P16,70b45e85f894e003642980ab3cfe2087,145,10.187697515189788,1.2823800042571232,Seq2Trend,Normal,False,0.01,300,300,50,20,8,0.05,0.6,0.1,median,True,"[0.25, 0.5, 0.75]",False,P50,,False,42,1,pressure_ensemble,7,,default_group,UNISIM_IV_P16_Seq2Trend,UNISIM_IV,Seq2Trend,0.7322222222222222,0.8044444444444444,3.0733333333333333
UNISIM_IV_P16_Seq2Trend_trial_23,P16,5afd45fa0ab7ae7737fc1ef5aa062ad5,23,6.14183886948523,0.8461802705884154,Seq2Trend,Normal,False,0.99,300,300,50,20,8,0.005,0.6,0.1,median,True,"[0.25, 0.5, 0.75]",False,P50,,False,42,1,pressure_ensemble,8,,default_group,UNISIM_IV_P16_Seq2Trend,UNISIM_IV,Seq2Trend,0.5944444444444444,0.5294444444444445,2.247777777777778
UNISIM_IV_P16_Seq2Trend_trial_64,P16,44cd5423ea408d3e9acce9abc80cd3d1,64,6.862500337126996,0.3830194224838909,Seq2Trend,Normal,False,0.01,300,300,50,20,8,0.01,0.6,0.1,median,True,"[0.25, 0.5, 0.75]",False,P50,,False,42,1,exponential,5,,default_group,UNISIM_IV_P16_Seq2Trend,UNISIM_IV,Seq2Trend,0.30444444444444446,0.6377777777777778,1.8844444444444446
UNISIM_IV_P16_Seq2Trend_trial_40,P16,18adb45119340db8ccc50f8586043e22,40,6.365026648755309,0.4932293395760885,Seq2Trend,Normal,False,0.99,300,300,200,20,16,0.01,0.6,0.1,median,True,"[0.25, 0.5, 0.75]",False,P50,,False,42,1,arps,8,,default_group,UNISIM_IV_P16_Seq2Trend,UNISIM_IV,Seq2Trend,0.3794444444444444,0.5816666666666667,1.922222222222222
UNISIM_IV_P16_Seq2Trend_trial_147,P16,be0c31b80e03ca8c73216a5da9484028,147,7.000384262787648,0.6389188168138135,Seq2Trend,Normal,False,0.25,300,300,200,20,16,0.005,0.6,0.1,median,True,"[0.25, 0.5, 0.75]",False,P50,,False,42,1,combined_exp_arps,7,,default_group,UNISIM_IV_P16_Seq2Trend,UNISIM_IV,Seq2Trend,0.445,0.6733333333333333,2.236666666666667
UNISIM_IV_P16_Seq2Trend_trial_124,P16,8bf4d38863652415a6b1aabf48377dc7,124,6.220321964152428,0.6981488744128036,Seq2Trend,Normal,False,0.99,300,300,20,20,16,0.001,0.6,0.1,median,True,"[0.25, 0.5, 0.75]",False,P50,,False,42,1,static,2,,default_group,UNISIM_IV_P16_Seq2Trend,UNISIM_IV,Seq2Trend,0.5444444444444444,0.5472222222222223,2.1833333333333336
UNISIM_IV_P16_Seq2Trend_trial_63,P16,816d88a57fc37fb2df870d891d85d135,63,7.286110540836697,0.4200140129838736,Seq2Trend,Normal,False,0.01,300,300,200,20,8,0.001,0.6,0.1,median,True,"[0.25, 0.5, 0.75]",False,P50,,False,42,1,static,3,,default_group,UNISIM_IV_P16_Seq2Trend,UNISIM_IV,Seq2Trend,0.30944444444444447,0.6894444444444444,1.9977777777777779
UNISIM_IV_P16_Seq2Trend_trial_61,P16,b5d17b68c5bb866b3db29fae47ceb15c,61,8.147213738979268,0.6647025914642143,Seq2Trend,Normal,False,0.01,300,300,50,20,16,0.05,0.6,0.1,median,True,"[0.25, 0.5, 0.75]",False,P50,,False,42,1,exponential,7,,default_group,UNISIM_IV_P16_Seq2Trend,UNISIM_IV,Seq2Trend,0.45166666666666666,0.7683333333333333,2.44
UNISIM_IV_P16_Seq2Trend_trial_18,P16,c198c76baefcad60a85b7e3802ba58f1,18,7.358004368004101,0.2737276802980183,Seq2Trend,Normal,False,0.01,300,300,20,20,8,0.01,0.6,0.1,median,True,"[0.25, 0.5, 0.75]",False,P50,,False,42,1,arps,8,,default_group,UNISIM_IV_P16_Seq2Trend,UNISIM_IV,Seq2Trend,0.18611111111111112,0.6944444444444444,1.761111111111111
UNISIM_IV_P16_Seq2Trend_trial_144,P16,b6a93760c10196beff8c3a20bb1e0d8f,144,6.1217536312334255,0.8150678525121665,Seq2Trend,Normal,False,0.25,300,300,20,20,8,0.01,0.6,0.1,median,True,"[0.25, 0.5, 0.75]",False,P50,,False,42,1,static,2,,default_group,UNISIM_IV_P16_Seq2Trend,UNISIM_IV,Seq2Trend,0.5827777777777777,0.5233333333333333,2.212222222222222
UNISIM_IV_P16_Seq2Trend_trial_48,P16,f29f103b6dbbe83de9ccac1145dda709,48,6.3541540914956425,0.7180945559711948,Seq2Trend,Normal,False,0.99,300,300,20,20,16,0.01,0.6,0.1,median,True,"[0.25, 0.5, 0.75]",False,P50,,False,42,1,static,4,,default_group,UNISIM_IV_P16_Seq2Trend,UNISIM_IV,Seq2Trend,0.5544444444444444,0.5772222222222222,2.263333333333333
UNISIM_IV_P16_Seq2Trend_trial_31,P16,80ca89aa126f0d396a717dcd8346e68b,31,6.088687981062351,0.7017695141787291,Seq2Trend,Normal,False,0.5,300,300,20,20,16,0.01,0.6,0.1,median,True,"[0.25, 0.5, 0.75]",False,P50,,False,42,1,pressure_ensemble,5,,default_group,UNISIM_IV_P16_Seq2Trend,UNISIM_IV,Seq2Trend,0.5472222222222223,0.5138888888888888,2.1222222222222222
UNISIM_IV_P16_Seq2Trend_trial_92,P16,90c83a1b1429aae434a964eb2cd0381d,92,6.098290842353301,0.6157697082687913,Seq2Trend,Normal,False,0.99,300,300,200,20,8,0.01,0.6,0.1,median,True,"[0.25, 0.5, 0.75]",False,P50,,False,42,1,exponential,6,,default_group,UNISIM_IV_P16_Seq2Trend,UNISIM_IV,Seq2Trend,0.43722222222222223,0.515,1.9044444444444446
UNISIM_IV_P16_Seq2Trend_trial_46,P16,7520171182eca0574e22e91fccf17892,46,5.991037287491268,0.6211935293387422,Seq2Trend,Normal,False,0.5,300,300,100,20,8,0.05,0.6,0.1,median,True,"[0.25, 0.5, 0.75]",False,P50,,False,42,1,static,5,,default_group,UNISIM_IV_P16_Seq2Trend,UNISIM_IV,Seq2Trend,0.4388888888888889,0.41333333333333333,1.7044444444444444
UNISIM_IV_P16_Seq2Trend_trial_76,P16,db871218f87b5ea8491dcfbe7814445e,76,7.675171839531554,0.4739806842392047,Seq2Trend,Normal,False,0.01,300,300,100,20,16,0.001,0.6,0.1,median,True,"[0.25, 0.5, 0.75]",False,P50,,False,42,1,combined_exp_arps,8,,default_group,UNISIM_IV_P16_Seq2Trend,UNISIM_IV,Seq2Trend,0.37722222222222224,0.7588888888888888,2.272222222222222
UNISIM_IV_P16_Seq2Trend_trial_113,P16,d9415928ee0b54bbc695373d0d51fe9b,113,6.250835603852621,0.9489956356267036,Seq2Trend,Normal,False,0.5,300,300,20,20,8,0.001,0.6,0.1,median,True,"[0.25, 0.5, 0.75]",False,P50,,False,42,1,arps,5,,default_group,UNISIM_IV_P16_Seq2Trend,UNISIM_IV,Seq2Trend,0.6727777777777778,0.5544444444444444,2.4544444444444444
UNISIM_IV_P16_Seq2Trend_trial_132,P16,68239560c6a360862914768dd2570200,132,6.162113475835644,0.8734179781093303,Seq2Trend,Normal,False,0.25,300,300,100,20,8,0.001,0.6,0.1,median,True,"[0.25, 0.5, 0.75]",False,P50,,False,42,1,exponential,3,,default_group,UNISIM_IV_P16_Seq2Trend,UNISIM_IV,Seq2Trend,0.6030555555555556,0.5352777777777777,2.2766666666666664
UNISIM_IV_P16_Seq2Trend_trial_28,P16,617d5c5190ea911617b8452e85a105b4,28,6.821286037122862,1.5613874587179433,Seq2Trend,Normal,False,0.25,300,300,20,20,16,0.05,0.6,0.1,median,True,"[0.25, 0.5, 0.75]",False,P50,,False,42,1,pressure_ensemble,4,,default_group,UNISIM_IV_P16_Seq2Trend,UNISIM_IV,Seq2Trend,0.7533333333333333,0.6344444444444445,2.7755555555555556
UNISIM_IV_P16_Seq2Trend_trial_125,P16,258b75e42c569e5e0af26532d40386ca,125,6.226726980584941,0.7099781412412877,Seq2Trend,Normal,False,0.5,300,300,50,20,8,0.001,0.6,0.1,median,True,"[0.25, 0.5, 0.75]",False,P50,,False,42,1,static,5,,default_group,UNISIM_IV_P16_Seq2Trend,UNISIM_IV,Seq2Trend,0.5522222222222222,0.5494444444444444,2.203333333333333
UNISIM_IV_P16_Seq2Trend_trial_137,P16,aa637ed6b5dd654b70ab7e157e91b461,137,6.135763662537701,0.7510034756898715,Seq2Trend,Normal,False,0.99,300,300,20,20,16,0.05,0.6,0.1,median,True,"[0.25, 0.5, 0.75]",False,P50,,False,42,1,arps,5,,default_group,UNISIM_IV_P16_Seq2Trend,UNISIM_IV,Seq2Trend,0.5644444444444444,0.5277777777777778,2.1844444444444444
UNISIM_IV_P16_Seq2Trend_trial_148,P16,ec7e410acfbab1b37bda00d04509a0bc,148,6.232280482445476,0.8286675960519266,Seq2Trend,Normal,False,0.5,300,300,100,20,16,0.001,0.6,0.1,median,True,"[0.25, 0.5, 0.75]",False,P50,,False,42,1,pressure_ensemble,6,,default_group,UNISIM_IV_P16_Seq2Trend,UNISIM_IV,Seq2Trend,0.5877777777777777,0.5511111111111111,2.2777777777777777
UNISIM_IV_P16_Seq2Trend_trial_127,P16,b42e5a9007132df95c94acb4658c30e7,127,6.231180828858152,0.7540098448074121,Seq2Trend,Normal,False,0.5,300,300,200,20,16,0.001,0.6,0.1,median,True,"[0.25, 0.5, 0.75]",False,P50,,False,42,1,combined_exp_arps,6,,default_group,UNISIM_IV_P16_Seq2Trend,UNISIM_IV,Seq2Trend,0.5661111111111111,0.5505555555555556,2.2333333333333334
UNISIM_IV_P16_Seq2Trend_trial_13,P16,774cdb98e7da8cf2916f654b0f469b70,13,6.993039215998229,0.3505785668825927,Seq2Trend,Normal,False,0.01,300,300,100,20,16,0.01,0.6,0.1,median,True,"[0.25, 0.5, 0.75]",False,P50,,False,42,1,arps,6,,default_group,UNISIM_IV_P16_Seq2Trend,UNISIM_IV,Seq2Trend,0.23805555555555555,0.6725,1.8211111111111111
UNISIM_IV_P16_Seq2Trend_trial_93,P16,c4702d4eae84c144027132c425543179,93,6.16691779459164,0.6547341490789773,Seq2Trend,Normal,False,0.25,300,300,100,20,16,0.005,0.6,0.1,median,True,"[0.25, 0.5, 0.75]",False,P50,,False,42,1,arps,8,,default_group,UNISIM_IV_P16_Seq2Trend,UNISIM_IV,Seq2Trend,0.4486111111111111,0.5375,1.9722222222222223
UNISIM_IV_P16_Seq2Trend_trial_296,P16,51384af8104897759b18ddda5e007a41,296,6.048443689223109,0.673300179551868,Seq2Trend,Normal,False,0.5,300,300,100,20,16,0.01,0.6,0.1,median,True,"[0.25, 0.5, 0.75]",False,P50,,False,42,1,combined_exp_arps,8,,default_group,UNISIM_IV_P16_Seq2Trend,UNISIM_IV,Seq2Trend,0.5227777777777778,0.43833333333333335,1.9222222222222223
UNISIM_IV_P16_Seq2Trend_trial_271,P16,6a46ae14929fc261b667607496939bd0,271,6.048443689223109,0.673300179551868,Seq2Trend,Normal,False,0.5,300,300,100,20,16,0.01,0.6,0.1,median,True,"[0.25, 0.5, 0.75]",False,P50,,False,42,1,combined_exp_arps,8,,default_group,UNISIM_IV_P16_Seq2Trend,UNISIM_IV,Seq2Trend,0.5227777777777778,0.43833333333333335,1.9222222222222223
UNISIM_IV_P16_Seq2Trend_trial_266,P16,2af46fa6155c18a68eb1b87693201bdb,266,6.048443689223109,0.673300179551868,Seq2Trend,Normal,False,0.5,300,300,100,20,16,0.01,0.6,0.1,median,True,"[0.25, 0.5, 0.75]",False,P50,,False,42,1,combined_exp_arps,8,,default_group,UNISIM_IV_P16_Seq2Trend,UNISIM_IV,Seq2Trend,0.5227777777777778,0.43833333333333335,1.9222222222222223
UNISIM_IV_P16_Seq2Trend_trial_263,P16,2a9e82ad8c9d3728af38b6f39d789f8e,263,6.048443689223109,0.673300179551868,Seq2Trend,Normal,False,0.5,300,300,100,20,16,0.01,0.6,0.1,median,True,"[0.25, 0.5, 0.75]",False,P50,,False,42,1,combined_exp_arps,8,,default_group,UNISIM_IV_P16_Seq2Trend,UNISIM_IV,Seq2Trend,0.5227777777777778,0.43833333333333335,1.9222222222222223
UNISIM_IV_P16_Seq2Trend_trial_289,P16,9e3865e620f5ef26ca6c0e2095eff75e,289,6.048443689223109,0.673300179551868,Seq2Trend,Normal,False,0.5,300,300,100,20,16,0.01,0.6,0.1,median,True,"[0.25, 0.5, 0.75]",False,P50,,False,42,1,combined_exp_arps,8,,default_group,UNISIM_IV_P16_Seq2Trend,UNISIM_IV,Seq2Trend,0.5227777777777778,0.43833333333333335,1.9222222222222223
UNISIM_IV_P16_Seq2Trend_trial_298,P16,195218f7c8047072887f6fb431a062c5,298,6.048443689223109,0.673300179551868,Seq2Trend,Normal,False,0.5,300,300,100,20,16,0.01,0.6,0.1,median,True,"[0.25, 0.5, 0.75]",False,P50,,False,42,1,combined_exp_arps,8,,default_group,UNISIM_IV_P16_Seq2Trend,UNISIM_IV,Seq2Trend,0.5227777777777778,0.43833333333333335,1.9222222222222223
UNISIM_IV_P16_Seq2Trend_trial_265,P16,ffdaa8c2ba9ab0cb03dea129177b3612,265,6.048443689223109,0.673300179551868,Seq2Trend,Normal,False,0.5,300,300,100,20,16,0.01,0.6,0.1,median,True,"[0.25, 0.5, 0.75]",False,P50,,False,42,1,combined_exp_arps,8,,default_group,UNISIM_IV_P16_Seq2Trend,UNISIM_IV,Seq2Trend,0.5227777777777778,0.43833333333333335,1.9222222222222223
UNISIM_IV_P16_Seq2Trend_trial_274,P16,ec421b65129e426c31ee45f539ae4c7e,274,6.048443689223109,0.673300179551868,Seq2Trend,Normal,False,0.5,300,300,100,20,16,0.01,0.6,0.1,median,True,"[0.25, 0.5, 0.75]",False,P50,,False,42,1,combined_exp_arps,8,,default_group,UNISIM_IV_P16_Seq2Trend,UNISIM_IV,Seq2Trend,0.5227777777777778,0.43833333333333335,1.9222222222222223
UNISIM_IV_P16_Seq2Trend_trial_287,P16,979bca1ea339b09e7757266e5462e230,287,6.048443689223109,0.673300179551868,Seq2Trend,Normal,False,0.5,300,300,100,20,16,0.01,0.6,0.1,median,True,"[0.25, 0.5, 0.75]",False,P50,,False,42,1,combined_exp_arps,8,,default_group,UNISIM_IV_P16_Seq2Trend,UNISIM_IV,Seq2Trend,0.5227777777777778,0.43833333333333335,1.9222222222222223
UNISIM_IV_P16_Seq2Trend_trial_297,P16,5ea5ee7bdc5d65d656ae367a83087399,297,6.048443689223109,0.673300179551868,Seq2Trend,Normal,False,0.5,300,300,100,20,16,0.01,0.6,0.1,median,True,"[0.25, 0.5, 0.75]",False,P50,,False,42,1,combined_exp_arps,8,,default_group,UNISIM_IV_P16_Seq2Trend,UNISIM_IV,Seq2Trend,0.5227777777777778,0.43833333333333335,1.9222222222222223
UNISIM_IV_P16_Seq2Trend_trial_261,P16,00435c278c3bcb50004efb79a0ea8a9e,261,6.048443689223109,0.673300179551868,Seq2Trend,Normal,False,0.5,300,300,100,20,16,0.01,0.6,0.1,median,True,"[0.25, 0.5, 0.75]",False,P50,,False,42,1,combined_exp_arps,8,,default_group,UNISIM_IV_P16_Seq2Trend,UNISIM_IV,Seq2Trend,0.5227777777777778,0.43833333333333335,1.9222222222222223
UNISIM_IV_P16_Seq2Trend_trial_257,P16,774c28f766964f220632fc66944a4884,257,6.048443689223109,0.673300179551868,Seq2Trend,Normal,False,0.5,300,300,100,20,16,0.01,0.6,0.1,median,True,"[0.25, 0.5, 0.75]",False,P50,,False,42,1,combined_exp_arps,8,,default_group,UNISIM_IV_P16_Seq2Trend,UNISIM_IV,Seq2Trend,0.5227777777777778,0.43833333333333335,1.9222222222222223
UNISIM_IV_P16_Seq2Trend_trial_283,P16,71cacee40e0127f465384f44ac3df421,283,6.048443689223109,0.673300179551868,Seq2Trend,Normal,False,0.5,300,300,100,20,16,0.01,0.6,0.1,median,True,"[0.25, 0.5, 0.75]",False,P50,,False,42,1,combined_exp_arps,8,,default_group,UNISIM_IV_P16_Seq2Trend,UNISIM_IV,Seq2Trend,0.5227777777777778,0.43833333333333335,1.9222222222222223
UNISIM_IV_P16_Seq2Trend_trial_290,P16,ec2b963f975bf5b71d6f03ae1fb1f407,290,6.048443689223109,0.673300179551868,Seq2Trend,Normal,False,0.5,300,300,100,20,16,0.01,0.6,0.1,median,True,"[0.25, 0.5, 0.75]",False,P50,,False,42,1,combined_exp_arps,8,,default_group,UNISIM_IV_P16_Seq2Trend,UNISIM_IV,Seq2Trend,0.5227777777777778,0.43833333333333335,1.9222222222222223
UNISIM_IV_P16_Seq2Trend_trial_250,P16,dee7ffb39db3211005edc0509bf75f50,250,6.048443689223109,0.673300179551868,Seq2Trend,Normal,False,0.5,300,300,100,20,16,0.01,0.6,0.1,median,True,"[0.25, 0.5, 0.75]",False,P50,,False,42,1,combined_exp_arps,8,,default_group,UNISIM_IV_P16_Seq2Trend,UNISIM_IV,Seq2Trend,0.5227777777777778,0.43833333333333335,1.9222222222222223
UNISIM_IV_P16_Seq2Trend_trial_251,P16,af9707e3f8e5bb037adb606589cae26b,251,6.048443689223109,0.673300179551868,Seq2Trend,Normal,False,0.5,300,300,100,20,16,0.01,0.6,0.1,median,True,"[0.25, 0.5, 0.75]",False,P50,,False,42,1,combined_exp_arps,8,,default_group,UNISIM_IV_P16_Seq2Trend,UNISIM_IV,Seq2Trend,0.5227777777777778,0.43833333333333335,1.9222222222222223
UNISIM_IV_P16_Seq2Trend_trial_279,P16,d49979f1a21706acbdb67b985fd2906e,279,6.048443689223109,0.673300179551868,Seq2Trend,Normal,False,0.5,300,300,100,20,16,0.01,0.6,0.1,median,True,"[0.25, 0.5, 0.75]",False,P50,,False,42,1,combined_exp_arps,8,,default_group,UNISIM_IV_P16_Seq2Trend,UNISIM_IV,Seq2Trend,0.5227777777777778,0.43833333333333335,1.9222222222222223
UNISIM_IV_P16_Seq2Trend_trial_284,P16,1ad7a1e73408e12ecf4c8b1af4a845b6,284,6.048443689223109,0.673300179551868,Seq2Trend,Normal,False,0.5,300,300,100,20,16,0.01,0.6,0.1,median,True,"[0.25, 0.5, 0.75]",False,P50,,False,42,1,combined_exp_arps,8,,default_group,UNISIM_IV_P16_Seq2Trend,UNISIM_IV,Seq2Trend,0.5227777777777778,0.43833333333333335,1.9222222222222223
UNISIM_IV_P16_Seq2Trend_trial_264,P16,5e013763bbbecd05a1afeb8eaccec852,264,6.048443689223109,0.673300179551868,Seq2Trend,Normal,False,0.5,300,300,100,20,16,0.01,0.6,0.1,median,True,"[0.25, 0.5, 0.75]",False,P50,,False,42,1,combined_exp_arps,8,,default_group,UNISIM_IV_P16_Seq2Trend,UNISIM_IV,Seq2Trend,0.5227777777777778,0.43833333333333335,1.9222222222222223
UNISIM_IV_P16_Seq2Trend_trial_259,P16,2fe5041bf8990e168be074a935fdd6ee,259,6.048443689223109,0.673300179551868,Seq2Trend,Normal,False,0.5,300,300,100,20,16,0.01,0.6,0.1,median,True,"[0.25, 0.5, 0.75]",False,P50,,False,42,1,combined_exp_arps,8,,default_group,UNISIM_IV_P16_Seq2Trend,UNISIM_IV,Seq2Trend,0.5227777777777778,0.43833333333333335,1.9222222222222223
UNISIM_IV_P16_Seq2Trend_trial_256,P16,67b000e84c3365f0349e0c8ccd35b36e,256,6.048443689223109,0.673300179551868,Seq2Trend,Normal,False,0.5,300,300,100,20,16,0.01,0.6,0.1,median,True,"[0.25, 0.5, 0.75]",False,P50,,False,42,1,combined_exp_arps,8,,default_group,UNISIM_IV_P16_Seq2Trend,UNISIM_IV,Seq2Trend,0.5227777777777778,0.43833333333333335,1.9222222222222223
UNISIM_IV_P16_Seq2Trend_trial_282,P16,1ca20ffa4a7a5674c102da42ff6c2be8,282,6.048443689223109,0.673300179551868,Seq2Trend,Normal,False,0.5,300,300,100,20,16,0.01,0.6,0.1,median,True,"[0.25, 0.5, 0.75]",False,P50,,False,42,1,combined_exp_arps,8,,default_group,UNISIM_IV_P16_Seq2Trend,UNISIM_IV,Seq2Trend,0.5227777777777778,0.43833333333333335,1.9222222222222223
UNISIM_IV_P16_Seq2Trend_trial_272,P16,6f6f4b0b266da80fc2c9c2cf93b65b4a,272,6.048443689223109,0.673300179551868,Seq2Trend,Normal,False,0.5,300,300,100,20,16,0.01,0.6,0.1,median,True,"[0.25, 0.5, 0.75]",False,P50,,False,42,1,combined_exp_arps,8,,default_group,UNISIM_IV_P16_Seq2Trend,UNISIM_IV,Seq2Trend,0.5227777777777778,0.43833333333333335,1.9222222222222223
UNISIM_IV_P16_Seq2Trend_trial_295,P16,6dd6b36c1f8bbf0a9f83d9521ff1f614,295,6.048443689223109,0.673300179551868,Seq2Trend,Normal,False,0.5,300,300,100,20,16,0.01,0.6,0.1,median,True,"[0.25, 0.5, 0.75]",False,P50,,False,42,1,combined_exp_arps,8,,default_group,UNISIM_IV_P16_Seq2Trend,UNISIM_IV,Seq2Trend,0.5227777777777778,0.43833333333333335,1.9222222222222223
UNISIM_IV_P16_Seq2Trend_trial_258,P16,71ead4a0e4748cb523e1889f7cec1a79,258,6.048443689223109,0.673300179551868,Seq2Trend,Normal,False,0.5,300,300,100,20,16,0.01,0.6,0.1,median,True,"[0.25, 0.5, 0.75]",False,P50,,False,42,1,combined_exp_arps,8,,default_group,UNISIM_IV_P16_Seq2Trend,UNISIM_IV,Seq2Trend,0.5227777777777778,0.43833333333333335,1.9222222222222223
UNISIM_IV_P16_Seq2Trend_trial_262,P16,1bce4b950a5f945d2b657244ed817ddd,262,6.048443689223109,0.673300179551868,Seq2Trend,Normal,False,0.5,300,300,100,20,16,0.01,0.6,0.1,median,True,"[0.25, 0.5, 0.75]",False,P50,,False,42,1,combined_exp_arps,8,,default_group,UNISIM_IV_P16_Seq2Trend,UNISIM_IV,Seq2Trend,0.5227777777777778,0.43833333333333335,1.9222222222222223
UNISIM_IV_P16_Seq2Trend_trial_260,P16,b7566e01673a1f2eb80034ca0f3adbb7,260,6.048443689223109,0.673300179551868,Seq2Trend,Normal,False,0.5,300,300,100,20,16,0.01,0.6,0.1,median,True,"[0.25, 0.5, 0.75]",False,P50,,False,42,1,combined_exp_arps,8,,default_group,UNISIM_IV_P16_Seq2Trend,UNISIM_IV,Seq2Trend,0.5227777777777778,0.43833333333333335,1.9222222222222223
UNISIM_IV_P16_Seq2Trend_trial_253,P16,563138acb6f594b49d754b772b8f8b35,253,6.048443689223109,0.673300179551868,Seq2Trend,Normal,False,0.5,300,300,100,20,16,0.01,0.6,0.1,median,True,"[0.25, 0.5, 0.75]",False,P50,,False,42,1,combined_exp_arps,8,,default_group,UNISIM_IV_P16_Seq2Trend,UNISIM_IV,Seq2Trend,0.5227777777777778,0.43833333333333335,1.9222222222222223
UNISIM_IV_P16_Seq2Trend_trial_294,P16,20188d39943b7cf65009dedd39cf1ff8,294,6.048443689223109,0.673300179551868,Seq2Trend,Normal,False,0.5,300,300,100,20,16,0.01,0.6,0.1,median,True,"[0.25, 0.5, 0.75]",False,P50,,False,42,1,combined_exp_arps,8,,default_group,UNISIM_IV_P16_Seq2Trend,UNISIM_IV,Seq2Trend,0.5227777777777778,0.43833333333333335,1.9222222222222223
UNISIM_IV_P16_Seq2Trend_trial_267,P16,36fcfca248ad6ccc2b95bc1b0a06f42e,267,6.048443689223109,0.673300179551868,Seq2Trend,Normal,False,0.5,300,300,100,20,16,0.01,0.6,0.1,median,True,"[0.25, 0.5, 0.75]",False,P50,,False,42,1,combined_exp_arps,8,,default_group,UNISIM_IV_P16_Seq2Trend,UNISIM_IV,Seq2Trend,0.5227777777777778,0.43833333333333335,1.9222222222222223
UNISIM_IV_P16_Seq2Trend_trial_288,P16,fcfba60ddc4b4f41fe535fc6e19cbbb4,288,6.048443689223109,0.673300179551868,Seq2Trend,Normal,False,0.5,300,300,100,20,16,0.01,0.6,0.1,median,True,"[0.25, 0.5, 0.75]",False,P50,,False,42,1,combined_exp_arps,8,,default_group,UNISIM_IV_P16_Seq2Trend,UNISIM_IV,Seq2Trend,0.5227777777777778,0.43833333333333335,1.9222222222222223
UNISIM_IV_P16_Seq2Trend_trial_269,P16,3439350769d30d4a707519f71880c4f6,269,6.048443689223109,0.673300179551868,Seq2Trend,Normal,False,0.5,300,300,100,20,16,0.01,0.6,0.1,median,True,"[0.25, 0.5, 0.75]",False,P50,,False,42,1,combined_exp_arps,8,,default_group,UNISIM_IV_P16_Seq2Trend,UNISIM_IV,Seq2Trend,0.5227777777777778,0.43833333333333335,1.9222222222222223
UNISIM_IV_P16_Seq2Trend_trial_276,P16,1573ddc93f0db1ac7201b0490f998787,276,6.048443689223109,0.673300179551868,Seq2Trend,Normal,False,0.5,300,300,100,20,16,0.01,0.6,0.1,median,True,"[0.25, 0.5, 0.75]",False,P50,,False,42,1,combined_exp_arps,8,,default_group,UNISIM_IV_P16_Seq2Trend,UNISIM_IV,Seq2Trend,0.5227777777777778,0.43833333333333335,1.9222222222222223
UNISIM_IV_P16_Seq2Trend_trial_299,P16,3e1be5442fd81e66fd9058de8c582a1e,299,6.048443689223109,0.673300179551868,Seq2Trend,Normal,False,0.5,300,300,100,20,16,0.01,0.6,0.1,median,True,"[0.25, 0.5, 0.75]",False,P50,,False,42,1,combined_exp_arps,8,,default_group,UNISIM_IV_P16_Seq2Trend,UNISIM_IV,Seq2Trend,0.5227777777777778,0.43833333333333335,1.9222222222222223
UNISIM_IV_P16_Seq2Trend_trial_292,P16,01144db207a3fac83e5a6837de3e5846,292,6.048443689223109,0.673300179551868,Seq2Trend,Normal,False,0.5,300,300,100,20,16,0.01,0.6,0.1,median,True,"[0.25, 0.5, 0.75]",False,P50,,False,42,1,combined_exp_arps,8,,default_group,UNISIM_IV_P16_Seq2Trend,UNISIM_IV,Seq2Trend,0.5227777777777778,0.43833333333333335,1.9222222222222223
UNISIM_IV_P16_Seq2Trend_trial_280,P16,2f1310b9e4629ea33329bbd6c531602c,280,6.048443689223109,0.673300179551868,Seq2Trend,Normal,False,0.5,300,300,100,20,16,0.01,0.6,0.1,median,True,"[0.25, 0.5, 0.75]",False,P50,,False,42,1,combined_exp_arps,8,,default_group,UNISIM_IV_P16_Seq2Trend,UNISIM_IV,Seq2Trend,0.5227777777777778,0.43833333333333335,1.9222222222222223
UNISIM_IV_P16_Seq2Trend_trial_273,P16,87057f77b14b0e0efccbafa11a796f13,273,6.048443689223109,0.673300179551868,Seq2Trend,Normal,False,0.5,300,300,100,20,16,0.01,0.6,0.1,median,True,"[0.25, 0.5, 0.75]",False,P50,,False,42,1,combined_exp_arps,8,,default_group,UNISIM_IV_P16_Seq2Trend,UNISIM_IV,Seq2Trend,0.5227777777777778,0.43833333333333335,1.9222222222222223
UNISIM_IV_P16_Seq2Trend_trial_281,P16,bc812306f6604cf3d732550ce49780e1,281,6.048443689223109,0.673300179551868,Seq2Trend,Normal,False,0.5,300,300,100,20,16,0.01,0.6,0.1,median,True,"[0.25, 0.5, 0.75]",False,P50,,False,42,1,combined_exp_arps,8,,default_group,UNISIM_IV_P16_Seq2Trend,UNISIM_IV,Seq2Trend,0.5227777777777778,0.43833333333333335,1.9222222222222223
UNISIM_IV_P16_Seq2Trend_trial_291,P16,159a7d217a6f8d237b0eb81da49aedd6,291,6.048443689223109,0.673300179551868,Seq2Trend,Normal,False,0.5,300,300,100,20,16,0.01,0.6,0.1,median,True,"[0.25, 0.5, 0.75]",False,P50,,False,42,1,combined_exp_arps,8,,default_group,UNISIM_IV_P16_Seq2Trend,UNISIM_IV,Seq2Trend,0.5227777777777778,0.43833333333333335,1.9222222222222223
UNISIM_IV_P16_Seq2Trend_trial_252,P16,4ead8c76f9a97c769be81573836d9991,252,6.048443689223109,0.673300179551868,Seq2Trend,Normal,False,0.5,300,300,100,20,16,0.01,0.6,0.1,median,True,"[0.25, 0.5, 0.75]",False,P50,,False,42,1,combined_exp_arps,8,,default_group,UNISIM_IV_P16_Seq2Trend,UNISIM_IV,Seq2Trend,0.5227777777777778,0.43833333333333335,1.9222222222222223
UNISIM_IV_P16_Seq2Trend_trial_277,P16,f736262808e94d1b0418f153de0cfa81,277,6.048443689223109,0.673300179551868,Seq2Trend,Normal,False,0.5,300,300,100,20,16,0.01,0.6,0.1,median,True,"[0.25, 0.5, 0.75]",False,P50,,False,42,1,combined_exp_arps,8,,default_group,UNISIM_IV_P16_Seq2Trend,UNISIM_IV,Seq2Trend,0.5227777777777778,0.43833333333333335,1.9222222222222223
UNISIM_IV_P16_Seq2Trend_trial_268,P16,e4a0aecf7d529e5cec76d722b014228b,268,6.048443689223109,0.673300179551868,Seq2Trend,Normal,False,0.5,300,300,100,20,16,0.01,0.6,0.1,median,True,"[0.25, 0.5, 0.75]",False,P50,,False,42,1,combined_exp_arps,8,,default_group,UNISIM_IV_P16_Seq2Trend,UNISIM_IV,Seq2Trend,0.5227777777777778,0.43833333333333335,1.9222222222222223
UNISIM_IV_P16_Seq2Trend_trial_285,P16,6ebc582e86af3fb56a4cca15e97be858,285,6.048443689223109,0.673300179551868,Seq2Trend,Normal,False,0.5,300,300,100,20,16,0.01,0.6,0.1,median,True,"[0.25, 0.5, 0.75]",False,P50,,False,42,1,combined_exp_arps,8,,default_group,UNISIM_IV_P16_Seq2Trend,UNISIM_IV,Seq2Trend,0.5227777777777778,0.43833333333333335,1.9222222222222223
UNISIM_IV_P16_Seq2Trend_trial_275,P16,90fc32282d1560ef40d76c7334d71ef8,275,6.048443689223109,0.673300179551868,Seq2Trend,Normal,False,0.5,300,300,100,20,16,0.01,0.6,0.1,median,True,"[0.25, 0.5, 0.75]",False,P50,,False,42,1,combined_exp_arps,8,,default_group,UNISIM_IV_P16_Seq2Trend,UNISIM_IV,Seq2Trend,0.5227777777777778,0.43833333333333335,1.9222222222222223
UNISIM_IV_P16_Seq2Trend_trial_270,P16,2e5af43429ad0bcf2fb764fd8d904cfe,270,6.048443689223109,0.673300179551868,Seq2Trend,Normal,False,0.5,300,300,100,20,16,0.01,0.6,0.1,median,True,"[0.25, 0.5, 0.75]",False,P50,,False,42,1,combined_exp_arps,8,,default_group,UNISIM_IV_P16_Seq2Trend,UNISIM_IV,Seq2Trend,0.5227777777777778,0.43833333333333335,1.9222222222222223
UNISIM_IV_P16_Seq2Trend_trial_293,P16,efa4ac0b6520550b2c02de6e4312ef85,293,6.048443689223109,0.673300179551868,Seq2Trend,Normal,False,0.5,300,300,100,20,16,0.01,0.6,0.1,median,True,"[0.25, 0.5, 0.75]",False,P50,,False,42,1,combined_exp_arps,8,,default_group,UNISIM_IV_P16_Seq2Trend,UNISIM_IV,Seq2Trend,0.5227777777777778,0.43833333333333335,1.9222222222222223
UNISIM_IV_P16_Seq2Trend_trial_286,P16,066478216e6520a5e1f5597b449312b8,286,6.048443689223109,0.673300179551868,Seq2Trend,Normal,False,0.5,300,300,100,20,16,0.01,0.6,0.1,median,True,"[0.25, 0.5, 0.75]",False,P50,,False,42,1,combined_exp_arps,8,,default_group,UNISIM_IV_P16_Seq2Trend,UNISIM_IV,Seq2Trend,0.5227777777777778,0.43833333333333335,1.9222222222222223
UNISIM_IV_P16_Seq2Trend_trial_278,P16,276c14368dd5dafceddf527512f7ee6d,278,6.048443689223109,0.673300179551868,Seq2Trend,Normal,False,0.5,300,300,100,20,16,0.01,0.6,0.1,median,True,"[0.25, 0.5, 0.75]",False,P50,,False,42,1,combined_exp_arps,8,,default_group,UNISIM_IV_P16_Seq2Trend,UNISIM_IV,Seq2Trend,0.5227777777777778,0.43833333333333335,1.9222222222222223
UNISIM_IV_P16_Seq2Trend_trial_255,P16,51274739b237937a0c4dead931961a4e,255,6.048443689223109,0.673300179551868,Seq2Trend,Normal,False,0.5,300,300,100,20,16,0.01,0.6,0.1,median,True,"[0.25, 0.5, 0.75]",False,P50,,False,42,1,combined_exp_arps,8,,default_group,UNISIM_IV_P16_Seq2Trend,UNISIM_IV,Seq2Trend,0.5227777777777778,0.43833333333333335,1.9222222222222223
UNISIM_IV_P16_Seq2Trend_trial_254,P16,2d0110a9067c7a5daa81c1b6bcc810ad,254,6.048443689223109,0.673300179551868,Seq2Trend,Normal,False,0.5,300,300,100,20,16,0.01,0.6,0.1,median,True,"[0.25, 0.5, 0.75]",False,P50,,False,42,1,combined_exp_arps,8,,default_group,UNISIM_IV_P16_Seq2Trend,UNISIM_IV,Seq2Trend,0.5227777777777778,0.43833333333333335,1.9222222222222223
UNISIM_IV_P16_Seq2Trend_trial_161,P16,c1ed4a4f38244d0b32a220165d87218d,161,6.060954017503725,0.6659804659905357,Seq2Trend,Normal,False,0.99,300,300,50,20,8,0.005,0.6,0.1,median,True,"[0.25, 0.5, 0.75]",False,P50,,False,42,1,static,3,,default_group,UNISIM_IV_P16_Seq2Trend,UNISIM_IV,Seq2Trend,0.48055555555555557,0.48444444444444446,1.9300000000000002
UNISIM_IV_P16_Seq2Trend_trial_197,P16,66d70a0a076a4771f142f4fa4454e476,197,6.060954017503725,0.6659804659905357,Seq2Trend,Normal,False,0.99,300,300,50,20,8,0.005,0.6,0.1,median,True,"[0.25, 0.5, 0.75]",False,P50,,False,42,1,static,3,,default_group,UNISIM_IV_P16_Seq2Trend,UNISIM_IV,Seq2Trend,0.48055555555555557,0.48444444444444446,1.9300000000000002
UNISIM_IV_P16_Seq2Trend_trial_230,P16,70075ac6186d66047d0de8b0b5ce93f1,230,6.060954017503725,0.6659804659905357,Seq2Trend,Normal,False,0.99,300,300,50,20,8,0.005,0.6,0.1,median,True,"[0.25, 0.5, 0.75]",False,P50,,False,42,1,static,3,,default_group,UNISIM_IV_P16_Seq2Trend,UNISIM_IV,Seq2Trend,0.48055555555555557,0.48444444444444446,1.9300000000000002
UNISIM_IV_P16_Seq2Trend_trial_247,P16,f01ddb175eca94834e268dc8d8288b2a,247,6.060954017503725,0.6659804659905357,Seq2Trend,Normal,False,0.99,300,300,50,20,8,0.005,0.6,0.1,median,True,"[0.25, 0.5, 0.75]",False,P50,,False,42,1,static,3,,default_group,UNISIM_IV_P16_Seq2Trend,UNISIM_IV,Seq2Trend,0.48055555555555557,0.48444444444444446,1.9300000000000002
UNISIM_IV_P16_Seq2Trend_trial_181,P16,55e0e19326e9d1a46a78970abf0932e9,181,6.060954017503725,0.6659804659905357,Seq2Trend,Normal,False,0.99,300,300,50,20,8,0.005,0.6,0.1,median,True,"[0.25, 0.5, 0.75]",False,P50,,False,42,1,static,3,,default_group,UNISIM_IV_P16_Seq2Trend,UNISIM_IV,Seq2Trend,0.48055555555555557,0.48444444444444446,1.9300000000000002
UNISIM_IV_P16_Seq2Trend_trial_152,P16,633be1492a8a67d42f538cb424c749a1,152,6.060954017503725,0.6659804659905357,Seq2Trend,Normal,False,0.99,300,300,50,20,8,0.005,0.6,0.1,median,True,"[0.25, 0.5, 0.75]",False,P50,,False,42,1,static,3,,default_group,UNISIM_IV_P16_Seq2Trend,UNISIM_IV,Seq2Trend,0.48055555555555557,0.48444444444444446,1.9300000000000002
UNISIM_IV_P16_Seq2Trend_trial_217,P16,75389765ee130433a159bdfcf2b68fcd,217,6.060954017503725,0.6659804659905357,Seq2Trend,Normal,False,0.99,300,300,50,20,8,0.005,0.6,0.1,median,True,"[0.25, 0.5, 0.75]",False,P50,,False,42,1,static,3,,default_group,UNISIM_IV_P16_Seq2Trend,UNISIM_IV,Seq2Trend,0.48055555555555557,0.48444444444444446,1.9300000000000002
UNISIM_IV_P16_Seq2Trend_trial_190,P16,a3df930ee45f69f45d9a77225dbb5661,190,6.060954017503725,0.6659804659905357,Seq2Trend,Normal,False,0.99,300,300,50,20,8,0.005,0.6,0.1,median,True,"[0.25, 0.5, 0.75]",False,P50,,False,42,1,static,3,,default_group,UNISIM_IV_P16_Seq2Trend,UNISIM_IV,Seq2Trend,0.48055555555555557,0.48444444444444446,1.9300000000000002
UNISIM_IV_P16_Seq2Trend_trial_175,P16,3b1e5aa00203e3208000907f78886c1d,175,6.060954017503725,0.6659804659905357,Seq2Trend,Normal,False,0.99,300,300,50,20,8,0.005,0.6,0.1,median,True,"[0.25, 0.5, 0.75]",False,P50,,False,42,1,static,3,,default_group,UNISIM_IV_P16_Seq2Trend,UNISIM_IV,Seq2Trend,0.48055555555555557,0.48444444444444446,1.9300000000000002
UNISIM_IV_P16_Seq2Trend_trial_177,P16,0cc1d231ce44c3866062ab1ea0a22b86,177,6.060954017503725,0.6659804659905357,Seq2Trend,Normal,False,0.99,300,300,50,20,8,0.005,0.6,0.1,median,True,"[0.25, 0.5, 0.75]",False,P50,,False,42,1,static,3,,default_group,UNISIM_IV_P16_Seq2Trend,UNISIM_IV,Seq2Trend,0.48055555555555557,0.48444444444444446,1.9300000000000002
UNISIM_IV_P16_Seq2Trend_trial_207,P16,0ae0d5ce344f4ee5cd3ed9ac68295278,207,6.060954017503725,0.6659804659905357,Seq2Trend,Normal,False,0.99,300,300,50,20,8,0.005,0.6,0.1,median,True,"[0.25, 0.5, 0.75]",False,P50,,False,42,1,static,3,,default_group,UNISIM_IV_P16_Seq2Trend,UNISIM_IV,Seq2Trend,0.48055555555555557,0.48444444444444446,1.9300000000000002
UNISIM_IV_P16_Seq2Trend_trial_173,P16,a61668213b71d1f1749144568ecda254,173,6.060954017503725,0.6659804659905357,Seq2Trend,Normal,False,0.99,300,300,50,20,8,0.005,0.6,0.1,median,True,"[0.25, 0.5, 0.75]",False,P50,,False,42,1,static,3,,default_group,UNISIM_IV_P16_Seq2Trend,UNISIM_IV,Seq2Trend,0.48055555555555557,0.48444444444444446,1.9300000000000002
UNISIM_IV_P16_Seq2Trend_trial_199,P16,f8779c79515a31affcebc9937f8ed660,199,6.060954017503725,0.6659804659905357,Seq2Trend,Normal,False,0.99,300,300,50,20,8,0.005,0.6,0.1,median,True,"[0.25, 0.5, 0.75]",False,P50,,False,42,1,static,3,,default_group,UNISIM_IV_P16_Seq2Trend,UNISIM_IV,Seq2Trend,0.48055555555555557,0.48444444444444446,1.9300000000000002
UNISIM_IV_P16_Seq2Trend_trial_165,P16,f5ace2c9a0eea968d152b945807e2a19,165,6.060954017503725,0.6659804659905357,Seq2Trend,Normal,False,0.99,300,300,50,20,8,0.005,0.6,0.1,median,True,"[0.25, 0.5, 0.75]",False,P50,,False,42,1,static,3,,default_group,UNISIM_IV_P16_Seq2Trend,UNISIM_IV,Seq2Trend,0.48055555555555557,0.48444444444444446,1.9300000000000002
UNISIM_IV_P16_Seq2Trend_trial_246,P16,c83d0159cd9ee791f917fbaf164a2169,246,6.060954017503725,0.6659804659905357,Seq2Trend,Normal,False,0.99,300,300,50,20,8,0.005,0.6,0.1,median,True,"[0.25, 0.5, 0.75]",False,P50,,False,42,1,static,3,,default_group,UNISIM_IV_P16_Seq2Trend,UNISIM_IV,Seq2Trend,0.48055555555555557,0.48444444444444446,1.9300000000000002
UNISIM_IV_P16_Seq2Trend_trial_243,P16,45c073dce19af7c80b6b1c16868eaf6c,243,6.060954017503725,0.6659804659905357,Seq2Trend,Normal,False,0.99,300,300,50,20,8,0.005,0.6,0.1,median,True,"[0.25, 0.5, 0.75]",False,P50,,False,42,1,static,3,,default_group,UNISIM_IV_P16_Seq2Trend,UNISIM_IV,Seq2Trend,0.48055555555555557,0.48444444444444446,1.9300000000000002
UNISIM_IV_P16_Seq2Trend_trial_218,P16,a2731d6b382ab6cadafb3d9e5b03f6d6,218,6.060954017503725,0.6659804659905357,Seq2Trend,Normal,False,0.99,300,300,50,20,8,0.005,0.6,0.1,median,True,"[0.25, 0.5, 0.75]",False,P50,,False,42,1,static,3,,default_group,UNISIM_IV_P16_Seq2Trend,UNISIM_IV,Seq2Trend,0.48055555555555557,0.48444444444444446,1.9300000000000002
UNISIM_IV_P16_Seq2Trend_trial_196,P16,51d407eea14d1469be83a1a577281e6c,196,6.060954017503725,0.6659804659905357,Seq2Trend,Normal,False,0.99,300,300,50,20,8,0.005,0.6,0.1,median,True,"[0.25, 0.5, 0.75]",False,P50,,False,42,1,static,3,,default_group,UNISIM_IV_P16_Seq2Trend,UNISIM_IV,Seq2Trend,0.48055555555555557,0.48444444444444446,1.9300000000000002
UNISIM_IV_P16_Seq2Trend_trial_188,P16,b16deac2704b90eaa0361ef4ba4c7915,188,6.060954017503725,0.6659804659905357,Seq2Trend,Normal,False,0.99,300,300,50,20,8,0.005,0.6,0.1,median,True,"[0.25, 0.5, 0.75]",False,P50,,False,42,1,static,3,,default_group,UNISIM_IV_P16_Seq2Trend,UNISIM_IV,Seq2Trend,0.48055555555555557,0.48444444444444446,1.9300000000000002
UNISIM_IV_P16_Seq2Trend_trial_236,P16,fc94de2287c59ff9abdafeb34bc41db4,236,6.060954017503725,0.6659804659905357,Seq2Trend,Normal,False,0.99,300,300,50,20,8,0.005,0.6,0.1,median,True,"[0.25, 0.5, 0.75]",False,P50,,False,42,1,static,3,,default_group,UNISIM_IV_P16_Seq2Trend,UNISIM_IV,Seq2Trend,0.48055555555555557,0.48444444444444446,1.9300000000000002
UNISIM_IV_P16_Seq2Trend_trial_176,P16,6940d5f8448f57ba69e909d06f38fb8d,176,6.060954017503725,0.6659804659905357,Seq2Trend,Normal,False,0.99,300,300,50,20,8,0.005,0.6,0.1,median,True,"[0.25, 0.5, 0.75]",False,P50,,False,42,1,static,3,,default_group,UNISIM_IV_P16_Seq2Trend,UNISIM_IV,Seq2Trend,0.48055555555555557,0.48444444444444446,1.9300000000000002
UNISIM_IV_P16_Seq2Trend_trial_206,P16,e5f752b4f1106c6f9867210529313cb9,206,6.060954017503725,0.6659804659905357,Seq2Trend,Normal,False,0.99,300,300,50,20,8,0.005,0.6,0.1,median,True,"[0.25, 0.5, 0.75]",False,P50,,False,42,1,static,3,,default_group,UNISIM_IV_P16_Seq2Trend,UNISIM_IV,Seq2Trend,0.48055555555555557,0.48444444444444446,1.9300000000000002
UNISIM_IV_P16_Seq2Trend_trial_211,P16,be4928a518527b01de3f8207db2df926,211,6.060954017503725,0.6659804659905357,Seq2Trend,Normal,False,0.99,300,300,50,20,8,0.005,0.6,0.1,median,True,"[0.25, 0.5, 0.75]",False,P50,,False,42,1,static,3,,default_group,UNISIM_IV_P16_Seq2Trend,UNISIM_IV,Seq2Trend,0.48055555555555557,0.48444444444444446,1.9300000000000002
UNISIM_IV_P16_Seq2Trend_trial_151,P16,62929eebc2142b97e26f237ad6eaec1a,151,6.060954017503725,0.6659804659905357,Seq2Trend,Normal,False,0.99,300,300,50,20,8,0.005,0.6,0.1,median,True,"[0.25, 0.5, 0.75]",False,P50,,False,42,1,static,3,,default_group,UNISIM_IV_P16_Seq2Trend,UNISIM_IV,Seq2Trend,0.48055555555555557,0.48444444444444446,1.9300000000000002
UNISIM_IV_P16_Seq2Trend_trial_171,P16,2a35b84bfdb04014f4a86591eaf97a97,171,6.060954017503725,0.6659804659905357,Seq2Trend,Normal,False,0.99,300,300,50,20,8,0.005,0.6,0.1,median,True,"[0.25, 0.5, 0.75]",False,P50,,False,42,1,static,3,,default_group,UNISIM_IV_P16_Seq2Trend,UNISIM_IV,Seq2Trend,0.48055555555555557,0.48444444444444446,1.9300000000000002
UNISIM_IV_P16_Seq2Trend_trial_209,P16,667c0ecebb7f94c743abc94eb442e443,209,6.060954017503725,0.6659804659905357,Seq2Trend,Normal,False,0.99,300,300,50,20,8,0.005,0.6,0.1,median,True,"[0.25, 0.5, 0.75]",False,P50,,False,42,1,static,3,,default_group,UNISIM_IV_P16_Seq2Trend,UNISIM_IV,Seq2Trend,0.48055555555555557,0.48444444444444446,1.9300000000000002
UNISIM_IV_P16_Seq2Trend_trial_150,P16,e0d2c9801934e129f64b8668a67ce500,150,6.060954017503725,0.6659804659905357,Seq2Trend,Normal,False,0.99,300,300,50,20,8,0.005,0.6,0.1,median,True,"[0.25, 0.5, 0.75]",False,P50,,False,42,1,static,3,,default_group,UNISIM_IV_P16_Seq2Trend,UNISIM_IV,Seq2Trend,0.48055555555555557,0.48444444444444446,1.9300000000000002
UNISIM_IV_P16_Seq2Trend_trial_249,P16,ffa9974ca2627cb37659b5394be5b230,249,6.060954017503725,0.6659804659905357,Seq2Trend,Normal,False,0.99,300,300,50,20,8,0.005,0.6,0.1,median,True,"[0.25, 0.5, 0.75]",False,P50,,False,42,1,static,3,,default_group,UNISIM_IV_P16_Seq2Trend,UNISIM_IV,Seq2Trend,0.48055555555555557,0.48444444444444446,1.9300000000000002
UNISIM_IV_P16_Seq2Trend_trial_200,P16,eebd33556fe9ce2537fb7ac50a4e4e4d,200,6.060954017503725,0.6659804659905357,Seq2Trend,Normal,False,0.99,300,300,50,20,8,0.005,0.6,0.1,median,True,"[0.25, 0.5, 0.75]",False,P50,,False,42,1,static,3,,default_group,UNISIM_IV_P16_Seq2Trend,UNISIM_IV,Seq2Trend,0.48055555555555557,0.48444444444444446,1.9300000000000002
UNISIM_IV_P16_Seq2Trend_trial_195,P16,d8bb55ce4e877522006af142e5805c01,195,6.060954017503725,0.6659804659905357,Seq2Trend,Normal,False,0.99,300,300,50,20,8,0.005,0.6,0.1,median,True,"[0.25, 0.5, 0.75]",False,P50,,False,42,1,static,3,,default_group,UNISIM_IV_P16_Seq2Trend,UNISIM_IV,Seq2Trend,0.48055555555555557,0.48444444444444446,1.9300000000000002
UNISIM_IV_P16_Seq2Trend_trial_170,P16,913da95b2cc49bc54d5fe75751a21969,170,6.060954017503725,0.6659804659905357,Seq2Trend,Normal,False,0.99,300,300,50,20,8,0.005,0.6,0.1,median,True,"[0.25, 0.5, 0.75]",False,P50,,False,42,1,static,3,,default_group,UNISIM_IV_P16_Seq2Trend,UNISIM_IV,Seq2Trend,0.48055555555555557,0.48444444444444446,1.9300000000000002
UNISIM_IV_P16_Seq2Trend_trial_221,P16,b24511e08cbee50300bc9baed6becc5e,221,6.060954017503725,0.6659804659905357,Seq2Trend,Normal,False,0.99,300,300,50,20,8,0.005,0.6,0.1,median,True,"[0.25, 0.5, 0.75]",False,P50,,False,42,1,static,3,,default_group,UNISIM_IV_P16_Seq2Trend,UNISIM_IV,Seq2Trend,0.48055555555555557,0.48444444444444446,1.9300000000000002
UNISIM_IV_P16_Seq2Trend_trial_164,P16,c50e49cb4fe8f29db90c35a673b4b280,164,6.060954017503725,0.6659804659905357,Seq2Trend,Normal,False,0.99,300,300,50,20,8,0.005,0.6,0.1,median,True,"[0.25, 0.5, 0.75]",False,P50,,False,42,1,static,3,,default_group,UNISIM_IV_P16_Seq2Trend,UNISIM_IV,Seq2Trend,0.48055555555555557,0.48444444444444446,1.9300000000000002
UNISIM_IV_P16_Seq2Trend_trial_160,P16,6a8e1545f6678ba0925562ea6a7fa6a3,160,6.060954017503725,0.6659804659905357,Seq2Trend,Normal,False,0.99,300,300,50,20,8,0.005,0.6,0.1,median,True,"[0.25, 0.5, 0.75]",False,P50,,False,42,1,static,3,,default_group,UNISIM_IV_P16_Seq2Trend,UNISIM_IV,Seq2Trend,0.48055555555555557,0.48444444444444446,1.9300000000000002
UNISIM_IV_P16_Seq2Trend_trial_238,P16,e6f90e34a6df3346903dc4177c0d7418,238,6.060954017503725,0.6659804659905357,Seq2Trend,Normal,False,0.99,300,300,50,20,8,0.005,0.6,0.1,median,True,"[0.25, 0.5, 0.75]",False,P50,,False,42,1,static,3,,default_group,UNISIM_IV_P16_Seq2Trend,UNISIM_IV,Seq2Trend,0.48055555555555557,0.48444444444444446,1.9300000000000002
UNISIM_IV_P16_Seq2Trend_trial_237,P16,a1b9b9f4fb937da83a85b680e25a2ee9,237,6.060954017503725,0.6659804659905357,Seq2Trend,Normal,False,0.99,300,300,50,20,8,0.005,0.6,0.1,median,True,"[0.25, 0.5, 0.75]",False,P50,,False,42,1,static,3,,default_group,UNISIM_IV_P16_Seq2Trend,UNISIM_IV,Seq2Trend,0.48055555555555557,0.48444444444444446,1.9300000000000002
UNISIM_IV_P16_Seq2Trend_trial_178,P16,7fbd85e398485fc3f22af5a3ec69edb7,178,6.060954017503725,0.6659804659905357,Seq2Trend,Normal,False,0.99,300,300,50,20,8,0.005,0.6,0.1,median,True,"[0.25, 0.5, 0.75]",False,P50,,False,42,1,static,3,,default_group,UNISIM_IV_P16_Seq2Trend,UNISIM_IV,Seq2Trend,0.48055555555555557,0.48444444444444446,1.9300000000000002
UNISIM_IV_P16_Seq2Trend_trial_156,P16,6c0f042a955ed6333d4268a75b7559b3,156,6.060954017503725,0.6659804659905357,Seq2Trend,Normal,False,0.99,300,300,50,20,8,0.005,0.6,0.1,median,True,"[0.25, 0.5, 0.75]",False,P50,,False,42,1,static,3,,default_group,UNISIM_IV_P16_Seq2Trend,UNISIM_IV,Seq2Trend,0.48055555555555557,0.48444444444444446,1.9300000000000002
UNISIM_IV_P16_Seq2Trend_trial_235,P16,8098d10c41e989b4c028f83598f0447d,235,6.060954017503725,0.6659804659905357,Seq2Trend,Normal,False,0.99,300,300,50,20,8,0.005,0.6,0.1,median,True,"[0.25, 0.5, 0.75]",False,P50,,False,42,1,static,3,,default_group,UNISIM_IV_P16_Seq2Trend,UNISIM_IV,Seq2Trend,0.48055555555555557,0.48444444444444446,1.9300000000000002
UNISIM_IV_P16_Seq2Trend_trial_208,P16,53b20366bc39c82c3643e23168025597,208,6.060954017503725,0.6659804659905357,Seq2Trend,Normal,False,0.99,300,300,50,20,8,0.005,0.6,0.1,median,True,"[0.25, 0.5, 0.75]",False,P50,,False,42,1,static,3,,default_group,UNISIM_IV_P16_Seq2Trend,UNISIM_IV,Seq2Trend,0.48055555555555557,0.48444444444444446,1.9300000000000002
UNISIM_IV_P16_Seq2Trend_trial_226,P16,4d5a58914ed8b4953b2f4f917956e352,226,6.060954017503725,0.6659804659905357,Seq2Trend,Normal,False,0.99,300,300,50,20,8,0.005,0.6,0.1,median,True,"[0.25, 0.5, 0.75]",False,P50,,False,42,1,static,3,,default_group,UNISIM_IV_P16_Seq2Trend,UNISIM_IV,Seq2Trend,0.48055555555555557,0.48444444444444446,1.9300000000000002
UNISIM_IV_P16_Seq2Trend_trial_224,P16,e0bebbf08a04f2be9bba3a8332e6a9c3,224,6.060954017503725,0.6659804659905357,Seq2Trend,Normal,False,0.99,300,300,50,20,8,0.005,0.6,0.1,median,True,"[0.25, 0.5, 0.75]",False,P50,,False,42,1,static,3,,default_group,UNISIM_IV_P16_Seq2Trend,UNISIM_IV,Seq2Trend,0.48055555555555557,0.48444444444444446,1.9300000000000002
UNISIM_IV_P16_Seq2Trend_trial_172,P16,4baae60a4b1561dc356f06b89906a4c2,172,6.060954017503725,0.6659804659905357,Seq2Trend,Normal,False,0.99,300,300,50,20,8,0.005,0.6,0.1,median,True,"[0.25, 0.5, 0.75]",False,P50,,False,42,1,static,3,,default_group,UNISIM_IV_P16_Seq2Trend,UNISIM_IV,Seq2Trend,0.48055555555555557,0.48444444444444446,1.9300000000000002
UNISIM_IV_P16_Seq2Trend_trial_187,P16,8ae6649389611c6c63563c5173797a00,187,6.060954017503725,0.6659804659905357,Seq2Trend,Normal,False,0.99,300,300,50,20,8,0.005,0.6,0.1,median,True,"[0.25, 0.5, 0.75]",False,P50,,False,42,1,static,3,,default_group,UNISIM_IV_P16_Seq2Trend,UNISIM_IV,Seq2Trend,0.48055555555555557,0.48444444444444446,1.9300000000000002
UNISIM_IV_P16_Seq2Trend_trial_248,P16,19e6d4ca394fd038706a6c506e0b3133,248,6.060954017503725,0.6659804659905357,Seq2Trend,Normal,False,0.99,300,300,50,20,8,0.005,0.6,0.1,median,True,"[0.25, 0.5, 0.75]",False,P50,,False,42,1,static,3,,default_group,UNISIM_IV_P16_Seq2Trend,UNISIM_IV,Seq2Trend,0.48055555555555557,0.48444444444444446,1.9300000000000002
UNISIM_IV_P16_Seq2Trend_trial_193,P16,03150efd7fc4edebf640ddf3bcd7a384,193,6.060954017503725,0.6659804659905357,Seq2Trend,Normal,False,0.99,300,300,50,20,8,0.005,0.6,0.1,median,True,"[0.25, 0.5, 0.75]",False,P50,,False,42,1,static,3,,default_group,UNISIM_IV_P16_Seq2Trend,UNISIM_IV,Seq2Trend,0.48055555555555557,0.48444444444444446,1.9300000000000002
UNISIM_IV_P16_Seq2Trend_trial_242,P16,0d8394507cb33f9cf35992a20cc50245,242,6.060954017503725,0.6659804659905357,Seq2Trend,Normal,False,0.99,300,300,50,20,8,0.005,0.6,0.1,median,True,"[0.25, 0.5, 0.75]",False,P50,,False,42,1,static,3,,default_group,UNISIM_IV_P16_Seq2Trend,UNISIM_IV,Seq2Trend,0.48055555555555557,0.48444444444444446,1.9300000000000002
UNISIM_IV_P16_Seq2Trend_trial_189,P16,564b331d9a006769d50d63724c448b98,189,6.060954017503725,0.6659804659905357,Seq2Trend,Normal,False,0.99,300,300,50,20,8,0.005,0.6,0.1,median,True,"[0.25, 0.5, 0.75]",False,P50,,False,42,1,static,3,,default_group,UNISIM_IV_P16_Seq2Trend,UNISIM_IV,Seq2Trend,0.48055555555555557,0.48444444444444446,1.9300000000000002
UNISIM_IV_P16_Seq2Trend_trial_167,P16,769514fc5241498c283c1ddace70efd4,167,6.060954017503725,0.6659804659905357,Seq2Trend,Normal,False,0.99,300,300,50,20,8,0.005,0.6,0.1,median,True,"[0.25, 0.5, 0.75]",False,P50,,False,42,1,static,3,,default_group,UNISIM_IV_P16_Seq2Trend,UNISIM_IV,Seq2Trend,0.48055555555555557,0.48444444444444446,1.9300000000000002
UNISIM_IV_P16_Seq2Trend_trial_153,P16,828664594238d957c9f846092ab3db85,153,6.060954017503725,0.6659804659905357,Seq2Trend,Normal,False,0.99,300,300,50,20,8,0.005,0.6,0.1,median,True,"[0.25, 0.5, 0.75]",False,P50,,False,42,1,static,3,,default_group,UNISIM_IV_P16_Seq2Trend,UNISIM_IV,Seq2Trend,0.48055555555555557,0.48444444444444446,1.9300000000000002
UNISIM_IV_P16_Seq2Trend_trial_205,P16,a20f2929abf9008632d6e3074d639e75,205,6.060954017503725,0.6659804659905357,Seq2Trend,Normal,False,0.99,300,300,50,20,8,0.005,0.6,0.1,median,True,"[0.25, 0.5, 0.75]",False,P50,,False,42,1,static,3,,default_group,UNISIM_IV_P16_Seq2Trend,UNISIM_IV,Seq2Trend,0.48055555555555557,0.48444444444444446,1.9300000000000002
UNISIM_IV_P16_Seq2Trend_trial_186,P16,cda88ee9aff923b1f358dcaaee1eaa6a,186,6.060954017503725,0.6659804659905357,Seq2Trend,Normal,False,0.99,300,300,50,20,8,0.005,0.6,0.1,median,True,"[0.25, 0.5, 0.75]",False,P50,,False,42,1,static,3,,default_group,UNISIM_IV_P16_Seq2Trend,UNISIM_IV,Seq2Trend,0.48055555555555557,0.48444444444444446,1.9300000000000002
UNISIM_IV_P16_Seq2Trend_trial_201,P16,ad9c932848676a509bcb27cc3ea6273c,201,6.060954017503725,0.6659804659905357,Seq2Trend,Normal,False,0.99,300,300,50,20,8,0.005,0.6,0.1,median,True,"[0.25, 0.5, 0.75]",False,P50,,False,42,1,static,3,,default_group,UNISIM_IV_P16_Seq2Trend,UNISIM_IV,Seq2Trend,0.48055555555555557,0.48444444444444446,1.9300000000000002
UNISIM_IV_P16_Seq2Trend_trial_179,P16,0c6d2550637bbfbe7e5ef6cb2479ce7c,179,6.060954017503725,0.6659804659905357,Seq2Trend,Normal,False,0.99,300,300,50,20,8,0.005,0.6,0.1,median,True,"[0.25, 0.5, 0.75]",False,P50,,False,42,1,static,3,,default_group,UNISIM_IV_P16_Seq2Trend,UNISIM_IV,Seq2Trend,0.48055555555555557,0.48444444444444446,1.9300000000000002
UNISIM_IV_P16_Seq2Trend_trial_191,P16,018fa3e025059be936ebd58840af6a9b,191,6.060954017503725,0.6659804659905357,Seq2Trend,Normal,False,0.99,300,300,50,20,8,0.005,0.6,0.1,median,True,"[0.25, 0.5, 0.75]",False,P50,,False,42,1,static,3,,default_group,UNISIM_IV_P16_Seq2Trend,UNISIM_IV,Seq2Trend,0.48055555555555557,0.48444444444444446,1.9300000000000002
UNISIM_IV_P16_Seq2Trend_trial_234,P16,86139eb424983a5dd34f4089bbf48796,234,6.060954017503725,0.6659804659905357,Seq2Trend,Normal,False,0.99,300,300,50,20,8,0.005,0.6,0.1,median,True,"[0.25, 0.5, 0.75]",False,P50,,False,42,1,static,3,,default_group,UNISIM_IV_P16_Seq2Trend,UNISIM_IV,Seq2Trend,0.48055555555555557,0.48444444444444446,1.9300000000000002
UNISIM_IV_P16_Seq2Trend_trial_157,P16,d53a4ad7ace27ecd6abea4dd3f8577ef,157,6.060954017503725,0.6659804659905357,Seq2Trend,Normal,False,0.99,300,300,50,20,8,0.005,0.6,0.1,median,True,"[0.25, 0.5, 0.75]",False,P50,,False,42,1,static,3,,default_group,UNISIM_IV_P16_Seq2Trend,UNISIM_IV,Seq2Trend,0.48055555555555557,0.48444444444444446,1.9300000000000002
UNISIM_IV_P16_Seq2Trend_trial_223,P16,cb913e34ad624c95214e51c630b8d554,223,6.060954017503725,0.6659804659905357,Seq2Trend,Normal,False,0.99,300,300,50,20,8,0.005,0.6,0.1,median,True,"[0.25, 0.5, 0.75]",False,P50,,False,42,1,static,3,,default_group,UNISIM_IV_P16_Seq2Trend,UNISIM_IV,Seq2Trend,0.48055555555555557,0.48444444444444446,1.9300000000000002
UNISIM_IV_P16_Seq2Trend_trial_215,P16,61d3b01915808d4052c9e10421512c97,215,6.060954017503725,0.6659804659905357,Seq2Trend,Normal,False,0.99,300,300,50,20,8,0.005,0.6,0.1,median,True,"[0.25, 0.5, 0.75]",False,P50,,False,42,1,static,3,,default_group,UNISIM_IV_P16_Seq2Trend,UNISIM_IV,Seq2Trend,0.48055555555555557,0.48444444444444446,1.9300000000000002
UNISIM_IV_P16_Seq2Trend_trial_233,P16,86eb8ddb53e21c5024175c29eb51ffc8,233,6.060954017503725,0.6659804659905357,Seq2Trend,Normal,False,0.99,300,300,50,20,8,0.005,0.6,0.1,median,True,"[0.25, 0.5, 0.75]",False,P50,,False,42,1,static,2,,default_group,UNISIM_IV_P16_Seq2Trend,UNISIM_IV,Seq2Trend,0.48055555555555557,0.48444444444444446,1.9300000000000002
UNISIM_IV_P16_Seq2Trend_trial_163,P16,d45780bffa95a0e93b304d71e0da2dd8,163,6.060954017503725,0.6659804659905357,Seq2Trend,Normal,False,0.99,300,300,50,20,8,0.005,0.6,0.1,median,True,"[0.25, 0.5, 0.75]",False,P50,,False,42,1,static,3,,default_group,UNISIM_IV_P16_Seq2Trend,UNISIM_IV,Seq2Trend,0.48055555555555557,0.48444444444444446,1.9300000000000002
UNISIM_IV_P16_Seq2Trend_trial_213,P16,a04331593594b9ff88fc2ec6d0c45109,213,6.060954017503725,0.6659804659905357,Seq2Trend,Normal,False,0.99,300,300,50,20,8,0.005,0.6,0.1,median,True,"[0.25, 0.5, 0.75]",False,P50,,False,42,1,static,3,,default_group,UNISIM_IV_P16_Seq2Trend,UNISIM_IV,Seq2Trend,0.48055555555555557,0.48444444444444446,1.9300000000000002
UNISIM_IV_P16_Seq2Trend_trial_155,P16,f848d78ab00a36b125f7163ced640aa9,155,6.060954017503725,0.6659804659905357,Seq2Trend,Normal,False,0.99,300,300,50,20,8,0.005,0.6,0.1,median,True,"[0.25, 0.5, 0.75]",False,P50,,False,42,1,static,3,,default_group,UNISIM_IV_P16_Seq2Trend,UNISIM_IV,Seq2Trend,0.48055555555555557,0.48444444444444446,1.9300000000000002
UNISIM_IV_P16_Seq2Trend_trial_212,P16,2f06464c6aa1aa3a74dd7dc3fcd8930a,212,6.060954017503725,0.6659804659905357,Seq2Trend,Normal,False,0.99,300,300,50,20,8,0.005,0.6,0.1,median,True,"[0.25, 0.5, 0.75]",False,P50,,False,42,1,static,3,,default_group,UNISIM_IV_P16_Seq2Trend,UNISIM_IV,Seq2Trend,0.48055555555555557,0.48444444444444446,1.9300000000000002
UNISIM_IV_P16_Seq2Trend_trial_184,P16,80d770a21d3c4a18055be3cdd53b79f2,184,6.060954017503725,0.6659804659905357,Seq2Trend,Normal,False,0.99,300,300,50,20,8,0.005,0.6,0.1,median,True,"[0.25, 0.5, 0.75]",False,P50,,False,42,1,static,3,,default_group,UNISIM_IV_P16_Seq2Trend,UNISIM_IV,Seq2Trend,0.48055555555555557,0.48444444444444446,1.9300000000000002
UNISIM_IV_P16_Seq2Trend_trial_159,P16,d2488affc3964ae5a13fd2e2c1ed9870,159,6.060954017503725,0.6659804659905357,Seq2Trend,Normal,False,0.99,300,300,50,20,8,0.005,0.6,0.1,median,True,"[0.25, 0.5, 0.75]",False,P50,,False,42,1,static,3,,default_group,UNISIM_IV_P16_Seq2Trend,UNISIM_IV,Seq2Trend,0.48055555555555557,0.48444444444444446,1.9300000000000002
UNISIM_IV_P16_Seq2Trend_trial_225,P16,9ffef8db06cd4e4259afe7564cc1ec2f,225,6.060954017503725,0.6659804659905357,Seq2Trend,Normal,False,0.99,300,300,50,20,8,0.005,0.6,0.1,median,True,"[0.25, 0.5, 0.75]",False,P50,,False,42,1,static,3,,default_group,UNISIM_IV_P16_Seq2Trend,UNISIM_IV,Seq2Trend,0.48055555555555557,0.48444444444444446,1.9300000000000002
UNISIM_IV_P16_Seq2Trend_trial_185,P16,df630128cf587408711a087eb36f323e,185,6.060954017503725,0.6659804659905357,Seq2Trend,Normal,False,0.99,300,300,50,20,8,0.005,0.6,0.1,median,True,"[0.25, 0.5, 0.75]",False,P50,,False,42,1,static,3,,default_group,UNISIM_IV_P16_Seq2Trend,UNISIM_IV,Seq2Trend,0.48055555555555557,0.48444444444444446,1.9300000000000002
UNISIM_IV_P16_Seq2Trend_trial_232,P16,70cb226e1d92ad0588c031f6eb9817a0,232,6.060954017503725,0.6659804659905357,Seq2Trend,Normal,False,0.99,300,300,50,20,8,0.005,0.6,0.1,median,True,"[0.25, 0.5, 0.75]",False,P50,,False,42,1,static,3,,default_group,UNISIM_IV_P16_Seq2Trend,UNISIM_IV,Seq2Trend,0.48055555555555557,0.48444444444444446,1.9300000000000002
UNISIM_IV_P16_Seq2Trend_trial_166,P16,29b724cf92e98842dcd69d15dc9e2f2f,166,6.060954017503725,0.6659804659905357,Seq2Trend,Normal,False,0.99,300,300,50,20,8,0.005,0.6,0.1,median,True,"[0.25, 0.5, 0.75]",False,P50,,False,42,1,static,3,,default_group,UNISIM_IV_P16_Seq2Trend,UNISIM_IV,Seq2Trend,0.48055555555555557,0.48444444444444446,1.9300000000000002
UNISIM_IV_P16_Seq2Trend_trial_241,P16,34a86fe7926154d5599b8d98b3ad01f1,241,6.060954017503725,0.6659804659905357,Seq2Trend,Normal,False,0.99,300,300,50,20,8,0.005,0.6,0.1,median,True,"[0.25, 0.5, 0.75]",False,P50,,False,42,1,static,3,,default_group,UNISIM_IV_P16_Seq2Trend,UNISIM_IV,Seq2Trend,0.48055555555555557,0.48444444444444446,1.9300000000000002
UNISIM_IV_P16_Seq2Trend_trial_204,P16,828e0b5105b3e4a0552a5e6a65e6f6d4,204,6.060954017503725,0.6659804659905357,Seq2Trend,Normal,False,0.99,300,300,50,20,8,0.005,0.6,0.1,median,True,"[0.25, 0.5, 0.75]",False,P50,,False,42,1,static,3,,default_group,UNISIM_IV_P16_Seq2Trend,UNISIM_IV,Seq2Trend,0.48055555555555557,0.48444444444444446,1.9300000000000002
UNISIM_IV_P16_Seq2Trend_trial_194,P16,d6a6a7f70018e2c2c3c91974b8d43de1,194,6.060954017503725,0.6659804659905357,Seq2Trend,Normal,False,0.99,300,300,50,20,8,0.005,0.6,0.1,median,True,"[0.25, 0.5, 0.75]",False,P50,,False,42,1,static,3,,default_group,UNISIM_IV_P16_Seq2Trend,UNISIM_IV,Seq2Trend,0.48055555555555557,0.48444444444444446,1.9300000000000002
UNISIM_IV_P16_Seq2Trend_trial_231,P16,d72c73a222ce0d6883d07b632e27aeab,231,6.060954017503725,0.6659804659905357,Seq2Trend,Normal,False,0.99,300,300,50,20,8,0.005,0.6,0.1,median,True,"[0.25, 0.5, 0.75]",False,P50,,False,42,1,static,3,,default_group,UNISIM_IV_P16_Seq2Trend,UNISIM_IV,Seq2Trend,0.48055555555555557,0.48444444444444446,1.9300000000000002
UNISIM_IV_P16_Seq2Trend_trial_222,P16,6088fd1fdc5ddb384625f5e397a63ecc,222,6.060954017503725,0.6659804659905357,Seq2Trend,Normal,False,0.99,300,300,50,20,8,0.005,0.6,0.1,median,True,"[0.25, 0.5, 0.75]",False,P50,,False,42,1,static,3,,default_group,UNISIM_IV_P16_Seq2Trend,UNISIM_IV,Seq2Trend,0.48055555555555557,0.48444444444444446,1.9300000000000002
UNISIM_IV_P16_Seq2Trend_trial_244,P16,6fcdf0efc1b17d3e4cf24d2e941fd1d4,244,6.060954017503725,0.6659804659905357,Seq2Trend,Normal,False,0.99,300,300,50,20,8,0.005,0.6,0.1,median,True,"[0.25, 0.5, 0.75]",False,P50,,False,42,1,static,3,,default_group,UNISIM_IV_P16_Seq2Trend,UNISIM_IV,Seq2Trend,0.48055555555555557,0.48444444444444446,1.9300000000000002
UNISIM_IV_P16_Seq2Trend_trial_162,P16,4e8f7b8a14025be2fef5afa0a061a792,162,6.060954017503725,0.6659804659905357,Seq2Trend,Normal,False,0.99,300,300,50,20,8,0.005,0.6,0.1,median,True,"[0.25, 0.5, 0.75]",False,P50,,False,42,1,static,3,,default_group,UNISIM_IV_P16_Seq2Trend,UNISIM_IV,Seq2Trend,0.48055555555555557,0.48444444444444446,1.9300000000000002
UNISIM_IV_P16_Seq2Trend_trial_229,P16,59fefe3602a88b97cb3139ed1fa8bf36,229,6.060954017503725,0.6659804659905357,Seq2Trend,Normal,False,0.99,300,300,50,20,8,0.005,0.6,0.1,median,True,"[0.25, 0.5, 0.75]",False,P50,,False,42,1,static,3,,default_group,UNISIM_IV_P16_Seq2Trend,UNISIM_IV,Seq2Trend,0.48055555555555557,0.48444444444444446,1.9300000000000002
UNISIM_IV_P16_Seq2Trend_trial_220,P16,8b16912d2a62ef5024a9deee95843051,220,6.060954017503725,0.6659804659905357,Seq2Trend,Normal,False,0.99,300,300,50,20,8,0.005,0.6,0.1,median,True,"[0.25, 0.5, 0.75]",False,P50,,False,42,1,static,3,,default_group,UNISIM_IV_P16_Seq2Trend,UNISIM_IV,Seq2Trend,0.48055555555555557,0.48444444444444446,1.9300000000000002
UNISIM_IV_P16_Seq2Trend_trial_219,P16,20a9e47814ac114350afba97ee9febc8,219,6.060954017503725,0.6659804659905357,Seq2Trend,Normal,False,0.99,300,300,50,20,8,0.005,0.6,0.1,median,True,"[0.25, 0.5, 0.75]",False,P50,,False,42,1,static,3,,default_group,UNISIM_IV_P16_Seq2Trend,UNISIM_IV,Seq2Trend,0.48055555555555557,0.48444444444444446,1.9300000000000002
UNISIM_IV_P16_Seq2Trend_trial_210,P16,9307f2a821f90720fb7a7530bf9853de,210,6.060954017503725,0.6659804659905357,Seq2Trend,Normal,False,0.99,300,300,50,20,8,0.005,0.6,0.1,median,True,"[0.25, 0.5, 0.75]",False,P50,,False,42,1,static,3,,default_group,UNISIM_IV_P16_Seq2Trend,UNISIM_IV,Seq2Trend,0.48055555555555557,0.48444444444444446,1.9300000000000002
UNISIM_IV_P16_Seq2Trend_trial_214,P16,cac77802bf75fc002f1a152b0ef38876,214,6.060954017503725,0.6659804659905357,Seq2Trend,Normal,False,0.99,300,300,50,20,8,0.005,0.6,0.1,median,True,"[0.25, 0.5, 0.75]",False,P50,,False,42,1,static,3,,default_group,UNISIM_IV_P16_Seq2Trend,UNISIM_IV,Seq2Trend,0.48055555555555557,0.48444444444444446,1.9300000000000002
UNISIM_IV_P16_Seq2Trend_trial_240,P16,e7e8699397039fe2e32131b2203351b2,240,6.060954017503725,0.6659804659905357,Seq2Trend,Normal,False,0.99,300,300,50,20,8,0.005,0.6,0.1,median,True,"[0.25, 0.5, 0.75]",False,P50,,False,42,1,static,3,,default_group,UNISIM_IV_P16_Seq2Trend,UNISIM_IV,Seq2Trend,0.48055555555555557,0.48444444444444446,1.9300000000000002
UNISIM_IV_P16_Seq2Trend_trial_180,P16,5ccb21bccee5723ab062466c17ad2a38,180,6.060954017503725,0.6659804659905357,Seq2Trend,Normal,False,0.99,300,300,50,20,8,0.005,0.6,0.1,median,True,"[0.25, 0.5, 0.75]",False,P50,,False,42,1,static,3,,default_group,UNISIM_IV_P16_Seq2Trend,UNISIM_IV,Seq2Trend,0.48055555555555557,0.48444444444444446,1.9300000000000002
UNISIM_IV_P16_Seq2Trend_trial_203,P16,8bfdc766f36e92cb4dd09a6a585006f2,203,6.060954017503725,0.6659804659905357,Seq2Trend,Normal,False,0.99,300,300,50,20,8,0.005,0.6,0.1,median,True,"[0.25, 0.5, 0.75]",False,P50,,False,42,1,static,3,,default_group,UNISIM_IV_P16_Seq2Trend,UNISIM_IV,Seq2Trend,0.48055555555555557,0.48444444444444446,1.9300000000000002
UNISIM_IV_P16_Seq2Trend_trial_227,P16,b4021c80c83842b956c0e2b9e7efb1e0,227,6.060954017503725,0.6659804659905357,Seq2Trend,Normal,False,0.99,300,300,50,20,8,0.005,0.6,0.1,median,True,"[0.25, 0.5, 0.75]",False,P50,,False,42,1,static,3,,default_group,UNISIM_IV_P16_Seq2Trend,UNISIM_IV,Seq2Trend,0.48055555555555557,0.48444444444444446,1.9300000000000002
UNISIM_IV_P16_Seq2Trend_trial_154,P16,5770ccab8a50d3ede6995bcbee6cd1e7,154,6.060954017503725,0.6659804659905357,Seq2Trend,Normal,False,0.99,300,300,50,20,8,0.005,0.6,0.1,median,True,"[0.25, 0.5, 0.75]",False,P50,,False,42,1,static,3,,default_group,UNISIM_IV_P16_Seq2Trend,UNISIM_IV,Seq2Trend,0.48055555555555557,0.48444444444444446,1.9300000000000002
UNISIM_IV_P16_Seq2Trend_trial_245,P16,3950a06b4b2f42e94f16ca1e839283b3,245,6.060954017503725,0.6659804659905357,Seq2Trend,Normal,False,0.99,300,300,50,20,8,0.005,0.6,0.1,median,True,"[0.25, 0.5, 0.75]",False,P50,,False,42,1,static,3,,default_group,UNISIM_IV_P16_Seq2Trend,UNISIM_IV,Seq2Trend,0.48055555555555557,0.48444444444444446,1.9300000000000002
UNISIM_IV_P16_Seq2Trend_trial_158,P16,efdb04b00649845982d42ade9d153f54,158,6.060954017503725,0.6659804659905357,Seq2Trend,Normal,False,0.99,300,300,50,20,8,0.005,0.6,0.1,median,True,"[0.25, 0.5, 0.75]",False,P50,,False,42,1,static,3,,default_group,UNISIM_IV_P16_Seq2Trend,UNISIM_IV,Seq2Trend,0.48055555555555557,0.48444444444444446,1.9300000000000002
UNISIM_IV_P16_Seq2Trend_trial_182,P16,28bf04c21db7d0d7d9617b38d2043efa,182,6.060954017503725,0.6659804659905357,Seq2Trend,Normal,False,0.99,300,300,50,20,8,0.005,0.6,0.1,median,True,"[0.25, 0.5, 0.75]",False,P50,,False,42,1,static,3,,default_group,UNISIM_IV_P16_Seq2Trend,UNISIM_IV,Seq2Trend,0.48055555555555557,0.48444444444444446,1.9300000000000002
UNISIM_IV_P16_Seq2Trend_trial_174,P16,cea56e3d37a250cd87b0574317ec8927,174,6.060954017503725,0.6659804659905357,Seq2Trend,Normal,False,0.99,300,300,50,20,8,0.005,0.6,0.1,median,True,"[0.25, 0.5, 0.75]",False,P50,,False,42,1,static,3,,default_group,UNISIM_IV_P16_Seq2Trend,UNISIM_IV,Seq2Trend,0.48055555555555557,0.48444444444444446,1.9300000000000002
UNISIM_IV_P16_Seq2Trend_trial_183,P16,1a5da1a59a3139df61fa83bfcec31fa3,183,6.060954017503725,0.6659804659905357,Seq2Trend,Normal,False,0.99,300,300,50,20,8,0.005,0.6,0.1,median,True,"[0.25, 0.5, 0.75]",False,P50,,False,42,1,static,3,,default_group,UNISIM_IV_P16_Seq2Trend,UNISIM_IV,Seq2Trend,0.48055555555555557,0.48444444444444446,1.9300000000000002
UNISIM_IV_P16_Seq2Trend_trial_228,P16,ab4148f206ab68e9b7fa265e645af15d,228,6.060954017503725,0.6659804659905357,Seq2Trend,Normal,False,0.99,300,300,50,20,8,0.005,0.6,0.1,median,True,"[0.25, 0.5, 0.75]",False,P50,,False,42,1,static,3,,default_group,UNISIM_IV_P16_Seq2Trend,UNISIM_IV,Seq2Trend,0.48055555555555557,0.48444444444444446,1.9300000000000002
UNISIM_IV_P16_Seq2Trend_trial_169,P16,51b7936d52a8c6419880f7744097a360,169,6.060954017503725,0.6659804659905357,Seq2Trend,Normal,False,0.99,300,300,50,20,8,0.005,0.6,0.1,median,True,"[0.25, 0.5, 0.75]",False,P50,,False,42,1,static,3,,default_group,UNISIM_IV_P16_Seq2Trend,UNISIM_IV,Seq2Trend,0.48055555555555557,0.48444444444444446,1.9300000000000002
UNISIM_IV_P16_Seq2Trend_trial_168,P16,786f181609f21ecfd44e694921a47981,168,6.060954017503725,0.6659804659905357,Seq2Trend,Normal,False,0.99,300,300,50,20,8,0.005,0.6,0.1,median,True,"[0.25, 0.5, 0.75]",False,P50,,False,42,1,static,3,,default_group,UNISIM_IV_P16_Seq2Trend,UNISIM_IV,Seq2Trend,0.48055555555555557,0.48444444444444446,1.9300000000000002
UNISIM_IV_P16_Seq2Trend_trial_202,P16,0d0490c09c3a19a434f9ad78295f8d15,202,6.060954017503725,0.6659804659905357,Seq2Trend,Normal,False,0.99,300,300,50,20,8,0.005,0.6,0.1,median,True,"[0.25, 0.5, 0.75]",False,P50,,False,42,1,static,3,,default_group,UNISIM_IV_P16_Seq2Trend,UNISIM_IV,Seq2Trend,0.48055555555555557,0.48444444444444446,1.9300000000000002
UNISIM_IV_P16_Seq2Trend_trial_198,P16,9429e8bbf1dcfb5f36172dddcb675009,198,6.060954017503725,0.6659804659905357,Seq2Trend,Normal,False,0.99,300,300,50,20,8,0.005,0.6,0.1,median,True,"[0.25, 0.5, 0.75]",False,P50,,False,42,1,static,3,,default_group,UNISIM_IV_P16_Seq2Trend,UNISIM_IV,Seq2Trend,0.48055555555555557,0.48444444444444446,1.9300000000000002
UNISIM_IV_P16_Seq2Trend_trial_239,P16,e82830fa5afb2ebf315e5a40f4171850,239,6.060954017503725,0.6659804659905357,Seq2Trend,Normal,False,0.99,300,300,50,20,8,0.005,0.6,0.1,median,True,"[0.25, 0.5, 0.75]",False,P50,,False,42,1,static,3,,default_group,UNISIM_IV_P16_Seq2Trend,UNISIM_IV,Seq2Trend,0.48055555555555557,0.48444444444444446,1.9300000000000002
UNISIM_IV_P16_Seq2Trend_trial_216,P16,782b7aa0d1cc09d794b068e0b194aa08,216,6.060954017503725,0.6659804659905357,Seq2Trend,Normal,False,0.99,300,300,50,20,8,0.005,0.6,0.1,median,True,"[0.25, 0.5, 0.75]",False,P50,,False,42,1,static,3,,default_group,UNISIM_IV_P16_Seq2Trend,UNISIM_IV,Seq2Trend,0.48055555555555557,0.48444444444444446,1.9300000000000002
UNISIM_IV_P16_Seq2Trend_trial_192,P16,7d3b5fe4a51d37051c7158c400477251,192,6.060954017503725,0.6659804659905357,Seq2Trend,Normal,False,0.99,300,300,50,20,8,0.005,0.6,0.1,median,True,"[0.25, 0.5, 0.75]",False,P50,,False,42,1,static,3,,default_group,UNISIM_IV_P16_Seq2Trend,UNISIM_IV,Seq2Trend,0.48055555555555557,0.48444444444444446,1.9300000000000002
